relative_path,label,class_name,denomination,extension,width,height,color_mode,sha256
data/fake/10/aug_1525_WhatsApp Image 2025-04-05 at 10.48.37 (1).jpeg,1,FAKE,10,.jpeg,200,385,RGB,e1af5f324eb933923296ca19d30ad5e44180c2a91a7c9d572494c3c7c2655562
data/fake/10/aug_1527_WhatsApp Image 2025-04-05 at 10.48.37 (1).jpeg,1,FAKE,10,.jpeg,200,385,RGB,500c31ec21426a661d7c061d453bff7f91281a9de4aa5b94de0c11d5a006615b
data/fake/10/aug_1528_WhatsApp Image 2025-04-05 at 10.48.37 (1).jpeg,1,FAKE,10,.jpeg,200,385,RGB,82f48c9cc978e4e1e5e41caf659682d2efb5e2b6b71026913634b776fe567553
data/fake/10/aug_1530_WhatsApp Image 2025-04-05 at 10.48.37 (1).jpeg,1,FAKE,10,.jpeg,100,100,RGB,0a8babb6132ac9d84d7d02c8de63fe60c4be52e1ed9b07c52a871112fa329c26
data/fake/10/aug_1533_WhatsApp Image 2025-04-05 at 10.48.37 (1).jpeg,1,FAKE,10,.jpeg,100,100,RGB,895c4b0b649b493cf1183017c11572beb7dd1482901fe1f4976e325a5c6f5d99
data/fake/10/aug_1535_WhatsApp Image 2025-04-05 at 10.48.37 (1).jpeg,1,FAKE,10,.jpeg,200,385,RGB,f0eebac9883e3dc93ef2619c3b4fedd9fbe2c354fcff11d50b21cb109ea86e7d
data/fake/10/aug_1536_WhatsApp Image 2025-04-05 at 10.48.37 (1).jpeg,1,FAKE,10,.jpeg,200,385,RGB,9aaacfcd1f35fb8b39f5835c602c83a4ddb3705d0473c8d9714d86086514a564
data/fake/10/aug_1537_WhatsApp Image 2025-04-05 at 10.48.37 (1).jpeg,1,FAKE,10,.jpeg,100,100,RGB,684cc702bf4aa6e95a739d006e81341644b09411ac1d031dad2747dde16d75a9
data/fake/10/aug_1538_WhatsApp Image 2025-04-05 at 10.48.37 (1).jpeg,1,FAKE,10,.jpeg,200,385,RGB,ca204793a3981230a727599ec8dd065f8ea158ce08cb2fe2c37e352bf9005bd2
data/fake/10/aug_1539_WhatsApp Image 2025-04-05 at 10.48.37 (1).jpeg,1,FAKE,10,.jpeg,100,100,RGB,3c873dcba9c81f6a6608b8a51db417e66c6073627774a463c85935a804dfdf2e
data/fake/10/aug_1542_WhatsApp Image 2025-04-05 at 10.48.37 (1).jpeg,1,FAKE,10,.jpeg,200,385,RGB,ef8a7244e32c5c7d598944e69a3d2e4e277c3db96b3b48718b73d261a9f20a1a
data/fake/10/aug_1544_WhatsApp Image 2025-04-05 at 10.48.37 (1).jpeg,1,FAKE,10,.jpeg,200,385,RGB,6fba1b6d1d9702e312ac9eaa5e24f50274049a988babf4cdc105275531ebfbeb
data/fake/10/aug_1545_WhatsApp Image 2025-04-05 at 10.48.37 (1).jpeg,1,FAKE,10,.jpeg,200,385,RGB,cc88037140837dbc1fb7fb056b950cab991be08171ac449c48eca28d331edcd7
data/fake/10/aug_1546_WhatsApp Image 2025-04-05 at 10.48.37 (1).jpeg,1,FAKE,10,.jpeg,100,100,RGB,1d216ad55cdd3d7bdd0c4e3ab6648adfd76f11793530c745d9fdaf8cd2e56bbd
data/fake/10/aug_1626_WhatsApp Image 2025-04-05 at 10.55.46.jpeg,1,FAKE,10,.jpeg,404,200,RGB,391c0cbcc05d950aa79e1a2e43b25980e89bdc277dbce7e68b396bfcd80eefdc
data/fake/10/aug_1627_WhatsApp Image 2025-04-05 at 10.55.46.jpeg,1,FAKE,10,.jpeg,100,100,RGB,17a386e18ce433d4299db1875d27a7ea29a0803c272d63af63a22b68b6f6e564
data/fake/10/aug_1629_WhatsApp Image 2025-04-05 at 10.55.46.jpeg,1,FAKE,10,.jpeg,404,200,RGB,79c2a778716549f0be3df3323e2a78a98520a0911702a4a84d1854751e32f88e
data/fake/10/aug_1630_WhatsApp Image 2025-04-05 at 10.55.46.jpeg,1,FAKE,10,.jpeg,404,200,RGB,895f014fb68ce923d73f0e45713e5bbeaf1186a71ff29818c6d37e244e793a52
data/fake/10/aug_1631_WhatsApp Image 2025-04-05 at 10.55.46.jpeg,1,FAKE,10,.jpeg,404,200,RGB,684f6d61978e5026fea485a87e919f923a28fb7729143de5f6024312ccdf884f
data/fake/10/aug_1632_WhatsApp Image 2025-04-05 at 10.55.46.jpeg,1,FAKE,10,.jpeg,404,200,RGB,777603d4fe60cae7ad45d5a301414537e2bf39ca45c822b44b062283d3c3bd18
data/fake/10/aug_1633_WhatsApp Image 2025-04-05 at 10.55.46.jpeg,1,FAKE,10,.jpeg,404,200,RGB,f1419d8602815b0faea5bc0068f6abd71904097b00f70dc67a24eeaf527c0c7c
data/fake/10/aug_1636_WhatsApp Image 2025-04-05 at 10.55.46.jpeg,1,FAKE,10,.jpeg,100,100,RGB,66eabdd7283ffe49bf1ad2de45d6035aedbc6415d70248304685587dec5d4cb2
data/fake/10/aug_1639_WhatsApp Image 2025-04-05 at 10.55.46.jpeg,1,FAKE,10,.jpeg,404,200,RGB,d5c861bdd9ad98aa2d4fe05e68fa9763f57d187a5972e0f9b31e1352e00d4af3
data/fake/10/aug_1640_WhatsApp Image 2025-04-05 at 10.55.46.jpeg,1,FAKE,10,.jpeg,100,100,RGB,3258f70db2f3e42b7e986b103d955cb3e3c92e82a283839366de77753d784b7c
data/fake/10/aug_1641_WhatsApp Image 2025-04-05 at 10.55.46.jpeg,1,FAKE,10,.jpeg,100,100,RGB,9539d4ad6a8cc1c8b8c19fb7bf84cbc2b7586dc14ba22a9c249631d926f57512
data/fake/10/aug_1643_WhatsApp Image 2025-04-05 at 10.55.46.jpeg,1,FAKE,10,.jpeg,404,200,RGB,8f052336922bde841f551a4cdaf48545dea8f615f1a150eb939bd01eafe2ca54
data/fake/10/aug_1644_WhatsApp Image 2025-04-05 at 10.55.46.jpeg,1,FAKE,10,.jpeg,404,200,RGB,cab2c45cd59ed65f1de1d18fd08bbaff57dc202270e7d17ceafa21f3f1ba1b0e
data/fake/10/aug_1645_WhatsApp Image 2025-04-05 at 10.55.46.jpeg,1,FAKE,10,.jpeg,100,100,RGB,aac564851535e973151ec61c952a6e31611ea289c3ccdf5e9c00e7110865cd11
data/fake/10/aug_1646_WhatsApp Image 2025-04-05 at 10.55.46.jpeg,1,FAKE,10,.jpeg,404,200,RGB,be68427203c4310db35fc9f7e79addb4097566203a2654b288013684006fc13c
data/fake/10/aug_1649_WhatsApp Image 2025-04-05 at 10.55.46.jpeg,1,FAKE,10,.jpeg,404,200,RGB,38f9cff364714288aad09db13fa9a7df26a82f2aaed804a9b11f8dbba100d901
data/fake/10/aug_1700_WhatsApp Image 2025-04-05 at 10.55.45 (1).jpeg,1,FAKE,10,.jpeg,200,386,RGB,32ce0dccb3c0bcc3d938df262653b7b1317f111431e5de0e529b8cd1e1194298
data/fake/10/aug_1702_WhatsApp Image 2025-04-05 at 10.55.45 (1).jpeg,1,FAKE,10,.jpeg,200,386,RGB,e912a6f709f6cbf681800b6a624cc8ab08742ac8960a39766bd8c6b3c7e508b4
data/fake/10/aug_1703_WhatsApp Image 2025-04-05 at 10.55.45 (1).jpeg,1,FAKE,10,.jpeg,100,100,RGB,4a263c93ed754953a8a82730746d44ec46e761add44e7d7875ce88a64b241078
data/fake/10/aug_1704_WhatsApp Image 2025-04-05 at 10.55.45 (1).jpeg,1,FAKE,10,.jpeg,200,386,RGB,ede6aeb998fb486425b7cebb3bd07c151291d25aa28c3070d68ea5e3324c1165
data/fake/10/aug_1707_WhatsApp Image 2025-04-05 at 10.55.45 (1).jpeg,1,FAKE,10,.jpeg,100,100,RGB,feb4e7e77c01e254bbf4fd4234596bd6c5a04077f690fdeaea6a38ca6f590e2f
data/fake/10/aug_1710_WhatsApp Image 2025-04-05 at 10.55.45 (1).jpeg,1,FAKE,10,.jpeg,100,100,RGB,ee43e75147538811891e703eec5927aaf76ad3194f25c9c488026b977f84738f
data/fake/10/aug_1711_WhatsApp Image 2025-04-05 at 10.55.45 (1).jpeg,1,FAKE,10,.jpeg,100,100,RGB,45f9f817317b5cb178b90b2d32eec3b04e055a00cef32ba8daa4235acc990a75
data/fake/10/aug_1712_WhatsApp Image 2025-04-05 at 10.55.45 (1).jpeg,1,FAKE,10,.jpeg,200,386,RGB,676473b6395311125df6ccaf57f24c84d7dc145b4957b98cec58c5bf42d38130
data/fake/10/aug_1713_WhatsApp Image 2025-04-05 at 10.55.45 (1).jpeg,1,FAKE,10,.jpeg,200,386,RGB,06de255d629925ff3abcec1f85022fd87b83311147d1b3dae43912acc9222155
data/fake/10/aug_1715_WhatsApp Image 2025-04-05 at 10.55.45 (1).jpeg,1,FAKE,10,.jpeg,200,386,RGB,165dd51df9aba86a903a15a43d54eea6dba63877d5c979cb917ef5791aab9880
data/fake/10/aug_1718_WhatsApp Image 2025-04-05 at 10.55.45 (1).jpeg,1,FAKE,10,.jpeg,200,386,RGB,d8ae6a9053dbfd4ae79f9e6ad81b725482ecfd31ccd4701f673715afa4e5ccbf
data/fake/10/aug_1720_WhatsApp Image 2025-04-05 at 10.55.45 (1).jpeg,1,FAKE,10,.jpeg,100,100,RGB,076467e3aa3eb69f758f920f037d32f90a68652d9f828bca96b81a248704f5be
data/fake/10/aug_1721_WhatsApp Image 2025-04-05 at 10.55.45 (1).jpeg,1,FAKE,10,.jpeg,100,100,RGB,8b0cf915a44b80f0e3b45ef2fca7effd4c62ee79cb6dd92e66beb38f61bf4992
data/fake/10/aug_1722_WhatsApp Image 2025-04-05 at 10.55.45 (1).jpeg,1,FAKE,10,.jpeg,100,100,RGB,204709de839306e7aa216ea3aa0fb6628de4a088f828272a2581850089da51dd
data/fake/10/aug_1775_WhatsApp Image 2025-04-05 at 10.48.46 (1).jpeg,1,FAKE,10,.jpeg,100,100,RGB,a37ec762783bc07e8a3e1cc613391d02c40db726b46ecdbc6c7fa71c9a6962ae
data/fake/10/aug_1777_WhatsApp Image 2025-04-05 at 10.48.46 (1).jpeg,1,FAKE,10,.jpeg,200,385,RGB,1e589c556b0f249bf5e7b81a8d0a2f8af4e5258a8cca8eb3686b17bc3730fda3
data/fake/10/aug_1779_WhatsApp Image 2025-04-05 at 10.48.46 (1).jpeg,1,FAKE,10,.jpeg,200,385,RGB,af683a0a972e0d274529dd06ec9c9160299373a76836179f97026cfe604b03a2
data/fake/10/aug_1780_WhatsApp Image 2025-04-05 at 10.48.46 (1).jpeg,1,FAKE,10,.jpeg,200,385,RGB,222cc4c0406e73d420a49ee06739c8581a883d931e1437920614df054b1905fb
data/fake/10/aug_1782_WhatsApp Image 2025-04-05 at 10.48.46 (1).jpeg,1,FAKE,10,.jpeg,100,100,RGB,1cbeeeca6c1326066c5fcd7bdd52287c994173b670eabc5847ebba587576e48f
data/fake/10/aug_1783_WhatsApp Image 2025-04-05 at 10.48.46 (1).jpeg,1,FAKE,10,.jpeg,100,100,RGB,af47444f0fb7b26c89e0282f3574c37ade6199905e1f578fdfc1c8b849f37b13
data/fake/10/aug_1784_WhatsApp Image 2025-04-05 at 10.48.46 (1).jpeg,1,FAKE,10,.jpeg,200,385,RGB,953bb58fd6f8b9c2a429f09c897f342287fc682a8f86806d88a7588c0ffa8007
data/fake/10/aug_1785_WhatsApp Image 2025-04-05 at 10.48.46 (1).jpeg,1,FAKE,10,.jpeg,100,100,RGB,df17dd1ff7f40cd17a552c620afd513ba60b5cf33b164aa5e806a42a89da650b
data/fake/10/aug_1786_WhatsApp Image 2025-04-05 at 10.48.46 (1).jpeg,1,FAKE,10,.jpeg,100,100,RGB,6e6eb20693bc5b72e45e9ef392e50da26b133ac17e8339b4f0b0f35158ea1967
data/fake/10/aug_1788_WhatsApp Image 2025-04-05 at 10.48.46 (1).jpeg,1,FAKE,10,.jpeg,200,385,RGB,9967911ada0f4d08f226015b02c6c4fa0af2f205fc8430387150ee2a80be76fa
data/fake/10/aug_1790_WhatsApp Image 2025-04-05 at 10.48.46 (1).jpeg,1,FAKE,10,.jpeg,100,100,RGB,abf5810c2cfb617b124a8114efa8e1df04688a176641fe3ad77275ab9ed985ce
data/fake/10/aug_1791_WhatsApp Image 2025-04-05 at 10.48.46 (1).jpeg,1,FAKE,10,.jpeg,200,385,RGB,76e6033645f93eb30c0c4a947d9081284a426d23c79aaef521682e907024d836
data/fake/10/aug_1792_WhatsApp Image 2025-04-05 at 10.48.46 (1).jpeg,1,FAKE,10,.jpeg,200,385,RGB,6a82b57616688ce73e1172f498b88149c2f4a9e1af7ccfff2da0f512e21694bb
data/fake/10/aug_1793_WhatsApp Image 2025-04-05 at 10.48.46 (1).jpeg,1,FAKE,10,.jpeg,100,100,RGB,8228e0a57fc502fa27f9c26eb76343f5863bfd6583bd5184d099f56d4cebd2a6
data/fake/10/aug_1794_WhatsApp Image 2025-04-05 at 10.48.46 (1).jpeg,1,FAKE,10,.jpeg,200,385,RGB,bc7eac5a1252cc3f4f64a885ba3c484ea93a309b51a74c431be5cd4a16e26609
data/fake/10/aug_1795_WhatsApp Image 2025-04-05 at 10.48.46 (1).jpeg,1,FAKE,10,.jpeg,100,100,RGB,e6ad81c01063599fa5fcb42418e957f76615b999bb47e37aa69b0f93b483381b
data/fake/10/aug_1796_WhatsApp Image 2025-04-05 at 10.48.46 (1).jpeg,1,FAKE,10,.jpeg,100,100,RGB,16f950bf0e50a0ad75ec3d08d760508abdd7a6ef45e52e2114058a1664b2bb6e
data/fake/10/aug_1797_WhatsApp Image 2025-04-05 at 10.48.46 (1).jpeg,1,FAKE,10,.jpeg,200,385,RGB,0bb240f066009a6880cb41cf8a492f8a5861aa6dac84d8a103378c9ce812e486
data/fake/10/aug_1798_WhatsApp Image 2025-04-05 at 10.48.46 (1).jpeg,1,FAKE,10,.jpeg,100,100,RGB,a9b6fa621899ab1041dc7768efc1c253a5a710f986e29b9db184fb782760f86c
data/fake/10/aug_1799_WhatsApp Image 2025-04-05 at 10.48.46 (1).jpeg,1,FAKE,10,.jpeg,200,385,RGB,fb91ee92cfd720a7f7a080a99514ea88cd5da5ff3c33af6261b3c7471dbed501
data/fake/10/aug_1900_WhatsApp Image 2025-04-05 at 10.55.47.jpeg,1,FAKE,10,.jpeg,100,100,RGB,4d1384b22a0c3066198c9da86a1dfdfdf910c576cf1664a564f750dd443ace1f
data/fake/10/aug_1902_WhatsApp Image 2025-04-05 at 10.55.47.jpeg,1,FAKE,10,.jpeg,100,100,RGB,bdc3e14e4f6d9485088b8c1b51ae6c29763d232168fa618d2534f69979b3c215
data/fake/10/aug_1903_WhatsApp Image 2025-04-05 at 10.55.47.jpeg,1,FAKE,10,.jpeg,422,200,RGB,7a082c03f68bd837a49ca5bd8498ce71499af0083cddf84df4313c64b769730f
data/fake/10/aug_1904_WhatsApp Image 2025-04-05 at 10.55.47.jpeg,1,FAKE,10,.jpeg,100,100,RGB,b3c70b5bce905f0ded4976de3ccea8db85dd99a420bd16bbe94a209f6cd48b09
data/fake/10/aug_1905_WhatsApp Image 2025-04-05 at 10.55.47.jpeg,1,FAKE,10,.jpeg,422,200,RGB,f64a11121a89d45ad2175260682a34fba4d71afb940e6821aaad5ad8486172c6
data/fake/10/aug_1906_WhatsApp Image 2025-04-05 at 10.55.47.jpeg,1,FAKE,10,.jpeg,100,100,RGB,70c063752a86881afb2b4f677bf6015620d60c8b95c195cceb88f3fb8def8303
data/fake/10/aug_1907_WhatsApp Image 2025-04-05 at 10.55.47.jpeg,1,FAKE,10,.jpeg,100,100,RGB,4057c83914fe75e9c64125c5deedcd29d76f68f6e8f7bc8771959475a3f76a7c
data/fake/10/aug_1909_WhatsApp Image 2025-04-05 at 10.55.47.jpeg,1,FAKE,10,.jpeg,100,100,RGB,215e6997de954e4b7db68713ccdb5d15d3f1a3973ab472994d887e0c604de69e
data/fake/10/aug_1910_WhatsApp Image 2025-04-05 at 10.55.47.jpeg,1,FAKE,10,.jpeg,422,200,RGB,16c87a5635514247be80faf71458d3fe11b238f96a74114a6024e4f48aab386f
data/fake/10/aug_1911_WhatsApp Image 2025-04-05 at 10.55.47.jpeg,1,FAKE,10,.jpeg,422,200,RGB,9291c4ce962b4f5ab41410e6670be4c833e72c666972e9c07ba2b576029f66c6
data/fake/10/aug_1912_WhatsApp Image 2025-04-05 at 10.55.47.jpeg,1,FAKE,10,.jpeg,422,200,RGB,733b9212c3fa323c59a85418e0f39bb5704919e06618d51dcdb8e26e141b02c4
data/fake/10/aug_1913_WhatsApp Image 2025-04-05 at 10.55.47.jpeg,1,FAKE,10,.jpeg,422,200,RGB,b859ddea8b00d85b8f52f6ee39e9f5bcd1bd2b5c2a3fc4508e8f6bc3084ca8a0
data/fake/10/aug_1914_WhatsApp Image 2025-04-05 at 10.55.47.jpeg,1,FAKE,10,.jpeg,100,100,RGB,b40b69bd11e703eefac34498065b3b2a69b7b7ed41b52a1aa4ab46cc5878f9ae
data/fake/10/aug_1915_WhatsApp Image 2025-04-05 at 10.55.47.jpeg,1,FAKE,10,.jpeg,422,200,RGB,c566d1d03b2c51c1e0ff54b9a48f1a1131a60603234c93085fb87dd4d8f33cfb
data/fake/10/aug_1918_WhatsApp Image 2025-04-05 at 10.55.47.jpeg,1,FAKE,10,.jpeg,100,100,RGB,18ae0554d0d9215198166ac04a1f3af6c115c57eb294cba4d2f29392e604e4f7
data/fake/10/aug_1919_WhatsApp Image 2025-04-05 at 10.55.47.jpeg,1,FAKE,10,.jpeg,100,100,RGB,b473f24d95e25c6f9bd70c6c6f42db28d77a480cc58444ba1f56d70450193ec5
data/fake/10/aug_1920_WhatsApp Image 2025-04-05 at 10.55.47.jpeg,1,FAKE,10,.jpeg,422,200,RGB,286df63c60eb3bc867e62025fd304a754da439f400cb26d66048310cc15a9337
data/fake/10/aug_1921_WhatsApp Image 2025-04-05 at 10.55.47.jpeg,1,FAKE,10,.jpeg,100,100,RGB,ac6b19a584de053d03076b214e6092b7e4beaf5f9259c3414912e4fe036839ff
data/fake/10/aug_1923_WhatsApp Image 2025-04-05 at 10.55.47.jpeg,1,FAKE,10,.jpeg,422,200,RGB,19a8882cf54695b084eaa6b021103bf03a9084a01dbad7ad309d41b607ddb7bf
data/fake/10/aug_1924_WhatsApp Image 2025-04-05 at 10.55.47.jpeg,1,FAKE,10,.jpeg,422,200,RGB,983c3d519f834a8534a3413e6e04872fa650087e2c9b157fd544ed083851dd14
data/fake/10/aug_352_WhatsApp Image 2025-04-05 at 10.48.47.jpeg,1,FAKE,10,.jpeg,200,387,RGB,08bb136fa59bbfc63dd7c49ebac457877b7d41ea9ae6ae66fbf6282848444066
data/fake/10/aug_353_WhatsApp Image 2025-04-05 at 10.48.47.jpeg,1,FAKE,10,.jpeg,100,100,RGB,03737fc1af258867440673f62d55b136d29051c3b45c1b1c2e533c73ffdfe22a
data/fake/10/aug_354_WhatsApp Image 2025-04-05 at 10.48.47.jpeg,1,FAKE,10,.jpeg,100,100,RGB,56eb6110d4af09c05b2ce145a2086a71b23ff868f87f845ef545c5a1648b79ba
data/fake/10/aug_356_WhatsApp Image 2025-04-05 at 10.48.47.jpeg,1,FAKE,10,.jpeg,200,387,RGB,2d71cb1407690d82d2c3cff7dd70cf77b8516b509f5b619eb32c6a2c619a98e8
data/fake/10/aug_357_WhatsApp Image 2025-04-05 at 10.48.47.jpeg,1,FAKE,10,.jpeg,200,387,RGB,28844cc8bc344c865c075b84f250c47183bcd4b70d77bfbba2793f916371bf9e
data/fake/10/aug_358_WhatsApp Image 2025-04-05 at 10.48.47.jpeg,1,FAKE,10,.jpeg,200,387,RGB,9d3769bf7ab3a2fcdd178f8cdb234b61e6fad0addf6bac8acaca8c5c111bbab9
data/fake/10/aug_359_WhatsApp Image 2025-04-05 at 10.48.47.jpeg,1,FAKE,10,.jpeg,100,100,RGB,3f6840bbbc7149d49de370ecfde080dbe0bd6de6c54fe976ae339d7098287764
data/fake/10/aug_360_WhatsApp Image 2025-04-05 at 10.48.47.jpeg,1,FAKE,10,.jpeg,100,100,RGB,96981e3bcbb6c765f5a4170c5c71ce7e0a6cd5d36d16bf1b7f2834de5c31a404
data/fake/10/aug_362_WhatsApp Image 2025-04-05 at 10.48.47.jpeg,1,FAKE,10,.jpeg,200,387,RGB,89376a2ef58d5729a378f805ce2589c9974c088cc281af706f274807bef3bf4e
data/fake/10/aug_364_WhatsApp Image 2025-04-05 at 10.48.47.jpeg,1,FAKE,10,.jpeg,200,387,RGB,19c3d07e43422fac0af3e9133c3d405445cf6a2a14e7dc08fa372263f5590fda
data/fake/10/aug_370_WhatsApp Image 2025-04-05 at 10.48.47.jpeg,1,FAKE,10,.jpeg,100,100,RGB,1dbd0c80fdf3234f8c01bb51b5629f1e0fedba4dc9d50aedf2fe87a73e2ca811
data/fake/10/aug_371_WhatsApp Image 2025-04-05 at 10.48.47.jpeg,1,FAKE,10,.jpeg,200,387,RGB,cde6cb87b60b25da5f49a4da9e9755cc1ab5bf79b19311d4b4d71259c810a9b9
data/fake/10/aug_372_WhatsApp Image 2025-04-05 at 10.48.47.jpeg,1,FAKE,10,.jpeg,200,387,RGB,1743ac228041ed0cca66252aa7b081d11511e65d63a7d85e44d16eb85fb17ba1
data/fake/10/aug_373_WhatsApp Image 2025-04-05 at 10.48.47.jpeg,1,FAKE,10,.jpeg,200,387,RGB,b9eeaf6444b527ddffa5b16a0f9e2b1b0ecc551b8e04fa12c342e551d4841a59
data/fake/10/aug_375_WhatsApp Image 2025-04-05 at 10.55.45.jpeg,1,FAKE,10,.jpeg,100,100,RGB,e5b928f72a17a6942377b936c00aeb319688b9d1ed38561f85ade08b9462b329
data/fake/10/aug_377_WhatsApp Image 2025-04-05 at 10.55.45.jpeg,1,FAKE,10,.jpeg,100,100,RGB,89426686acce499130bfb020063cae8a7fc55326f19df2e1703e95f060bbbc7f
data/fake/10/aug_379_WhatsApp Image 2025-04-05 at 10.55.45.jpeg,1,FAKE,10,.jpeg,100,100,RGB,32af86d8bc9969aec009d6812f264dd6bef9eba724e9e7166e1294788eeff36d
data/fake/10/aug_381_WhatsApp Image 2025-04-05 at 10.55.45.jpeg,1,FAKE,10,.jpeg,100,100,RGB,4a9eb73c7cd254be5200c0bd14b49541c04e5f2f25c43134da300cb4a633d67d
data/fake/10/aug_383_WhatsApp Image 2025-04-05 at 10.55.45.jpeg,1,FAKE,10,.jpeg,100,100,RGB,ae5a1e553e3f6bbf978daf57f8f16d242b001ad6719d9b5cae3879c3675c3fce
data/fake/10/aug_385_WhatsApp Image 2025-04-05 at 10.55.45.jpeg,1,FAKE,10,.jpeg,200,400,RGB,fc16095413cfe27e464613bb83e6a6644aff873bba71bff291b29047d53d6a36
data/fake/10/aug_386_WhatsApp Image 2025-04-05 at 10.55.45.jpeg,1,FAKE,10,.jpeg,200,400,RGB,0e25cc2803ab6ba9b0cd98196a5e0b3504f08925c3cb9de5c6e05bd1b82be5b2
data/fake/10/aug_387_WhatsApp Image 2025-04-05 at 10.55.45.jpeg,1,FAKE,10,.jpeg,100,100,RGB,6ca68364e0fc1cb0f23b7c8475a1e2d2fb93fedd22c65f1d81da64e8903c8668
data/fake/10/aug_388_WhatsApp Image 2025-04-05 at 10.55.45.jpeg,1,FAKE,10,.jpeg,100,100,RGB,e2349d779e4bbc1f3c54e07544dc12f499ad6103ee405f389dc0e0bb1188c488
data/fake/10/aug_389_WhatsApp Image 2025-04-05 at 10.55.45.jpeg,1,FAKE,10,.jpeg,100,100,RGB,946a116ef4333b71a85952e7b48afe439143b5e6fd1e17880b966bc39a689572
data/fake/10/aug_391_WhatsApp Image 2025-04-05 at 10.55.45.jpeg,1,FAKE,10,.jpeg,100,100,RGB,b6378c932e112b140c97afa08e1e3faf2324a347a0ccdb5491ab1d8cfe319331
data/fake/10/aug_392_WhatsApp Image 2025-04-05 at 10.55.45.jpeg,1,FAKE,10,.jpeg,100,100,RGB,c720fd79b27750820a3d47015701297a4b610c457fb69bb1cc6971cfc9d894e1
data/fake/10/aug_393_WhatsApp Image 2025-04-05 at 10.55.45.jpeg,1,FAKE,10,.jpeg,200,400,RGB,0c688a837300b639b41ec334294735ceba11e395c897f177a21836de47d8d20c
data/fake/10/aug_394_WhatsApp Image 2025-04-05 at 10.55.45.jpeg,1,FAKE,10,.jpeg,200,400,RGB,e73ded22352a3610d9d52c28de30d0d1d880519b9d9c9de32af1dc16f9f7cc49
data/fake/10/aug_395_WhatsApp Image 2025-04-05 at 10.55.45.jpeg,1,FAKE,10,.jpeg,200,400,RGB,3013738dc9732936ee552a1dfd4bc0dcb7823648420708c954a7bd3547620565
data/fake/10/aug_396_WhatsApp Image 2025-04-05 at 10.55.45.jpeg,1,FAKE,10,.jpeg,100,100,RGB,837a9e8c85301223763ca98a2e4c579f3be02fa64504dd94a598fa4185d744c9
data/fake/10/aug_397_WhatsApp Image 2025-04-05 at 10.55.45.jpeg,1,FAKE,10,.jpeg,100,100,RGB,b9e62db12bae2d48c0f7413c04eab7573555d6981bbee47f77b0b38d24273041
data/fake/10/aug_398_WhatsApp Image 2025-04-05 at 10.55.45.jpeg,1,FAKE,10,.jpeg,100,100,RGB,43c2aca9991e38267dd5601e98a57f5d692dc940b8dadbf271414f478c8199c7
data/fake/10/aug_451_WhatsApp Image 2025-04-05 at 10.48.40.jpeg,1,FAKE,10,.jpeg,100,100,RGB,9fd6cb1b2648a2bf3cbd96012de712ca37e48f8d73ed1832c852517a3f3fe9be
data/fake/10/aug_452_WhatsApp Image 2025-04-05 at 10.48.40.jpeg,1,FAKE,10,.jpeg,200,408,RGB,4fd25423842e05fa1a16f9626e8227c356cce9087ec1bd2f87684a3d77adf567
data/fake/10/aug_453_WhatsApp Image 2025-04-05 at 10.48.40.jpeg,1,FAKE,10,.jpeg,100,100,RGB,d8d3b27d02a89b0757ec98ea79f576ebf48af07f964170e62f08a90893593147
data/fake/10/aug_454_WhatsApp Image 2025-04-05 at 10.48.40.jpeg,1,FAKE,10,.jpeg,200,408,RGB,25cacb69b43776c23aa95d5a89307913833b309b53d7f48fa605a2f97dee4760
data/fake/10/aug_455_WhatsApp Image 2025-04-05 at 10.48.40.jpeg,1,FAKE,10,.jpeg,200,408,RGB,ae5c97743ba59ce7b91d3d4be96daa03926c4b78ee0e45a52472055d77df910c
data/fake/10/aug_456_WhatsApp Image 2025-04-05 at 10.48.40.jpeg,1,FAKE,10,.jpeg,200,408,RGB,6bc1a784760a3ed5990e6b833ad500766af01e682dc6ae78bee3580716c21ea1
data/fake/10/aug_457_WhatsApp Image 2025-04-05 at 10.48.40.jpeg,1,FAKE,10,.jpeg,100,100,RGB,c505706f40fb5a340719a673da4b64bd9ed64ca3ce9ac3f093b3ec7b4fde4292
data/fake/10/aug_458_WhatsApp Image 2025-04-05 at 10.48.40.jpeg,1,FAKE,10,.jpeg,200,408,RGB,9ffea4a8b8ce88ebda1c1f85539cc1df584a869195faa8a6f368f1a8fb3d66f3
data/fake/10/aug_461_WhatsApp Image 2025-04-05 at 10.48.40.jpeg,1,FAKE,10,.jpeg,100,100,RGB,e76ec112ef5a230610dd1c02910663849304c2cc567d2f8e292e38d958971ade
data/fake/10/aug_462_WhatsApp Image 2025-04-05 at 10.48.40.jpeg,1,FAKE,10,.jpeg,200,408,RGB,fcba52c0ddb72d5631abeaa07549121fa7593d13ce117428f61e023c3b0127ba
data/fake/10/aug_464_WhatsApp Image 2025-04-05 at 10.48.40.jpeg,1,FAKE,10,.jpeg,100,100,RGB,85e8fea667577d34335d833aad5881f6ed94f2ceef04ee5f5899beb62f66359d
data/fake/10/aug_465_WhatsApp Image 2025-04-05 at 10.48.40.jpeg,1,FAKE,10,.jpeg,200,408,RGB,51d5e001713692ff43b435852d38d55a41eb21cc188ecfae9da46ede4d4a932a
data/fake/10/aug_466_WhatsApp Image 2025-04-05 at 10.48.40.jpeg,1,FAKE,10,.jpeg,100,100,RGB,35d410535640802d0180f5f238814499d8aa041aa931a2c43b64079e5f6f83c7
data/fake/10/aug_467_WhatsApp Image 2025-04-05 at 10.48.40.jpeg,1,FAKE,10,.jpeg,100,100,RGB,1d01128760fb3dab463ee369d7bddf55ad0ef41f09cbfedaa1757aff4bd6b172
data/fake/10/aug_468_WhatsApp Image 2025-04-05 at 10.48.40.jpeg,1,FAKE,10,.jpeg,200,408,RGB,6a37e1388584641a98c59aac8893d277857932dbe31bb3f62d5a1d6c0350e36a
data/fake/10/aug_471_WhatsApp Image 2025-04-05 at 10.48.40.jpeg,1,FAKE,10,.jpeg,100,100,RGB,36fdbd05628437f45eb3303c563b56e76633b22fec87bdb107f4db90154f0001
data/fake/10/aug_472_WhatsApp Image 2025-04-05 at 10.48.40.jpeg,1,FAKE,10,.jpeg,100,100,RGB,a75c5e9b31e6d8c78a0d1f036bcd64e03aa23275e464e8a7455f04ebfa1ed847
data/fake/10/aug_473_WhatsApp Image 2025-04-05 at 10.48.40.jpeg,1,FAKE,10,.jpeg,200,408,RGB,543b598b999456ed991d35a78888f4bd80441146c2666b08bf08e0bb5d03036b
data/fake/10/aug_500_WhatsApp Image 2025-04-05 at 10.48.37.jpeg,1,FAKE,10,.jpeg,100,100,RGB,a5137d296301cfb1598200d55473dc803bafb7ead92c6b6fc4c4f5d1d3ee332e
data/fake/10/aug_504_WhatsApp Image 2025-04-05 at 10.48.37.jpeg,1,FAKE,10,.jpeg,100,100,RGB,e6bc78d4a069e14795ae525c65aa0127b841443c22ecafe0b3d2980052be9d92
data/fake/10/aug_505_WhatsApp Image 2025-04-05 at 10.48.37.jpeg,1,FAKE,10,.jpeg,414,200,RGB,fd175739132fa0f7fe6f5cbd5349a21f80c1556d6d06c86e04a531496732b172
data/fake/10/aug_507_WhatsApp Image 2025-04-05 at 10.48.37.jpeg,1,FAKE,10,.jpeg,414,200,RGB,f47316f378d578ebf69d2a483429d26670730726c94f26af0fa3902c3adf1072
data/fake/10/aug_508_WhatsApp Image 2025-04-05 at 10.48.37.jpeg,1,FAKE,10,.jpeg,414,200,RGB,6892007eee9b850423c8dcf6b13c077fe98a4ea926add4cf27c8883507121cf7
data/fake/10/aug_509_WhatsApp Image 2025-04-05 at 10.48.37.jpeg,1,FAKE,10,.jpeg,100,100,RGB,5b6f9096278619dc568739eb3ea185d6019a85f52d16d99aefc11d86cf47b21f
data/fake/10/aug_510_WhatsApp Image 2025-04-05 at 10.48.37.jpeg,1,FAKE,10,.jpeg,100,100,RGB,76bb62421522cac3ac62ddba91d055db2fb36eaf2d96d3bf72a21de8f75aee24
data/fake/10/aug_511_WhatsApp Image 2025-04-05 at 10.48.37.jpeg,1,FAKE,10,.jpeg,414,200,RGB,5be4b71332f801ee81ddfd65ef1b86af2484c077f000a5c6913ba2ab30092d7b
data/fake/10/aug_513_WhatsApp Image 2025-04-05 at 10.48.37.jpeg,1,FAKE,10,.jpeg,414,200,RGB,65dfe26ce2629cefb3aa3425a658d21c2d07d31bc51bc3673629f05dd0985974
data/fake/10/aug_514_WhatsApp Image 2025-04-05 at 10.48.37.jpeg,1,FAKE,10,.jpeg,100,100,RGB,332b0ef77fd39ed431e1a4b6a980ff76b79370ded5ef57b1ab82ce81df682c7d
data/fake/10/aug_516_WhatsApp Image 2025-04-05 at 10.48.37.jpeg,1,FAKE,10,.jpeg,100,100,RGB,5cbe1447e8b0b5411f48218882393cc3a37b534d50783096284b05f10c843a94
data/fake/10/aug_517_WhatsApp Image 2025-04-05 at 10.48.37.jpeg,1,FAKE,10,.jpeg,414,200,RGB,95fac5a145f425fe16a420a1ae2fdd9b3ed834ed385c1c3130189c23b6591cde
data/fake/10/aug_520_WhatsApp Image 2025-04-05 at 10.48.37.jpeg,1,FAKE,10,.jpeg,100,100,RGB,0afdbc90c6a0f6a6a3ce4884c516f333b54bd7c5535acc96fac361498cfb2efb
data/fake/10/aug_522_WhatsApp Image 2025-04-05 at 10.48.37.jpeg,1,FAKE,10,.jpeg,414,200,RGB,e65eeb543eb02e9e31420c2cf3bb44d1a236a505f870e7ffb5d4afa330e176f4
data/fake/10/aug_524_WhatsApp Image 2025-04-05 at 10.48.37.jpeg,1,FAKE,10,.jpeg,414,200,RGB,892eb5532329499694ca89d964b8cc14f67d0e78c805d74ec494204cb3bf34bd
data/fake/10/aug_576_WhatsApp Image 2025-04-05 at 10.55.46 (1).jpeg,1,FAKE,10,.jpeg,389,200,RGB,ecbd3809c994920581a5de2ca67efe8364683f71c31acdebe05e78d593fb1397
data/fake/10/aug_577_WhatsApp Image 2025-04-05 at 10.55.46 (1).jpeg,1,FAKE,10,.jpeg,100,100,RGB,0c635498af6108e7c34f11aeefe848aa28c6c7509c3bbeaf8cb847ae2204ed88
data/fake/10/aug_578_WhatsApp Image 2025-04-05 at 10.55.46 (1).jpeg,1,FAKE,10,.jpeg,100,100,RGB,2850ed6553f5120e5913a0c2394126ff979e98e55717fb3f728af7537e5ad7cb
data/fake/10/aug_581_WhatsApp Image 2025-04-05 at 10.55.46 (1).jpeg,1,FAKE,10,.jpeg,389,200,RGB,304a8e1dee389d00c8aa8cddb6f27c2aaf99a1df617a3b78140b5b3d4051d96e
data/fake/10/aug_582_WhatsApp Image 2025-04-05 at 10.55.46 (1).jpeg,1,FAKE,10,.jpeg,389,200,RGB,f049121cfca2c6e31416ee6f83e2f12701535207aa98312021772536bdedbfb4
data/fake/10/aug_583_WhatsApp Image 2025-04-05 at 10.55.46 (1).jpeg,1,FAKE,10,.jpeg,100,100,RGB,65252e810e5bc9405740489ec9c664ebaf1c4ef8c4635ad4f3f233bf50621892
data/fake/10/aug_585_WhatsApp Image 2025-04-05 at 10.55.46 (1).jpeg,1,FAKE,10,.jpeg,389,200,RGB,4492978b2ddbd28732a5bf7b86bf4e6a8b40a4898916ebc5ce07e3b5ddc3a107
data/fake/10/aug_587_WhatsApp Image 2025-04-05 at 10.55.46 (1).jpeg,1,FAKE,10,.jpeg,100,100,RGB,d83862ad1a6a973f456133d944d325a83c8654d06370e26a6dcd5e337ec9b3b7
data/fake/10/aug_588_WhatsApp Image 2025-04-05 at 10.55.46 (1).jpeg,1,FAKE,10,.jpeg,100,100,RGB,1b33dd9a707a585f6a3efdb3bc50a0c513ff1fa79b9b94941772f3bcb3bf783c
data/fake/10/aug_589_WhatsApp Image 2025-04-05 at 10.55.46 (1).jpeg,1,FAKE,10,.jpeg,100,100,RGB,74dc571be33d89d101ba6453c5f1b043d5c331b8c2303f79fc052b0e743d0966
data/fake/10/aug_590_WhatsApp Image 2025-04-05 at 10.55.46 (1).jpeg,1,FAKE,10,.jpeg,100,100,RGB,7460ba34c16453c940a652ae8bd9219389ca10a223f080c2b456168f8f87ce9c
data/fake/10/aug_592_WhatsApp Image 2025-04-05 at 10.55.46 (1).jpeg,1,FAKE,10,.jpeg,100,100,RGB,10e7eb871551a86f1b9ac841404a6e344018fedcef32c19e4f338d1a240f0a88
data/fake/10/aug_593_WhatsApp Image 2025-04-05 at 10.55.46 (1).jpeg,1,FAKE,10,.jpeg,100,100,RGB,9c390310637c187eda4c93328686e791df35d75cb6d1961880f30d5600f91d3a
data/fake/10/aug_594_WhatsApp Image 2025-04-05 at 10.55.46 (1).jpeg,1,FAKE,10,.jpeg,100,100,RGB,8ee89e570fb83f7e9f9c700923ee69d19424c6c91e33b12856cd509e9408b579
data/fake/10/aug_595_WhatsApp Image 2025-04-05 at 10.55.46 (1).jpeg,1,FAKE,10,.jpeg,100,100,RGB,59f8939e2b32087ae6d17ba55279639383384eb4a1827c49910d03a62d56d3c0
data/fake/10/aug_596_WhatsApp Image 2025-04-05 at 10.55.46 (1).jpeg,1,FAKE,10,.jpeg,100,100,RGB,4aebf85a32b03a5232521c9bf9a37d1655545ca8348662ad9c3552045bce84b1
data/fake/10/aug_598_WhatsApp Image 2025-04-05 at 10.55.46 (1).jpeg,1,FAKE,10,.jpeg,389,200,RGB,13dbe1d98869bad59e3ef29dadc6c472f8b826e713a0012c24c0b3fa610ec84a
data/fake/10/aug_599_WhatsApp Image 2025-04-05 at 10.55.46 (1).jpeg,1,FAKE,10,.jpeg,389,200,RGB,8f6b16d2ea183850e5c01ab3d5078b70dbd70be589fd3c4d4bf6dda044b610d3
data/fake/10/aug_601_WhatsApp Image 2025-04-05 at 10.55.47 (1).jpeg,1,FAKE,10,.jpeg,100,100,RGB,50e1f93389e514578490f03ea8b6f3784b86d989692ea6d53cbf86d6cdcadd77
data/fake/10/aug_604_WhatsApp Image 2025-04-05 at 10.55.47 (1).jpeg,1,FAKE,10,.jpeg,393,200,RGB,9795667e2951683efb2e0cd2c3bcd7670c0d298654ee31ceecebb02736722cf0
data/fake/10/aug_605_WhatsApp Image 2025-04-05 at 10.55.47 (1).jpeg,1,FAKE,10,.jpeg,393,200,RGB,d9aed86f0242a35a19c7e72973c391eb79aa74d63e6da1042457f66aade2c7b5
data/fake/10/aug_606_WhatsApp Image 2025-04-05 at 10.55.47 (1).jpeg,1,FAKE,10,.jpeg,100,100,RGB,0295ff5346427c82ca3da683a7a9be54fae7f3790d505d73ef110fbdc88d97df
data/fake/10/aug_607_WhatsApp Image 2025-04-05 at 10.55.47 (1).jpeg,1,FAKE,10,.jpeg,100,100,RGB,35c89e4941fbf107ae6771d69266643699f07834286749e5729813dbfbd2f335
data/fake/10/aug_610_WhatsApp Image 2025-04-05 at 10.55.47 (1).jpeg,1,FAKE,10,.jpeg,100,100,RGB,7398b2c58e267c1d77199c5911e2a51a30f6ffc1cfccbc7732c164985050177f
data/fake/10/aug_611_WhatsApp Image 2025-04-05 at 10.55.47 (1).jpeg,1,FAKE,10,.jpeg,100,100,RGB,426a822a460503a1e838075ae6ba2e5288caf3e6d596d52bb3729a9b732f1e45
data/fake/10/aug_612_WhatsApp Image 2025-04-05 at 10.55.47 (1).jpeg,1,FAKE,10,.jpeg,100,100,RGB,1f70d54978574fae7e4fe667a67ff6ffe28dfc62cdaa2e71567c4792763d34ac
data/fake/10/aug_615_WhatsApp Image 2025-04-05 at 10.55.47 (1).jpeg,1,FAKE,10,.jpeg,393,200,RGB,58f824f784f14eaa936b7f8eda65f5540025d635fac4c5af823f31b8859a26ea
data/fake/10/aug_616_WhatsApp Image 2025-04-05 at 10.55.47 (1).jpeg,1,FAKE,10,.jpeg,393,200,RGB,58481be0e53ddefc81a1fb3383634ef5d454f7c47e1fff99467338cc057ac1b4
data/fake/10/aug_617_WhatsApp Image 2025-04-05 at 10.55.47 (1).jpeg,1,FAKE,10,.jpeg,393,200,RGB,eaa2b54629131f0afb68281f1d80cc6752d34c495d3b996061584371cc7aaf24
data/fake/10/aug_618_WhatsApp Image 2025-04-05 at 10.55.47 (1).jpeg,1,FAKE,10,.jpeg,100,100,RGB,ed77f8e1826f30a258c2c5da149b7e22cfe3808a1e6407b55a5ddc339fa28e08
data/fake/10/aug_619_WhatsApp Image 2025-04-05 at 10.55.47 (1).jpeg,1,FAKE,10,.jpeg,100,100,RGB,07948890ac5db775a71a7b32e115306403dc64d07ef1f295de7e92ebf9086c4c
data/fake/10/aug_620_WhatsApp Image 2025-04-05 at 10.55.47 (1).jpeg,1,FAKE,10,.jpeg,100,100,RGB,61052704b83f8df4be23cc07fa3d34cdc8d22c2223376c8699944b4caa4b8b06
data/fake/10/aug_624_WhatsApp Image 2025-04-05 at 10.55.47 (1).jpeg,1,FAKE,10,.jpeg,393,200,RGB,4fd531a2b2f29ee2c4784e5929eba8d8ea4f72b294992b9ab335d7d2dc77bb9b
data/fake/10/aug_901_WhatsApp Image 2025-04-05 at 10.48.41.jpeg,1,FAKE,10,.jpeg,100,100,RGB,98c4d7f7b66923c237a0d2260a64e8faa4f6bde71e69b500636f5bad4fa8ba20
data/fake/10/aug_902_WhatsApp Image 2025-04-05 at 10.48.41.jpeg,1,FAKE,10,.jpeg,200,419,RGB,1a806151d117ab5a410763bfcd8fae3685b09c909c386ddca16372617a174825
data/fake/10/aug_903_WhatsApp Image 2025-04-05 at 10.48.41.jpeg,1,FAKE,10,.jpeg,200,419,RGB,efe47e578046ded6dcde11dbffdbb5637fbcbc0b53cd5ef9df4e8af928d65045
data/fake/10/aug_904_WhatsApp Image 2025-04-05 at 10.48.41.jpeg,1,FAKE,10,.jpeg,200,419,RGB,aa2f467a5bac8a5f12a140c485eeb4de78f18f8f76ed0daca6271f71fda21774
data/fake/10/aug_905_WhatsApp Image 2025-04-05 at 10.48.41.jpeg,1,FAKE,10,.jpeg,200,419,RGB,749918ea66d0c0db91be4c7e55f3c6e6ef9828baae00e96f679aa97f77a5815e
data/fake/10/aug_906_WhatsApp Image 2025-04-05 at 10.48.41.jpeg,1,FAKE,10,.jpeg,200,419,RGB,a0e790b0715df2bc51d3d345ca29531094b67dfe53f2c24d4b56e797cf6bfa12
data/fake/10/aug_907_WhatsApp Image 2025-04-05 at 10.48.41.jpeg,1,FAKE,10,.jpeg,200,419,RGB,dbedf29a05643335a79e2c2ea091157920c730ec9275464047d3104b72b55b3c
data/fake/10/aug_909_WhatsApp Image 2025-04-05 at 10.48.41.jpeg,1,FAKE,10,.jpeg,100,100,RGB,a17aa5d5fa8d811ca11253f13164a98f027b2307b3c99e3ba8c7be13961c9e78
data/fake/10/aug_910_WhatsApp Image 2025-04-05 at 10.48.41.jpeg,1,FAKE,10,.jpeg,200,419,RGB,4e7f0e1c7f1a255673d2e3b7e20e5c2b8f3fa9e722a78be4ef39ddf1ef0cd27e
data/fake/10/aug_911_WhatsApp Image 2025-04-05 at 10.48.41.jpeg,1,FAKE,10,.jpeg,200,419,RGB,b02150f3ac4162b5ece0bd2a940486b19d6645c8989290414d07843ae9998029
data/fake/10/aug_912_WhatsApp Image 2025-04-05 at 10.48.41.jpeg,1,FAKE,10,.jpeg,100,100,RGB,06fc5b257ebb87416a1cfda14edf8b14b3c0f8e2da51a4f51f6eeaa09a2c1fb6
data/fake/10/aug_913_WhatsApp Image 2025-04-05 at 10.48.41.jpeg,1,FAKE,10,.jpeg,100,100,RGB,b236652ff2871db948d8a7d9f4adebb65fdd20d01efae7600320cf9ec66eddee
data/fake/10/aug_914_WhatsApp Image 2025-04-05 at 10.48.41.jpeg,1,FAKE,10,.jpeg,200,419,RGB,c4becdf19152c514704b34918b8ead64274bf69505b05f5a01bbb9d2934ac705
data/fake/10/aug_916_WhatsApp Image 2025-04-05 at 10.48.41.jpeg,1,FAKE,10,.jpeg,200,419,RGB,ec8a76f1d3ab6a03f1f2ff3d8f1c0fc8f08aea0c67207664693fd6379ff6fb7b
data/fake/10/aug_917_WhatsApp Image 2025-04-05 at 10.48.41.jpeg,1,FAKE,10,.jpeg,200,419,RGB,cfe82534f2d32e97c8aa3dd0e18e3f4836459ec106909d882ea62a79a27ba8dc
data/fake/10/aug_919_WhatsApp Image 2025-04-05 at 10.48.41.jpeg,1,FAKE,10,.jpeg,100,100,RGB,9acc72ebf35bde974ddf01bac7fa9b3f931c6ff1c0c340e7c692a723166e91df
data/fake/10/aug_921_WhatsApp Image 2025-04-05 at 10.48.41.jpeg,1,FAKE,10,.jpeg,200,419,RGB,39a410c53076d79b6383b2fd359e1d11bf116538e8730d3c96948601de6f51ef
data/fake/10/aug_923_WhatsApp Image 2025-04-05 at 10.48.41.jpeg,1,FAKE,10,.jpeg,200,419,RGB,d0a4576f43a05bdbce7508c7767b1e8bcdeef07c5b13fb801dcae4e12dd39237
data/fake/10/aug_924_WhatsApp Image 2025-04-05 at 10.48.41.jpeg,1,FAKE,10,.jpeg,200,419,RGB,e33061fe4ac271e36dd966feea37d013a1089a4cec5faf2bc1f1beb1d3f4d704
data/fake/100/Screenshot 2025-04-05 at 11.24.06ÔÇ»AM.png,1,FAKE,100,.png,506,678,RGBA,671730899fb6445338db33015858493a181d99404d6d47ee1727a5e1e3499fce
data/fake/100/Screenshot 2025-04-05 at 11.24.48ÔÇ»AM.png,1,FAKE,100,.png,1048,594,RGBA,4b6f91bfcd036823999f94847002c0a83f52b9afc626ae4ce376a8b183b24ad8
data/fake/100/Screenshot 2025-04-05 at 11.24.51ÔÇ»AM.png,1,FAKE,100,.png,756,228,RGBA,8655d4b4b64de3cd1e093a5d7ae4cbd27d5a028f660b9591530df75ecf231e38
data/fake/100/aug_1049_WhatsApp Image 2025-04-05 at 10.59.14.jpeg,1,FAKE,100,.jpeg,100,100,RGB,7b8ecdb4c6061c71673b263577586fc51b50b77f4c1bda87557d477c127eb1c3
data/fake/100/aug_1075_WhatsApp Image 2025-04-05 at 10.48.39.jpeg,1,FAKE,100,.jpeg,375,200,RGB,055a90c9bc55527c18b0cdc3c320381086afc19712b84d77d5d4a1edd7410a4d
data/fake/100/aug_1076_WhatsApp Image 2025-04-05 at 10.48.39.jpeg,1,FAKE,100,.jpeg,375,200,RGB,8ca877d72d9dd2bd058aa28b4947a9fe25a6bc64a703d408d47784d264804c33
data/fake/100/aug_1077_WhatsApp Image 2025-04-05 at 10.48.39.jpeg,1,FAKE,100,.jpeg,100,100,RGB,b4bfef59b2689669303c0f84985fbb25e4097f215577ec66562205829473121c
data/fake/100/aug_1078_WhatsApp Image 2025-04-05 at 10.48.39.jpeg,1,FAKE,100,.jpeg,375,200,RGB,bf644fe372a3a7607c529161f7befe9fd628879c0fe18602b0b69898ab75f10c
data/fake/100/aug_1079_WhatsApp Image 2025-04-05 at 10.48.39.jpeg,1,FAKE,100,.jpeg,375,200,RGB,8a22568ae4ffad15388d75262bf80847f308f66de84af026d730b53be804914e
data/fake/100/aug_1080_WhatsApp Image 2025-04-05 at 10.48.39.jpeg,1,FAKE,100,.jpeg,100,100,RGB,9a925f0352c998d24462afe4fe7ee423125dea54641f5937b06ec355de7aad78
data/fake/100/aug_1081_WhatsApp Image 2025-04-05 at 10.48.39.jpeg,1,FAKE,100,.jpeg,100,100,RGB,efa49bbd94a3cc6a81c2b47b166c2e38719c17ec8463894f07efb7300546d57d
data/fake/100/aug_1083_WhatsApp Image 2025-04-05 at 10.48.39.jpeg,1,FAKE,100,.jpeg,375,200,RGB,484a2c7a9f115756bd2756d9cf2a667e7f7360660c49c1dc17b888420c465ace
data/fake/100/aug_1084_WhatsApp Image 2025-04-05 at 10.48.39.jpeg,1,FAKE,100,.jpeg,100,100,RGB,854a22f080d6babc93d80e18c0650ffae8a3036cf4477c3c3383778bd0e3540e
data/fake/100/aug_1086_WhatsApp Image 2025-04-05 at 10.48.39.jpeg,1,FAKE,100,.jpeg,375,200,RGB,316e081461406c403a67320af9f82fd1c83418dc3c03e0d2602777021a1b024d
data/fake/100/aug_1087_WhatsApp Image 2025-04-05 at 10.48.39.jpeg,1,FAKE,100,.jpeg,100,100,RGB,5036915361a20baa2b494b71b50b673ec4b10181c0f9f979983d73eb447f0f93
data/fake/100/aug_1088_WhatsApp Image 2025-04-05 at 10.48.39.jpeg,1,FAKE,100,.jpeg,100,100,RGB,fd43b0b0937446a3e77aeb4d6e9cd6970f29b72cb0206ba7371ff6350e293cff
data/fake/100/aug_1089_WhatsApp Image 2025-04-05 at 10.48.39.jpeg,1,FAKE,100,.jpeg,375,200,RGB,0a7516c8816b3f0d4435d524137cb71b6fca382dbecbbf29ffdbccd05e31f341
data/fake/100/aug_1090_WhatsApp Image 2025-04-05 at 10.48.39.jpeg,1,FAKE,100,.jpeg,100,100,RGB,63b4e587c7d12d0600b77974209cffe58e1ec2c0c1c976f9be3a6bf9c7b2b45c
data/fake/100/aug_1091_WhatsApp Image 2025-04-05 at 10.48.39.jpeg,1,FAKE,100,.jpeg,100,100,RGB,1d82a35e5b1172c1210fce81e136ba19dfacf8c4c1d227e09771025a7ea15924
data/fake/100/aug_1092_WhatsApp Image 2025-04-05 at 10.48.39.jpeg,1,FAKE,100,.jpeg,100,100,RGB,2f8c4455ccbc9869797eea68d79795ca9a9c3f65afb410537fc96d87805ad87e
data/fake/100/aug_1094_WhatsApp Image 2025-04-05 at 10.48.39.jpeg,1,FAKE,100,.jpeg,375,200,RGB,df1913d255590a322179ae05ab00e802d7f1fd9c002d13ed7cb69ad1b6156f6d
data/fake/100/aug_1095_WhatsApp Image 2025-04-05 at 10.48.39.jpeg,1,FAKE,100,.jpeg,375,200,RGB,ea3f23864ab0ae2d3d048f42c6b11e73fc299b98bdcd92586e89f588a4f88402
data/fake/100/aug_1097_WhatsApp Image 2025-04-05 at 10.48.39.jpeg,1,FAKE,100,.jpeg,375,200,RGB,ce89bae902007d456d8b3baa34b06716d6e30d7e919fa6e223323207085867ff
data/fake/100/aug_1098_WhatsApp Image 2025-04-05 at 10.48.39.jpeg,1,FAKE,100,.jpeg,375,200,RGB,0519567c39b5eb5a8a7892acc74dd67daa2e215faf58fb6be461509c5519dd30
data/fake/100/aug_1099_WhatsApp Image 2025-04-05 at 10.48.39.jpeg,1,FAKE,100,.jpeg,100,100,RGB,4b901f88e33bd48499cd686b522d68365e1456934a29cd8b5300cb861686f719
data/fake/100/aug_1100_WhatsApp Image 2025-04-05 at 10.55.40.jpeg,1,FAKE,100,.jpeg,200,392,RGB,322eda54a9ed10671bacdbb16e021b22a644b04eeb18c9d3085eff0e60138e85
data/fake/100/aug_1101_WhatsApp Image 2025-04-05 at 10.55.40.jpeg,1,FAKE,100,.jpeg,200,392,RGB,d3fe55090e748d60313f4cfae0a64359fd6247343405e9ffc2ade9e00c6e71c2
data/fake/100/aug_1102_WhatsApp Image 2025-04-05 at 10.55.40.jpeg,1,FAKE,100,.jpeg,200,392,RGB,e5f93258176825c4ce2fa9077e8efff9a132d17788cdbb55974e2c023b6c1993
data/fake/100/aug_1103_WhatsApp Image 2025-04-05 at 10.55.40.jpeg,1,FAKE,100,.jpeg,200,392,RGB,6a8cdd25250e1fc35cb74ee61f1fb4345d6526386da265ad13efba7a6e1772b2
data/fake/100/aug_1104_WhatsApp Image 2025-04-05 at 10.55.40.jpeg,1,FAKE,100,.jpeg,100,100,RGB,5b52243b24c26536a34b8a3ced5557ad85b94d925337be32fdeddd0a24956997
data/fake/100/aug_1105_WhatsApp Image 2025-04-05 at 10.55.40.jpeg,1,FAKE,100,.jpeg,200,392,RGB,e593325af6f74bddfc7eb355872edf1aa338606f07aacd64e5928f4fd090880e
data/fake/100/aug_1107_WhatsApp Image 2025-04-05 at 10.55.40.jpeg,1,FAKE,100,.jpeg,200,392,RGB,75b86dab94827644d31f4d02fa80896085d9504a7e2db10a39208c3217824062
data/fake/100/aug_1108_WhatsApp Image 2025-04-05 at 10.55.40.jpeg,1,FAKE,100,.jpeg,100,100,RGB,a7c1e4e8c805889c258f3fd48021cb60ef5a69e52f58dc17e0a591490a1d65a2
data/fake/100/aug_1109_WhatsApp Image 2025-04-05 at 10.55.40.jpeg,1,FAKE,100,.jpeg,100,100,RGB,3934cc3aa6912f3ff2e4de999f0d597114d83711984c7715f4061e045646eb47
data/fake/100/aug_1111_WhatsApp Image 2025-04-05 at 10.55.40.jpeg,1,FAKE,100,.jpeg,200,392,RGB,b59c271e516029611f82698f58f4592b9b56f40e4255c61ff13f403ab5ac7c0a
data/fake/100/aug_1114_WhatsApp Image 2025-04-05 at 10.55.40.jpeg,1,FAKE,100,.jpeg,100,100,RGB,181dd3203e3510ccc2c23fb8294f9a8be3fceb9d99b7d81d4f80d9909ec2a8bf
data/fake/100/aug_1115_WhatsApp Image 2025-04-05 at 10.55.40.jpeg,1,FAKE,100,.jpeg,200,392,RGB,5d9a012a96ea07cced4a8d2ec528b26e0fbdf7e9417a0a5b1ed0384a0d3bd539
data/fake/100/aug_1116_WhatsApp Image 2025-04-05 at 10.55.40.jpeg,1,FAKE,100,.jpeg,200,392,RGB,1986c24ea0bc92f09c7af56c0507ac91f9723b83edf1cda5ccecc319f6d2b7e5
data/fake/100/aug_1117_WhatsApp Image 2025-04-05 at 10.55.40.jpeg,1,FAKE,100,.jpeg,100,100,RGB,b0e6644823981d4aaab14f51ee16846aad603d8ae1489c322dc7ca5f8f5574a1
data/fake/100/aug_1118_WhatsApp Image 2025-04-05 at 10.55.40.jpeg,1,FAKE,100,.jpeg,200,392,RGB,09eef7643ed5f98b3029efeb174147aacfd04896a7adedbc6eec1f2b035b91d2
data/fake/100/aug_1119_WhatsApp Image 2025-04-05 at 10.55.40.jpeg,1,FAKE,100,.jpeg,100,100,RGB,8b707216caeedbdd3dd923d28c889c94e47303bb584096bf8e132f7e4db3a661
data/fake/100/aug_1122_WhatsApp Image 2025-04-05 at 10.55.40.jpeg,1,FAKE,100,.jpeg,200,392,RGB,573ed8dc93c30c4227b94b4a3bff1f1f8ae95d9b32cfc932f2f4f3e68843f184
data/fake/100/aug_1124_WhatsApp Image 2025-04-05 at 10.55.40.jpeg,1,FAKE,100,.jpeg,200,392,RGB,d3fe55090e748d60313f4cfae0a64359fd6247343405e9ffc2ade9e00c6e71c2
data/fake/100/aug_1175_WhatsApp Image 2025-04-05 at 10.59.19.jpeg,1,FAKE,100,.jpeg,200,421,RGB,78bdd45356568c54e96675440765866d7ed3b36333eda5e2756701c0e6644acf
data/fake/100/aug_1177_WhatsApp Image 2025-04-05 at 10.59.19.jpeg,1,FAKE,100,.jpeg,100,100,RGB,d7c776610582975b183bb39ca92110d879798c2ecaff8c48b967c4e472562886
data/fake/100/aug_1178_WhatsApp Image 2025-04-05 at 10.59.19.jpeg,1,FAKE,100,.jpeg,200,421,RGB,b1f1fa11196d615ce671149ff5ef1b87703fbb77d43ec44ede37201e936c8151
data/fake/100/aug_1180_WhatsApp Image 2025-04-05 at 10.59.19.jpeg,1,FAKE,100,.jpeg,100,100,RGB,463c4cf928382d852fa72855d8afa173de8f437031908d9250c38db7bff38620
data/fake/100/aug_1185_WhatsApp Image 2025-04-05 at 10.59.19.jpeg,1,FAKE,100,.jpeg,200,421,RGB,c3b580fa8a738ecf1aed3519b3da7de961bdf156aff1a0035b1c6a2add8751f2
data/fake/100/aug_1186_WhatsApp Image 2025-04-05 at 10.59.19.jpeg,1,FAKE,100,.jpeg,200,421,RGB,18009e246e112a929b702beae599b6d910f1483408bc0abb9a9ffdb4c7c606f2
data/fake/100/aug_1187_WhatsApp Image 2025-04-05 at 10.59.19.jpeg,1,FAKE,100,.jpeg,200,421,RGB,04c80532a13659417a1de64fc66ba09d85bcb2eaf2e97904587c0ffbb86bff91
data/fake/100/aug_1188_WhatsApp Image 2025-04-05 at 10.59.19.jpeg,1,FAKE,100,.jpeg,100,100,RGB,9095bf37e272be84b969a69ae6f973c6d82f84e29173b4ad2ac14f2c177391a4
data/fake/100/aug_1189_WhatsApp Image 2025-04-05 at 10.59.19.jpeg,1,FAKE,100,.jpeg,100,100,RGB,0165f0126ecef4494e81ef24c589dd156925d25ae4f629e5d8e31edfa9e98901
data/fake/100/aug_1190_WhatsApp Image 2025-04-05 at 10.59.19.jpeg,1,FAKE,100,.jpeg,100,100,RGB,fcab0215d96658abd582a62187ca3efb840952fe6deb5bd7ec93a6823ff400ab
data/fake/100/aug_1193_WhatsApp Image 2025-04-05 at 10.59.19.jpeg,1,FAKE,100,.jpeg,100,100,RGB,71b55cf1be5b60c166d43bfb8ed1b2484196da1aa401d561725b0f62edaa0a98
data/fake/100/aug_1195_WhatsApp Image 2025-04-05 at 10.59.19.jpeg,1,FAKE,100,.jpeg,100,100,RGB,83f43a0e725ef5d1a115362105a7b96aff0073876509b7e126235d1a17aede3b
data/fake/100/aug_1197_WhatsApp Image 2025-04-05 at 10.59.19.jpeg,1,FAKE,100,.jpeg,200,421,RGB,a7dd795131797254dd550aa31e93385cc0d70eb1785966899d189d24fd0a20ac
data/fake/100/aug_1198_WhatsApp Image 2025-04-05 at 10.59.19.jpeg,1,FAKE,100,.jpeg,200,421,RGB,cf80932991d4363c3b94e2cde799d79335d055a44a797b98424dc5cf90b01a5e
data/fake/100/aug_1350_WhatsApp Image 2025-04-05 at 10.48.38.jpeg,1,FAKE,100,.jpeg,100,100,RGB,6b9fd3b6aef07f0297f77eb1ef77a2041cd9c9c5fb24fe7354e65a09de85b221
data/fake/100/aug_1351_WhatsApp Image 2025-04-05 at 10.48.38.jpeg,1,FAKE,100,.jpeg,100,100,RGB,14ff6ce1c6cb348211d7278711f0eee1c64e5806e2da647e72bebabdc3809c81
data/fake/100/aug_1352_WhatsApp Image 2025-04-05 at 10.48.38.jpeg,1,FAKE,100,.jpeg,100,100,RGB,c647459cf486c26321c569f7217a0f8b95bc3fa8a3b5bcff27bd554986a483fd
data/fake/100/aug_1353_WhatsApp Image 2025-04-05 at 10.48.38.jpeg,1,FAKE,100,.jpeg,100,100,RGB,434375843a8c014ae24601029323fae5eca6b73cb6def20ffcdceb58fb1965fc
data/fake/100/aug_1356_WhatsApp Image 2025-04-05 at 10.48.38.jpeg,1,FAKE,100,.jpeg,427,200,RGB,6161a0f97ef0396fb6f820fd1aaa340ce1ad73126eca82a365d6b23a40623005
data/fake/100/aug_1357_WhatsApp Image 2025-04-05 at 10.48.38.jpeg,1,FAKE,100,.jpeg,427,200,RGB,46f6487874369bc747003f377b38dacedc775799a673dd83243dc22bac1cd3d6
data/fake/100/aug_1359_WhatsApp Image 2025-04-05 at 10.48.38.jpeg,1,FAKE,100,.jpeg,427,200,RGB,ab6a0b5478810658558069c96b1e9077883cd22b8f85e0e89c13f891ac5e22e5
data/fake/100/aug_1362_WhatsApp Image 2025-04-05 at 10.48.38.jpeg,1,FAKE,100,.jpeg,427,200,RGB,e319e63fd83ce404c029644001dce2c59098b04c81feb4294bc9a2e17a4922b5
data/fake/100/aug_1363_WhatsApp Image 2025-04-05 at 10.48.38.jpeg,1,FAKE,100,.jpeg,100,100,RGB,45b1559d1943111b9ff554df37c361ce1a0ab83ecc8020269b0bf12416949c82
data/fake/100/aug_1365_WhatsApp Image 2025-04-05 at 10.48.38.jpeg,1,FAKE,100,.jpeg,100,100,RGB,2f0243d2eb54e15ca57267b1854278ac5b0a1a6541c5a893c93c100a20df2e06
data/fake/100/aug_1366_WhatsApp Image 2025-04-05 at 10.48.38.jpeg,1,FAKE,100,.jpeg,100,100,RGB,9434b69f8c3a78b559bcac897b636f00bf9c61fc072a15363aa71bb4388267f4
data/fake/100/aug_1367_WhatsApp Image 2025-04-05 at 10.48.38.jpeg,1,FAKE,100,.jpeg,100,100,RGB,868850b30d6c7b59d738684cd9de9ad1d116f704a908a3106f9f43d5fdfc2919
data/fake/100/aug_1370_WhatsApp Image 2025-04-05 at 10.48.38.jpeg,1,FAKE,100,.jpeg,100,100,RGB,951ab8269f132c15c33bcd4bb410d96a51ad2d3a1913f127f17a74660db5f431
data/fake/100/aug_1371_WhatsApp Image 2025-04-05 at 10.48.38.jpeg,1,FAKE,100,.jpeg,427,200,RGB,9c80cd9659d8718a238ff057a5f124dd7f676cd6448b89ebcff732274c35ebb6
data/fake/100/aug_1372_WhatsApp Image 2025-04-05 at 10.48.38.jpeg,1,FAKE,100,.jpeg,427,200,RGB,b6cc047f321e59a9ed81d5282ca37245ba1a2eb2b2a1b1785c0ad06eef167aa4
data/fake/100/aug_1373_WhatsApp Image 2025-04-05 at 10.48.38.jpeg,1,FAKE,100,.jpeg,100,100,RGB,c739ea3a039b2f1592fac474f8e39489627dc4cc297e8cb7b47f73b7223fe605
data/fake/100/aug_1374_WhatsApp Image 2025-04-05 at 10.48.38.jpeg,1,FAKE,100,.jpeg,427,200,RGB,9d8bcde3e98f40e9bb4e684f3ecd39747cdf6dac8852c179c55a72c34d8c0da3
data/fake/100/aug_1376_WhatsApp Image 2025-04-05 at 10.59.15.jpeg,1,FAKE,100,.jpeg,200,396,RGB,e266500c1d51bc5898ee92416f57c0aa34e937a758eb0a2de445fb396f3b3523
data/fake/100/aug_1377_WhatsApp Image 2025-04-05 at 10.59.15.jpeg,1,FAKE,100,.jpeg,100,100,RGB,680476ecc7b6f669644765a0d64776b8ca15c14c93446dd6cb6ccc9301988ea2
data/fake/100/aug_1378_WhatsApp Image 2025-04-05 at 10.59.15.jpeg,1,FAKE,100,.jpeg,100,100,RGB,ea6b88a411962cab574ee0da11532ed2d7f9a870568387c6dcad50fa79f2c0fc
data/fake/100/aug_1379_WhatsApp Image 2025-04-05 at 10.59.15.jpeg,1,FAKE,100,.jpeg,200,396,RGB,0f8759cacdb89a91392e2df541ba560e7e92b11c2cc093189fbcbbca24f163a4
data/fake/100/aug_1380_WhatsApp Image 2025-04-05 at 10.59.15.jpeg,1,FAKE,100,.jpeg,200,396,RGB,c69520694a476335e32fbcf1b9b55f2be44f34b958d824317d87b23d0eaed89b
data/fake/100/aug_1383_WhatsApp Image 2025-04-05 at 10.59.15.jpeg,1,FAKE,100,.jpeg,200,396,RGB,5c7db1282d0d699bd668b951b1059a61c027051cfbe7219d1a905961b667a723
data/fake/100/aug_1385_WhatsApp Image 2025-04-05 at 10.59.15.jpeg,1,FAKE,100,.jpeg,100,100,RGB,e5a02fce2ebb6f38e100fac07a0831125ca45144fb07bf5e4c941321c8277bc0
data/fake/100/aug_1386_WhatsApp Image 2025-04-05 at 10.59.15.jpeg,1,FAKE,100,.jpeg,200,396,RGB,acdca059471d247d6d4568dfc9a5842dd853bebaa8d39e23d272529ba96b9b4e
data/fake/100/aug_1387_WhatsApp Image 2025-04-05 at 10.59.15.jpeg,1,FAKE,100,.jpeg,200,396,RGB,d00693a800d7d5edf144082704f39c1412abc3c0361e7f00f6f2616f6543cc08
data/fake/100/aug_1388_WhatsApp Image 2025-04-05 at 10.59.15.jpeg,1,FAKE,100,.jpeg,100,100,RGB,52909e373bf5ce7a7ca7b64cb3ceb557c03f5c4ae797be27470f27e28c1f6595
data/fake/100/aug_1389_WhatsApp Image 2025-04-05 at 10.59.15.jpeg,1,FAKE,100,.jpeg,100,100,RGB,7b0080e1b388f2b330b04f6633b17861c41e7e76d72a47dfaef8d460f9787497
data/fake/100/aug_1390_WhatsApp Image 2025-04-05 at 10.59.15.jpeg,1,FAKE,100,.jpeg,200,396,RGB,edb399ff19ba2f0369dfed7b4021afa3b0da1445dc2e186a37de758e699a9e3d
data/fake/100/aug_1391_WhatsApp Image 2025-04-05 at 10.59.15.jpeg,1,FAKE,100,.jpeg,100,100,RGB,6e4c3b5a92484e09f6729bf0ac45bee29512fc94c6e81ecd4ec7e405f7855088
data/fake/100/aug_1393_WhatsApp Image 2025-04-05 at 10.59.15.jpeg,1,FAKE,100,.jpeg,200,396,RGB,337a673a3414ac08c8a94805458d325a8c1c44b4d68dc93e3317e406e8b6b524
data/fake/100/aug_1395_WhatsApp Image 2025-04-05 at 10.59.15.jpeg,1,FAKE,100,.jpeg,100,100,RGB,9af47ce89013b463d632dc8f42267fa1243a30003d8063b6a6a7c6dc3d593014
data/fake/100/aug_1399_WhatsApp Image 2025-04-05 at 10.59.15.jpeg,1,FAKE,100,.jpeg,200,396,RGB,c45d7980d1e59d3d5c826f5020186e38106f8c8817ae8869bdddbbf7c7678fa5
data/fake/100/aug_1401_WhatsApp Image 2025-04-05 at 10.55.42 (1).jpeg,1,FAKE,100,.jpeg,200,389,RGB,4a2b4d83d8fc95b818680b829334514dc58136fc1f4f567fa04faa31baf271c7
data/fake/100/aug_1402_WhatsApp Image 2025-04-05 at 10.55.42 (1).jpeg,1,FAKE,100,.jpeg,200,389,RGB,08246d665d1e0da8a0466fe601b9bae0e36b33a6e46cca05bdf6d6ed7a947316
data/fake/100/aug_1403_WhatsApp Image 2025-04-05 at 10.55.42 (1).jpeg,1,FAKE,100,.jpeg,100,100,RGB,309a3627ae77ad9cb1eeeef63f4861f9eeabf1b56b0e97fea8dc53f291d9a1af
data/fake/100/aug_1404_WhatsApp Image 2025-04-05 at 10.55.42 (1).jpeg,1,FAKE,100,.jpeg,200,389,RGB,77adc715ff9adb02221afea72c36180a40204fc14310a0055a28f56421bd98ad
data/fake/100/aug_1406_WhatsApp Image 2025-04-05 at 10.55.42 (1).jpeg,1,FAKE,100,.jpeg,200,389,RGB,d06c137331a1601ae07e77872bf1f980a9140b29a10c2dbb7a9459ca611abcdd
data/fake/100/aug_1407_WhatsApp Image 2025-04-05 at 10.55.42 (1).jpeg,1,FAKE,100,.jpeg,100,100,RGB,e0342f57e830cc30702d4589d7f00d0a2c06c49f29054d0d48f3a9dc745ce501
data/fake/100/aug_1408_WhatsApp Image 2025-04-05 at 10.55.42 (1).jpeg,1,FAKE,100,.jpeg,100,100,RGB,277fd397b255d70ec367fe13090f89b2477ed301d856793c7e14954c7c76e343
data/fake/100/aug_1409_WhatsApp Image 2025-04-05 at 10.55.42 (1).jpeg,1,FAKE,100,.jpeg,200,389,RGB,1d3b7ef4fa9dd34146610891562a639aca105274b79fb1821685f1b9235584ce
data/fake/100/aug_1410_WhatsApp Image 2025-04-05 at 10.55.42 (1).jpeg,1,FAKE,100,.jpeg,100,100,RGB,76a8b5c22bdb5e23d02c1df2b9e49d4fe91b6cd23ea80be0f03472e17b1e33d3
data/fake/100/aug_1413_WhatsApp Image 2025-04-05 at 10.55.42 (1).jpeg,1,FAKE,100,.jpeg,100,100,RGB,1fe47d9b8f23a79bbf383208b21fc1642a9e47430db5b5f8605b13bb86809b59
data/fake/100/aug_1415_WhatsApp Image 2025-04-05 at 10.55.42 (1).jpeg,1,FAKE,100,.jpeg,200,389,RGB,57f40495b0f2b60e6aec58858319ebba5c8d55e50d7b263a7699294bb2f54668
data/fake/100/aug_1416_WhatsApp Image 2025-04-05 at 10.55.42 (1).jpeg,1,FAKE,100,.jpeg,200,389,RGB,be6fe1f3f01d1a447bcae0b5443ca7cd807a16ae64ec243159e35c210be97b8f
data/fake/100/aug_1417_WhatsApp Image 2025-04-05 at 10.55.42 (1).jpeg,1,FAKE,100,.jpeg,200,389,RGB,9efb282166ed9d0a1aaf470b80467dd61288269afb29fcd3289f1060af82d799
data/fake/100/aug_1418_WhatsApp Image 2025-04-05 at 10.55.42 (1).jpeg,1,FAKE,100,.jpeg,200,389,RGB,e9e2c85691a039951117cbef515b261d90ac881fd6c1a164788c5c6948c59086
data/fake/100/aug_1419_WhatsApp Image 2025-04-05 at 10.55.42 (1).jpeg,1,FAKE,100,.jpeg,200,389,RGB,d6d462dd02d3a9e3e8bee1fb609231e83f43b2addc65bae4b01239474df037d7
data/fake/100/aug_1420_WhatsApp Image 2025-04-05 at 10.55.42 (1).jpeg,1,FAKE,100,.jpeg,200,389,RGB,ac647e4e4f37e64b15a3e01d6447c227c4b3acfb4c83daa4eed03eaec155c1fd
data/fake/100/aug_1421_WhatsApp Image 2025-04-05 at 10.55.42 (1).jpeg,1,FAKE,100,.jpeg,100,100,RGB,c35cafe58abeee2d42b819a7329e4fdf427d8625ac24d759cce961b990b53e3a
data/fake/100/aug_1422_WhatsApp Image 2025-04-05 at 10.55.42 (1).jpeg,1,FAKE,100,.jpeg,100,100,RGB,bd923b47607e35ffef1d2e62b00cbb2e4b1f9361f0c6f0be331adbe647e59c42
data/fake/100/aug_1423_WhatsApp Image 2025-04-05 at 10.55.42 (1).jpeg,1,FAKE,100,.jpeg,200,389,RGB,2e33e1ff4cf5ebb03ac5a4cb45412ce071bd3be5ab41a0db2704b05b48fdea9e
data/fake/100/aug_1425_WhatsApp Image 2025-04-05 at 10.55.36.jpeg,1,FAKE,100,.jpeg,200,380,RGB,33430b9c0b0274462c9534d02164b5e6111eadfd1672f98ce04af723114847c8
data/fake/100/aug_1426_WhatsApp Image 2025-04-05 at 10.55.36.jpeg,1,FAKE,100,.jpeg,200,380,RGB,7e24de926e236d10aeae488f048fe42f8b5eec0dfcb859e65a06688692fc44a2
data/fake/100/aug_1427_WhatsApp Image 2025-04-05 at 10.55.36.jpeg,1,FAKE,100,.jpeg,100,100,RGB,048a27e67fc822b65106f993192eb22060faf3ebdf0281f3a4efad7f5c2af6ac
data/fake/100/aug_1429_WhatsApp Image 2025-04-05 at 10.55.36.jpeg,1,FAKE,100,.jpeg,200,380,RGB,003e72cb613394364fb5150f7fc50bcc6cf7bd228f560ff4634f3c06be99e213
data/fake/100/aug_1430_WhatsApp Image 2025-04-05 at 10.55.36.jpeg,1,FAKE,100,.jpeg,200,380,RGB,92b9982bb0cf17e4f5d7d384f8bef3c3ae4362f371f4fea5e5e53cfe3e0f9482
data/fake/100/aug_1431_WhatsApp Image 2025-04-05 at 10.55.36.jpeg,1,FAKE,100,.jpeg,200,380,RGB,aa214857df5ca0cdb2b6e99f867ff5b05b28b4fcf228139e781ccfedc8cac2c8
data/fake/100/aug_1432_WhatsApp Image 2025-04-05 at 10.55.36.jpeg,1,FAKE,100,.jpeg,200,380,RGB,5938f6de646bd77a00bb64d04dfdd733f6068783e75bb88601c9f41cfd960e58
data/fake/100/aug_1434_WhatsApp Image 2025-04-05 at 10.55.36.jpeg,1,FAKE,100,.jpeg,200,380,RGB,fbbca31b4016d2bf80cb4b30806c0be9341575a69b322d7a8bb864791451505c
data/fake/100/aug_1436_WhatsApp Image 2025-04-05 at 10.55.36.jpeg,1,FAKE,100,.jpeg,100,100,RGB,9ca6d67c9fd88e7cdcef833861f11ff655b1370b8ab9a1176fe984f44a425426
data/fake/100/aug_1437_WhatsApp Image 2025-04-05 at 10.55.36.jpeg,1,FAKE,100,.jpeg,200,380,RGB,bab1df5620a4a25cb7dd25aa5ce13ff1f6ce67d4ab60a91f965f141a4e9cef61
data/fake/100/aug_1438_WhatsApp Image 2025-04-05 at 10.55.36.jpeg,1,FAKE,100,.jpeg,200,380,RGB,6305cf013ed91cc7bbae5127904aa69e302816ba546200a4bc1adec91945e277
data/fake/100/aug_1439_WhatsApp Image 2025-04-05 at 10.55.36.jpeg,1,FAKE,100,.jpeg,200,380,RGB,50669eb7844e5f58f7f7ba8d02a1fb66afbbed295488ae6e6e9ec88b317aab3b
data/fake/100/aug_1440_WhatsApp Image 2025-04-05 at 10.55.36.jpeg,1,FAKE,100,.jpeg,200,380,RGB,6523e2958ed63c93e86be274b1243becac95913aa27140f8ffd4240b976f8d65
data/fake/100/aug_1441_WhatsApp Image 2025-04-05 at 10.55.36.jpeg,1,FAKE,100,.jpeg,200,380,RGB,aceb3c490fa7efbec66735b9e127faabb794f0169dd9f59ed334a429093231fb
data/fake/100/aug_1442_WhatsApp Image 2025-04-05 at 10.55.36.jpeg,1,FAKE,100,.jpeg,200,380,RGB,3e47716a8b86cb4931963a6451f0c6ca2ac84ada427b837f323592fd7bafe8cd
data/fake/100/aug_1443_WhatsApp Image 2025-04-05 at 10.55.36.jpeg,1,FAKE,100,.jpeg,100,100,RGB,f00090ce6bb9f384a205f9f1bc235298b91c3813cc4c162da610fc26f5d245ba
data/fake/100/aug_1445_WhatsApp Image 2025-04-05 at 10.55.36.jpeg,1,FAKE,100,.jpeg,200,380,RGB,f62c52566a299329456befbd5608265729048115e74f21e27416eea80ef84c56
data/fake/100/aug_1446_WhatsApp Image 2025-04-05 at 10.55.36.jpeg,1,FAKE,100,.jpeg,200,380,RGB,0dc220ff95a6cf3169d0db9a26a2d60b35bf3b766bba8cf2207287d70e063daf
data/fake/100/aug_1447_WhatsApp Image 2025-04-05 at 10.55.36.jpeg,1,FAKE,100,.jpeg,200,380,RGB,55e75160a459f830ab09072f125d604089fad086ed61551edcb4928df36ca9b7
data/fake/100/aug_1448_WhatsApp Image 2025-04-05 at 10.55.36.jpeg,1,FAKE,100,.jpeg,200,380,RGB,ded03f9e6633e71ce752dc9d84461f4f0d4bc7a67d93c78844600ae8f99731d4
data/fake/100/aug_1449_WhatsApp Image 2025-04-05 at 10.55.36.jpeg,1,FAKE,100,.jpeg,200,380,RGB,00ed969b6fcc3af702f06f5cf6848670631656ba0c011fd7638b33fcc78098e0
data/fake/100/aug_150_WhatsApp Image 2025-04-05 at 10.59.20 (1).jpeg,1,FAKE,100,.jpeg,200,392,RGB,08728ead3877879783579d53eb45ba54d97a98babff3ccb9c18778b3cfbf0f9a
data/fake/100/aug_151_WhatsApp Image 2025-04-05 at 10.59.20 (1).jpeg,1,FAKE,100,.jpeg,200,392,RGB,7d4473f72e60add63ac73ab7bb2084652cbfd2f7d5afc843c43916ec630d33f8
data/fake/100/aug_152_WhatsApp Image 2025-04-05 at 10.59.20 (1).jpeg,1,FAKE,100,.jpeg,200,392,RGB,16942dcc9336e13854bd67b7bd38e2e4c33a2ee4d3509c2dd56d21f03375f327
data/fake/100/aug_155_WhatsApp Image 2025-04-05 at 10.59.20 (1).jpeg,1,FAKE,100,.jpeg,100,100,RGB,ae196fb4408c829db5fb7bf47abe8a1d056861c7eb5ab762b6a291cf29290410
data/fake/100/aug_156_WhatsApp Image 2025-04-05 at 10.59.20 (1).jpeg,1,FAKE,100,.jpeg,100,100,RGB,7c1d133f8a51b269f446d365392db2dd79a205feeae1a5c022f9cbce77348315
data/fake/100/aug_1575_WhatsApp Image 2025-04-05 at 10.48.43.jpeg,1,FAKE,100,.jpeg,100,100,RGB,74f2275ab704168b03ecec41d58a39dd3dc7edca4d30099271dfea60eb38f1e3
data/fake/100/aug_1576_WhatsApp Image 2025-04-05 at 10.48.43.jpeg,1,FAKE,100,.jpeg,200,398,RGB,31e8229e077b318ed1812a32ecbf87dda39fa5dd8f2d33db9672c8c0cf233ed0
data/fake/100/aug_1578_WhatsApp Image 2025-04-05 at 10.48.43.jpeg,1,FAKE,100,.jpeg,100,100,RGB,7928462d8d1715d150f999181f6d8576780be93e02f4a342a538ccdc6cd6f0a7
data/fake/100/aug_1579_WhatsApp Image 2025-04-05 at 10.48.43.jpeg,1,FAKE,100,.jpeg,200,398,RGB,69b2dea5d4c1657bdc8bce0f223b076aae8a029b72dc100d803ba011742da2eb
data/fake/100/aug_1580_WhatsApp Image 2025-04-05 at 10.48.43.jpeg,1,FAKE,100,.jpeg,200,398,RGB,94fa34001daaa811526ed1ffb56bb16e0b82d2bd3b3ae84d7104f5212c3d3652
data/fake/100/aug_1581_WhatsApp Image 2025-04-05 at 10.48.43.jpeg,1,FAKE,100,.jpeg,100,100,RGB,f9fae1a7a12d7a35e599a6323a130d0c09e29b1f8447c9f0cf5425343ae5b409
data/fake/100/aug_1582_WhatsApp Image 2025-04-05 at 10.48.43.jpeg,1,FAKE,100,.jpeg,200,398,RGB,b326c1a86acd7a8bf606ec78e092cf10c5715ced39ca453e82170ddba60ae09c
data/fake/100/aug_1585_WhatsApp Image 2025-04-05 at 10.48.43.jpeg,1,FAKE,100,.jpeg,200,398,RGB,fdcb0dbffbdf88313ab14e12bb5598e0202d7d0a66536880ca29205f80b25b72
data/fake/100/aug_1586_WhatsApp Image 2025-04-05 at 10.48.43.jpeg,1,FAKE,100,.jpeg,200,398,RGB,8fa8324b7a638ed899a133a952781137494ced938202ed6ac092964d0dde6156
data/fake/100/aug_1587_WhatsApp Image 2025-04-05 at 10.48.43.jpeg,1,FAKE,100,.jpeg,100,100,RGB,5d70f28f48b8d528d75c45022ebeba4d4457fce3bfdd6570f9f9a0b1177f490e
data/fake/100/aug_1588_WhatsApp Image 2025-04-05 at 10.48.43.jpeg,1,FAKE,100,.jpeg,100,100,RGB,bd44d8fb942fc45fe016b808470ae4734f119165eee67eaa41e9520d4918bb25
data/fake/100/aug_1589_WhatsApp Image 2025-04-05 at 10.48.43.jpeg,1,FAKE,100,.jpeg,100,100,RGB,cadd5f0c14d82c75e982c81c2ff50e65cdc2311e0362b3cb63890b6035868047
data/fake/100/aug_158_WhatsApp Image 2025-04-05 at 10.59.20 (1).jpeg,1,FAKE,100,.jpeg,100,100,RGB,556f6d7ba2a6655385196f2faf52886bf080ba37d5fd5f90342e0e6b61517709
data/fake/100/aug_1590_WhatsApp Image 2025-04-05 at 10.48.43.jpeg,1,FAKE,100,.jpeg,100,100,RGB,8993f6eb19a685e2aae2d88b568308bebc09fbd9bfc3c010f1173580601ca6ef
data/fake/100/aug_1591_WhatsApp Image 2025-04-05 at 10.48.43.jpeg,1,FAKE,100,.jpeg,200,398,RGB,473c2a8db1bcd0266120ddc9d0ac63a65ee6458b551c37d7b7a04321051a15ae
data/fake/100/aug_1593_WhatsApp Image 2025-04-05 at 10.48.43.jpeg,1,FAKE,100,.jpeg,200,398,RGB,469f5f7bf5ef0847482c185acca4c4531715ef1e276d96a572c05b3375c23b39
data/fake/100/aug_1594_WhatsApp Image 2025-04-05 at 10.48.43.jpeg,1,FAKE,100,.jpeg,100,100,RGB,a1319803c20067b9713c509d537377739d88eb1cf49d4ba0b01e7ebc488b3d21
data/fake/100/aug_1595_WhatsApp Image 2025-04-05 at 10.48.43.jpeg,1,FAKE,100,.jpeg,100,100,RGB,a6343065acdc473eb0158a808f572b2688ac6e458c8d972ea297f18e86abfb1e
data/fake/100/aug_1598_WhatsApp Image 2025-04-05 at 10.48.43.jpeg,1,FAKE,100,.jpeg,200,398,RGB,07bc56b93aa41175fea3e52cc71e318246c4033280a21e58f7b88fe180e6207b
data/fake/100/aug_1599_WhatsApp Image 2025-04-05 at 10.48.43.jpeg,1,FAKE,100,.jpeg,100,100,RGB,ff99b51123b26bbda53b04d51a15dd9a7425be35b4bd644dd552d393d7505eda
data/fake/100/aug_159_WhatsApp Image 2025-04-05 at 10.59.20 (1).jpeg,1,FAKE,100,.jpeg,100,100,RGB,ada511015370357ccf2ba5de885d4b5857134d3f95565d65b92288685becabe3
data/fake/100/aug_160_WhatsApp Image 2025-04-05 at 10.59.20 (1).jpeg,1,FAKE,100,.jpeg,100,100,RGB,37abeb91b5a86d1c0681517c3157edfb309eb5a289c7d1e5a7325c98f13986e4
data/fake/100/aug_161_WhatsApp Image 2025-04-05 at 10.59.20 (1).jpeg,1,FAKE,100,.jpeg,200,392,RGB,e410faa9fc1cf60a058e08e40db93f8aba4db1b2a948c403353b329f0d721258
data/fake/100/aug_162_WhatsApp Image 2025-04-05 at 10.59.20 (1).jpeg,1,FAKE,100,.jpeg,200,392,RGB,c56b117fd921337998719086fa674ae6af91ba09f08958cc6f31fef829fef373
data/fake/100/aug_163_WhatsApp Image 2025-04-05 at 10.59.20 (1).jpeg,1,FAKE,100,.jpeg,200,392,RGB,560fdd9f2575ebf2aec2f856a8c937af76ad5c3b2d61177bc4ab316e8de4c1e4
data/fake/100/aug_1650_WhatsApp Image 2025-04-05 at 10.55.39 (1).jpeg,1,FAKE,100,.jpeg,100,100,RGB,e2a722f214cae94b3626cbcbe239cb99ffdc06ee0317c1c364fcd019d587e1f7
data/fake/100/aug_1651_WhatsApp Image 2025-04-05 at 10.55.39 (1).jpeg,1,FAKE,100,.jpeg,100,100,RGB,ed2b29969be5a3feaf0b864bd7904f03216ca3640c00c10aae185fdaea625459
data/fake/100/aug_1653_WhatsApp Image 2025-04-05 at 10.55.39 (1).jpeg,1,FAKE,100,.jpeg,200,368,RGB,c8061a43a50ee77022d44ce2d0500b6cf378f31288732e66d99f48bb8ca49852
data/fake/100/aug_1655_WhatsApp Image 2025-04-05 at 10.55.39 (1).jpeg,1,FAKE,100,.jpeg,200,368,RGB,56e9057e5cc39e9d6a83636ddf833a3ad38c85818564c2bfb0f311adf0396346
data/fake/100/aug_1656_WhatsApp Image 2025-04-05 at 10.55.39 (1).jpeg,1,FAKE,100,.jpeg,200,368,RGB,37ca1a16d7cb70951602a7bb6026798db8e4e34422dcbd59a0a9037f7915b8c8
data/fake/100/aug_1657_WhatsApp Image 2025-04-05 at 10.55.39 (1).jpeg,1,FAKE,100,.jpeg,200,368,RGB,4c4895d101b7535cd5e48dbe617045d429d1261161adaa82f40bf67dcd29a6fe
data/fake/100/aug_1658_WhatsApp Image 2025-04-05 at 10.55.39 (1).jpeg,1,FAKE,100,.jpeg,200,368,RGB,2bc13109a8273aab9b5d3ba89a6df5d9ef59cc5979741d5954914bcc4fa6695d
data/fake/100/aug_1659_WhatsApp Image 2025-04-05 at 10.55.39 (1).jpeg,1,FAKE,100,.jpeg,200,368,RGB,fe9a36e79cffd9e703e37269d5b0e65afbc80d5904d4af1ca32b6ec785b6d071
data/fake/100/aug_1660_WhatsApp Image 2025-04-05 at 10.55.39 (1).jpeg,1,FAKE,100,.jpeg,200,368,RGB,ba989af465a34efc5c5308adf31f88eda4211f5face241f50a06bbca5e482301
data/fake/100/aug_1661_WhatsApp Image 2025-04-05 at 10.55.39 (1).jpeg,1,FAKE,100,.jpeg,200,368,RGB,c34217923825b3cceda86fa40416b4392bde29643d9be0476f7f91b8707b2c42
data/fake/100/aug_1662_WhatsApp Image 2025-04-05 at 10.55.39 (1).jpeg,1,FAKE,100,.jpeg,100,100,RGB,002dd1879e18a1dd1ea65b52d1fae3171eb2fe33239db6c3d3719613402f8649
data/fake/100/aug_1665_WhatsApp Image 2025-04-05 at 10.55.39 (1).jpeg,1,FAKE,100,.jpeg,200,368,RGB,58c9c95b4965e2540dea64eb0f9941ce17381ff711264b30de66027760f49c04
data/fake/100/aug_1666_WhatsApp Image 2025-04-05 at 10.55.39 (1).jpeg,1,FAKE,100,.jpeg,100,100,RGB,57f5a8b9aba71814f3444d45da569bfb0cea97f8923db431e9cf31624d9dd970
data/fake/100/aug_1667_WhatsApp Image 2025-04-05 at 10.55.39 (1).jpeg,1,FAKE,100,.jpeg,200,368,RGB,92081fd74056592be31806533a81f4d3692ddf7f9c806112ee10c302d640650a
data/fake/100/aug_1669_WhatsApp Image 2025-04-05 at 10.55.39 (1).jpeg,1,FAKE,100,.jpeg,200,368,RGB,dfaa3837a77b6db84479f34fd47ad45ba9163764cf2217395fe6bf226d9442b9
data/fake/100/aug_166_WhatsApp Image 2025-04-05 at 10.59.20 (1).jpeg,1,FAKE,100,.jpeg,100,100,RGB,6309fb5832377cc458f9d7aed10a78af59a26bc9291a6b42a69a89606b838377
data/fake/100/aug_1670_WhatsApp Image 2025-04-05 at 10.55.39 (1).jpeg,1,FAKE,100,.jpeg,100,100,RGB,f2f3670c24a71e4983f8d2d3b10d9c9ac53f4545477fd808cefb3b6fed1e3f8c
data/fake/100/aug_1671_WhatsApp Image 2025-04-05 at 10.55.39 (1).jpeg,1,FAKE,100,.jpeg,200,368,RGB,5f9cec7f526c7fd8fb85486e8ea07ecef914b8a32bde11cba3976fb96c320826
data/fake/100/aug_1673_WhatsApp Image 2025-04-05 at 10.55.39 (1).jpeg,1,FAKE,100,.jpeg,200,368,RGB,bea61a4bcc090210aec5a192efe8394fa3445bc6ec0384952094c25fc1341c29
data/fake/100/aug_1674_WhatsApp Image 2025-04-05 at 10.55.39 (1).jpeg,1,FAKE,100,.jpeg,200,368,RGB,20ba9fbf572a57b385de58944b9b3820f5df25d474331b0f871adf334e3221a5
data/fake/100/aug_168_WhatsApp Image 2025-04-05 at 10.59.20 (1).jpeg,1,FAKE,100,.jpeg,100,100,RGB,4c34b3363aba8774a8e9221625bfd1700bd038ecc7716c0d93dd15c3e51696f7
data/fake/100/aug_169_WhatsApp Image 2025-04-05 at 10.59.20 (1).jpeg,1,FAKE,100,.jpeg,200,392,RGB,ffb00481582a356f41d79e5998fead972f74086652044a98e35d2fae98512af0
data/fake/100/aug_170_WhatsApp Image 2025-04-05 at 10.59.20 (1).jpeg,1,FAKE,100,.jpeg,100,100,RGB,0d318879e0319fca9539c4fbb6b1072019d1631e2017404dd12de87d5b26771d
data/fake/100/aug_171_WhatsApp Image 2025-04-05 at 10.59.20 (1).jpeg,1,FAKE,100,.jpeg,100,100,RGB,f5e0629319df90012bebda817b0f26a9b982bc45c7c6136326d2ebf8eb3911c3
data/fake/100/aug_172_WhatsApp Image 2025-04-05 at 10.59.20 (1).jpeg,1,FAKE,100,.jpeg,200,392,RGB,c8b2973b2b23ad99d136563103bfc7e223cd50448d769f159d655ff85ce98de5
data/fake/100/aug_226_WhatsApp Image 2025-04-05 at 10.59.14 (1).jpeg,1,FAKE,100,.jpeg,200,390,RGB,8350ab8f57fc42fae364c9424fa359f2e90cafb453042ed9f293a6579bfa60cd
data/fake/100/aug_227_WhatsApp Image 2025-04-05 at 10.59.14 (1).jpeg,1,FAKE,100,.jpeg,100,100,RGB,e2fa5cb359c105b0bce0a8d9cae4a7c87f55593a01495919eddd716244653c75
data/fake/100/aug_228_WhatsApp Image 2025-04-05 at 10.59.14 (1).jpeg,1,FAKE,100,.jpeg,200,390,RGB,b6ad80fad9d8af72839cc7b5bf21da3cd0fa6303d57a190542d75941e9ae0848
data/fake/100/aug_229_WhatsApp Image 2025-04-05 at 10.59.14 (1).jpeg,1,FAKE,100,.jpeg,200,390,RGB,2351e8844bca30e2879726fad147b0fc3d6b1738274fa31e5b2201c28f227e89
data/fake/100/aug_230_WhatsApp Image 2025-04-05 at 10.59.14 (1).jpeg,1,FAKE,100,.jpeg,100,100,RGB,5b2928b2ca0f6405046b2b162607cb0fa9c2e8a94ca01426342dbe4db09a19ba
data/fake/100/aug_232_WhatsApp Image 2025-04-05 at 10.59.14 (1).jpeg,1,FAKE,100,.jpeg,200,390,RGB,62e00bb936b9d5b3c9d05d00f097fd7d294b3e5f64216a3ddca5ef4b54099d09
data/fake/100/aug_233_WhatsApp Image 2025-04-05 at 10.59.14 (1).jpeg,1,FAKE,100,.jpeg,100,100,RGB,22543fd687616e64708e5d2b0e74d702102e0213d97a85901c33d5d5ed561105
data/fake/100/aug_235_WhatsApp Image 2025-04-05 at 10.59.14 (1).jpeg,1,FAKE,100,.jpeg,200,390,RGB,7db60e9fe8d012aa0e1113edda758f8519dce731c0fc7d2396453e964e0b9f16
data/fake/100/aug_236_WhatsApp Image 2025-04-05 at 10.59.14 (1).jpeg,1,FAKE,100,.jpeg,100,100,RGB,0b0c8a06d1d4d9d8f931c63aa0d93b4fdab7086b4f8f58e7630c5b29654d74f1
data/fake/100/aug_237_WhatsApp Image 2025-04-05 at 10.59.14 (1).jpeg,1,FAKE,100,.jpeg,200,390,RGB,678378dede87b8ee91c3bb18e85e44c1ec00890af15c9aa2aa2929d6f6ae4ea6
data/fake/100/aug_238_WhatsApp Image 2025-04-05 at 10.59.14 (1).jpeg,1,FAKE,100,.jpeg,200,390,RGB,8abeb6ebf508753e0435b0e3dd5ee52425cd3c05ded1cd4d48ce18f6cbfecdb9
data/fake/100/aug_239_WhatsApp Image 2025-04-05 at 10.59.14 (1).jpeg,1,FAKE,100,.jpeg,200,390,RGB,e6f35cad068b2101c30b7bb0e7172013062a329a4adc32f5508f10d0df2ce4fc
data/fake/100/aug_240_WhatsApp Image 2025-04-05 at 10.59.14 (1).jpeg,1,FAKE,100,.jpeg,100,100,RGB,81d777a9e19d9158b2755ce6ad999d3ec8f5013a4de04cc44f75fcc621b84fbd
data/fake/100/aug_242_WhatsApp Image 2025-04-05 at 10.59.14 (1).jpeg,1,FAKE,100,.jpeg,100,100,RGB,15b92b179cc3b61055916c6009b42aec9545e2cba12b4e7843e1bdb62a998405
data/fake/100/aug_243_WhatsApp Image 2025-04-05 at 10.59.14 (1).jpeg,1,FAKE,100,.jpeg,100,100,RGB,d7e7035df005f879100da8fc38cce0c0ebc83af29ff115e913694accb31d1085
data/fake/100/aug_244_WhatsApp Image 2025-04-05 at 10.59.14 (1).jpeg,1,FAKE,100,.jpeg,200,390,RGB,076025c0126c290b14aa02bcadd9d685f9a05a6ed5298a0428c14a0ffebab745
data/fake/100/aug_245_WhatsApp Image 2025-04-05 at 10.59.14 (1).jpeg,1,FAKE,100,.jpeg,200,390,RGB,1478205a615049bda847772cfcb26196e7767d8e9db451fe7e1df09d5f442146
data/fake/100/aug_247_WhatsApp Image 2025-04-05 at 10.59.14 (1).jpeg,1,FAKE,100,.jpeg,200,390,RGB,091efc11e4917335fd55a4561e25459adc58c020cc0dbf11610937a6e6de67c3
data/fake/100/aug_248_WhatsApp Image 2025-04-05 at 10.59.14 (1).jpeg,1,FAKE,100,.jpeg,200,390,RGB,9d339a0d6212ab6eeb028bf644f95cb007d80c60413bba84def80ae6b33f2a73
data/fake/100/aug_249_WhatsApp Image 2025-04-05 at 10.59.14 (1).jpeg,1,FAKE,100,.jpeg,200,390,RGB,03be160b19e0661bd6323f757cc9f5dc1c3e44106f2da56b4fa376497c6d36a0
data/fake/100/aug_250_WhatsApp Image 2025-04-05 at 10.59.15 (1).jpeg,1,FAKE,100,.jpeg,200,410,RGB,d0d24739ba508c7fb45a29921834a7d0800a5a8a0699bbea2fd5a2f0c9bdec99
data/fake/100/aug_251_WhatsApp Image 2025-04-05 at 10.59.15 (1).jpeg,1,FAKE,100,.jpeg,200,410,RGB,74ad6d66b5e469f8ba25aace4904dd5a5639099029f294175aaa5d2afe537e5c
data/fake/100/aug_252_WhatsApp Image 2025-04-05 at 10.59.15 (1).jpeg,1,FAKE,100,.jpeg,200,410,RGB,6ba708bb68445f914fecefa63e7160c9d2cea7ada7c5084415d2556c657a93be
data/fake/100/aug_253_WhatsApp Image 2025-04-05 at 10.59.15 (1).jpeg,1,FAKE,100,.jpeg,100,100,RGB,40d27673af98c0c30724dc7c9dce22316dc0365a09a4e122535c3f1ad6372e5b
data/fake/100/aug_254_WhatsApp Image 2025-04-05 at 10.59.15 (1).jpeg,1,FAKE,100,.jpeg,200,410,RGB,6b08e16f975de2e2b38e91ed4d5e5605289e165b8b1b3493f851b84366a50ce5
data/fake/100/aug_255_WhatsApp Image 2025-04-05 at 10.59.15 (1).jpeg,1,FAKE,100,.jpeg,100,100,RGB,1104c8ad947aa5ebbe47ae3c2b792e4c3bd7f999e711c15e587a23e629be2b15
data/fake/100/aug_256_WhatsApp Image 2025-04-05 at 10.59.15 (1).jpeg,1,FAKE,100,.jpeg,100,100,RGB,9d5a4f8d7d4b679b7daae69f9b0e9c21004053e1461f7a8519fa85af0267b3f9
data/fake/100/aug_259_WhatsApp Image 2025-04-05 at 10.59.15 (1).jpeg,1,FAKE,100,.jpeg,100,100,RGB,033b26d8e278b40dca8a04d556924afc28ef93ada9a061d1815c598839e0f211
data/fake/100/aug_260_WhatsApp Image 2025-04-05 at 10.59.15 (1).jpeg,1,FAKE,100,.jpeg,200,410,RGB,8778b222b463fe55d36315164ea1ae0bd1507794807426c499156da86e475601
data/fake/100/aug_261_WhatsApp Image 2025-04-05 at 10.59.15 (1).jpeg,1,FAKE,100,.jpeg,100,100,RGB,3c40c64484d949a0f7328c89fd18bf0a38d2ed22bc23048ea464009687d889a9
data/fake/100/aug_263_WhatsApp Image 2025-04-05 at 10.59.15 (1).jpeg,1,FAKE,100,.jpeg,200,410,RGB,ed5694fb9287fe002043ee6af8abd78c1b367c886c1491abc6ef36360c28ef55
data/fake/100/aug_266_WhatsApp Image 2025-04-05 at 10.59.15 (1).jpeg,1,FAKE,100,.jpeg,200,410,RGB,1ba557d5462e829fed16814c7afa02a5cc95f23199d580c2b48f72d39bd523ad
data/fake/100/aug_268_WhatsApp Image 2025-04-05 at 10.59.15 (1).jpeg,1,FAKE,100,.jpeg,100,100,RGB,bd93deafe972f393737cc52b079d2425447207786e20cc63430829b7beaba165
data/fake/100/aug_270_WhatsApp Image 2025-04-05 at 10.59.15 (1).jpeg,1,FAKE,100,.jpeg,100,100,RGB,26b0b8f60a04611fe191b48f2f3a84206bead94c73c1fdbcce9a775d62e89b55
data/fake/100/aug_271_WhatsApp Image 2025-04-05 at 10.59.15 (1).jpeg,1,FAKE,100,.jpeg,100,100,RGB,d0580da03df93425c5a093de17208ef6d1e849460146109bdfc1778220b131a0
data/fake/100/aug_272_WhatsApp Image 2025-04-05 at 10.59.15 (1).jpeg,1,FAKE,100,.jpeg,100,100,RGB,46002119e778add0947c19f2c075606e285e6d85b110688b495288640a27a2df
data/fake/100/aug_273_WhatsApp Image 2025-04-05 at 10.59.15 (1).jpeg,1,FAKE,100,.jpeg,100,100,RGB,23e123af3884f035bb830100f347da68b0b38c324c7c4ea2e97f1c0226fa5bc6
data/fake/100/aug_274_WhatsApp Image 2025-04-05 at 10.59.15 (1).jpeg,1,FAKE,100,.jpeg,200,410,RGB,610951d22058d5a3043028698308514cb5c45f0006f1ef3a21e2fd8a24cdb311
data/fake/100/aug_425_WhatsApp Image 2025-04-05 at 10.59.16.jpeg,1,FAKE,100,.jpeg,200,438,RGB,2b1079f42ffa3b7aec4670b4ff14dad17cc5359243b7772186cd899e1519446a
data/fake/100/aug_426_WhatsApp Image 2025-04-05 at 10.59.16.jpeg,1,FAKE,100,.jpeg,200,438,RGB,d8c8f79f6dbddad85fb43f0760e7535f0e0d6ab08c324d9215c404b9aec0f8ae
data/fake/100/aug_427_WhatsApp Image 2025-04-05 at 10.59.16.jpeg,1,FAKE,100,.jpeg,200,438,RGB,576025771a245bcbb81d386f774a937bb94e6c8d145bdb8b967d408986ead555
data/fake/100/aug_428_WhatsApp Image 2025-04-05 at 10.59.16.jpeg,1,FAKE,100,.jpeg,200,438,RGB,55f063c05ef7945642fc82091467c43cf468ccb24275a5df75f59a3385398919
data/fake/100/aug_429_WhatsApp Image 2025-04-05 at 10.59.16.jpeg,1,FAKE,100,.jpeg,200,438,RGB,d218051c634c74176bc79c22ecb6ef9bb5a1e6151a0d04c52111ff84ee0a199b
data/fake/100/aug_434_WhatsApp Image 2025-04-05 at 10.59.16.jpeg,1,FAKE,100,.jpeg,100,100,RGB,696b49f927d4dee18e32ae9d900aa10f99da6ab0f09845ed5bfe5934a2dfabcd
data/fake/100/aug_435_WhatsApp Image 2025-04-05 at 10.59.16.jpeg,1,FAKE,100,.jpeg,200,438,RGB,44cb1c9d859d5f00a3b5e097cb45c5d54f7d60355bfb0ef7f88e537f4f45dddb
data/fake/100/aug_436_WhatsApp Image 2025-04-05 at 10.59.16.jpeg,1,FAKE,100,.jpeg,200,438,RGB,689dee55fe224b9d70eb991664973af8050a3b6c1671cf620e363a15b55a57e2
data/fake/100/aug_437_WhatsApp Image 2025-04-05 at 10.59.16.jpeg,1,FAKE,100,.jpeg,200,438,RGB,c747b8786f9d0e8a3a9d533d48f3bc5128470581ec96b175a0a40032eae18ddb
data/fake/100/aug_438_WhatsApp Image 2025-04-05 at 10.59.16.jpeg,1,FAKE,100,.jpeg,200,438,RGB,f1d45fd76a21e8de1c95e3b801583c921ed4cafb1e3673fbe0890a43f0d4e0ef
data/fake/100/aug_440_WhatsApp Image 2025-04-05 at 10.59.16.jpeg,1,FAKE,100,.jpeg,100,100,RGB,234f6c5383baa7a45cc27344af95bc6a241472f62c89ee363cd43baa0844b6d2
data/fake/100/aug_442_WhatsApp Image 2025-04-05 at 10.59.16.jpeg,1,FAKE,100,.jpeg,200,438,RGB,72f774e16d219b2dfd58872ec79d11a7a0c71edfee2c71af261b4c983b3985f8
data/fake/100/aug_443_WhatsApp Image 2025-04-05 at 10.59.16.jpeg,1,FAKE,100,.jpeg,200,438,RGB,f8df3def3c09f682dbc8e75cea8904d938d1d55db16366c7be9dd01faecef8a5
data/fake/100/aug_444_WhatsApp Image 2025-04-05 at 10.59.16.jpeg,1,FAKE,100,.jpeg,100,100,RGB,7177a468c1db919d8c84223c62b782a7de111ebf75c49fbbd32287845ed587b6
data/fake/100/aug_445_WhatsApp Image 2025-04-05 at 10.59.16.jpeg,1,FAKE,100,.jpeg,200,438,RGB,eecf364e4a620546acf5e11cd8f6d4759b57ef061a2989c189f4832ac2360d1e
data/fake/100/aug_446_WhatsApp Image 2025-04-05 at 10.59.16.jpeg,1,FAKE,100,.jpeg,200,438,RGB,b9f74718ae5dfa3646b04478185b7f336ab6bf584a1d4357e7784887d4e05953
data/fake/100/aug_447_WhatsApp Image 2025-04-05 at 10.59.16.jpeg,1,FAKE,100,.jpeg,200,438,RGB,19b8376afd25e7421e2d256795461a0f9749b475f787daa13558b201305c96d0
data/fake/100/aug_448_WhatsApp Image 2025-04-05 at 10.59.16.jpeg,1,FAKE,100,.jpeg,200,438,RGB,8dac43f596eb65f4343afef991a98454faa1092cad4e1472ec9a2276caff1ff4
data/fake/100/aug_449_WhatsApp Image 2025-04-05 at 10.59.16.jpeg,1,FAKE,100,.jpeg,200,438,RGB,fef8bc4f24a6cf20a1064dc4b21ce51086da340130e02240b140a52f23b24d2f
data/fake/100/aug_650_WhatsApp Image 2025-04-05 at 10.48.44 (1).jpeg,1,FAKE,100,.jpeg,200,387,RGB,6bfe4762ec247888c1c12de9cef9b8f211c2f1606fe979b9d8cec6a625df4cc3
data/fake/100/aug_651_WhatsApp Image 2025-04-05 at 10.48.44 (1).jpeg,1,FAKE,100,.jpeg,200,387,RGB,bd9e9be1763f795d34e64f8537775781078751f060bc58657c7de4bff6589151
data/fake/100/aug_652_WhatsApp Image 2025-04-05 at 10.48.44 (1).jpeg,1,FAKE,100,.jpeg,200,387,RGB,b296df050ec06c8fd56a0df48f5d11bf2ef2ceae49218eba1215e08d996648bf
data/fake/100/aug_653_WhatsApp Image 2025-04-05 at 10.48.44 (1).jpeg,1,FAKE,100,.jpeg,200,387,RGB,1461d191b54caba0bb37f264a8bd552cb9a7045af80b95b674ce05e702747c8f
data/fake/100/aug_654_WhatsApp Image 2025-04-05 at 10.48.44 (1).jpeg,1,FAKE,100,.jpeg,100,100,RGB,b46cec15a3cb5127dfb7827d5d231b84ab524161406ea3e9290a0761591095ec
data/fake/100/aug_655_WhatsApp Image 2025-04-05 at 10.48.44 (1).jpeg,1,FAKE,100,.jpeg,200,387,RGB,72fa4b436081b0f3eecbc483d80851d665c6aac9c08f63cfed0924bd1addcc9c
data/fake/100/aug_656_WhatsApp Image 2025-04-05 at 10.48.44 (1).jpeg,1,FAKE,100,.jpeg,100,100,RGB,438cbe13a8b0097ae5fa92b77cf138358741003317c9b744eea5d2625a863f46
data/fake/100/aug_657_WhatsApp Image 2025-04-05 at 10.48.44 (1).jpeg,1,FAKE,100,.jpeg,200,387,RGB,e306953cfc62c47efda55bbbdd073dfefe2b4427bc1ae1ee3b29c11dd5109408
data/fake/100/aug_659_WhatsApp Image 2025-04-05 at 10.48.44 (1).jpeg,1,FAKE,100,.jpeg,200,387,RGB,d8f577b83ce71e01342822dbf323b7048f1a99734749099f98a3216f59e7ef53
data/fake/100/aug_660_WhatsApp Image 2025-04-05 at 10.48.44 (1).jpeg,1,FAKE,100,.jpeg,100,100,RGB,fade54bf909f89615cef99a2f7401110c7276acc27aff713b19284c814c60607
data/fake/100/aug_661_WhatsApp Image 2025-04-05 at 10.48.44 (1).jpeg,1,FAKE,100,.jpeg,200,387,RGB,d45025aaa8ff754c806ced68c1ef415b4b3e44ba774cc4ad88a1433ce0c49eb4
data/fake/100/aug_662_WhatsApp Image 2025-04-05 at 10.48.44 (1).jpeg,1,FAKE,100,.jpeg,200,387,RGB,93e3cb32fff68dfd6662c1df59d459929102c2414866d46b54ff61c2812fc377
data/fake/100/aug_663_WhatsApp Image 2025-04-05 at 10.48.44 (1).jpeg,1,FAKE,100,.jpeg,200,387,RGB,acc11862db4ec210006bcf95108671a13eabebaa2846630e603e5e3c4dceeb8b
data/fake/100/aug_664_WhatsApp Image 2025-04-05 at 10.48.44 (1).jpeg,1,FAKE,100,.jpeg,200,387,RGB,72c0bd71290bfa6cd1b8bb758eefb408158f66e7bf09b110730e6d10c1f9393c
data/fake/100/aug_665_WhatsApp Image 2025-04-05 at 10.48.44 (1).jpeg,1,FAKE,100,.jpeg,100,100,RGB,92e45a192afa142626fb1c957d0778d029aabb34b31e178f2754d35ef29bd0ec
data/fake/100/aug_667_WhatsApp Image 2025-04-05 at 10.48.44 (1).jpeg,1,FAKE,100,.jpeg,100,100,RGB,cbe073108546e44b66855b7f20c5db3cee8369a6c85f88ff123b85afbe610318
data/fake/100/aug_670_WhatsApp Image 2025-04-05 at 10.48.44 (1).jpeg,1,FAKE,100,.jpeg,200,387,RGB,8ad3f3838b7ec67fe06d53e7afa52c53eedaef39c29d57d200aab2fbb6183057
data/fake/100/aug_671_WhatsApp Image 2025-04-05 at 10.48.44 (1).jpeg,1,FAKE,100,.jpeg,200,387,RGB,25d6ccbc34867aaf2245fe270a3c1acacf7e37dec24af84de9aa07477c0ef60a
data/fake/100/aug_672_WhatsApp Image 2025-04-05 at 10.48.44 (1).jpeg,1,FAKE,100,.jpeg,200,387,RGB,8628cffda285294ab2d8bd90dc5b2b8721abc3dd73f5b439445e2d2dae218a09
data/fake/100/aug_673_WhatsApp Image 2025-04-05 at 10.48.44 (1).jpeg,1,FAKE,100,.jpeg,200,387,RGB,86482a5cf7464dcacf679e6f1491bc142671f25e52aa2b633e54701d7c6c4f24
data/fake/100/aug_674_WhatsApp Image 2025-04-05 at 10.48.44 (1).jpeg,1,FAKE,100,.jpeg,100,100,RGB,1359bd7a5144b6d67efe8bf26bc7b1e905bc128539815076d390833bef95dd1e
data/fake/100/aug_700_WhatsApp Image 2025-04-05 at 10.59.21.jpeg,1,FAKE,100,.jpeg,200,407,RGB,47347939cd7af639b41c3bbdd154a1fc17a8bba69f0eb3336eddfd661b81767a
data/fake/100/aug_701_WhatsApp Image 2025-04-05 at 10.59.21.jpeg,1,FAKE,100,.jpeg,200,407,RGB,3ce021510fea6b6da1421e6b4411bf7fa8ea78e7a516c10623efd04ece8ff52d
data/fake/100/aug_702_WhatsApp Image 2025-04-05 at 10.59.21.jpeg,1,FAKE,100,.jpeg,100,100,RGB,e7745ba4700fbbb2178191427aa9d2172129c5b3d42bf069640b16b95c444249
data/fake/100/aug_704_WhatsApp Image 2025-04-05 at 10.59.21.jpeg,1,FAKE,100,.jpeg,100,100,RGB,72225e63665d4c0ed0a1220ac3bd2dc88b9099d4b20a651b40b4a94b296b1bae
data/fake/100/aug_705_WhatsApp Image 2025-04-05 at 10.59.21.jpeg,1,FAKE,100,.jpeg,200,407,RGB,b65f1aff51b695cbe52c8aea710d5b6d52187d5668e5bc4c6950cbd1b7798033
data/fake/100/aug_706_WhatsApp Image 2025-04-05 at 10.59.21.jpeg,1,FAKE,100,.jpeg,100,100,RGB,1bdaf54face4e962c9602bd5b7bb7da19fc154b399e454853b2038d035d4ebf4
data/fake/100/aug_709_WhatsApp Image 2025-04-05 at 10.59.21.jpeg,1,FAKE,100,.jpeg,200,407,RGB,1075b3b09f76c84cd8de4411897ebee4f5b817b8f406cbaf74cc4edfab55dfec
data/fake/100/aug_710_WhatsApp Image 2025-04-05 at 10.59.21.jpeg,1,FAKE,100,.jpeg,200,407,RGB,3f35e8f3268c2e63c35dc4f791778d6f6406e8ea6eda8fa7dcc93dd4b09f7e3e
data/fake/100/aug_711_WhatsApp Image 2025-04-05 at 10.59.21.jpeg,1,FAKE,100,.jpeg,200,407,RGB,f8e778591b1d6534ea3d2ac1ce289678ca555489a005ef382ae8f56d94e997f7
data/fake/100/aug_712_WhatsApp Image 2025-04-05 at 10.59.21.jpeg,1,FAKE,100,.jpeg,200,407,RGB,b7ca79fba0a797d8bf50a9d04ca418357eca4fd4dc1a2a2b51f0438c4ef6261f
data/fake/100/aug_713_WhatsApp Image 2025-04-05 at 10.59.21.jpeg,1,FAKE,100,.jpeg,100,100,RGB,2288f99b69316d56e816b1041c15da0cb4e96aafa79b4119f41b582569169e53
data/fake/100/aug_714_WhatsApp Image 2025-04-05 at 10.59.21.jpeg,1,FAKE,100,.jpeg,200,407,RGB,fc545cb7a66a60685759006d18f3fa160fb2646d3eb271671a0dbf531864ce65
data/fake/100/aug_716_WhatsApp Image 2025-04-05 at 10.59.21.jpeg,1,FAKE,100,.jpeg,100,100,RGB,354fccdb58bb925ea42d41392abbe19a580b00cbfe78847ec511073d6cf1a58c
data/fake/100/aug_717_WhatsApp Image 2025-04-05 at 10.59.21.jpeg,1,FAKE,100,.jpeg,100,100,RGB,7947293c6064c31d1127d317dbdf59caea6297aafe6c9604d4274adf63e5dd69
data/fake/100/aug_718_WhatsApp Image 2025-04-05 at 10.59.21.jpeg,1,FAKE,100,.jpeg,100,100,RGB,f1033689c627ace6f6815c015d007a7f6613e566d64272bcb04f511e2850d5c2
data/fake/100/aug_719_WhatsApp Image 2025-04-05 at 10.59.21.jpeg,1,FAKE,100,.jpeg,200,407,RGB,6b88ef0a1cff30bbfe24df952725294980956b38ffe67f521b7e672511716137
data/fake/100/aug_720_WhatsApp Image 2025-04-05 at 10.59.21.jpeg,1,FAKE,100,.jpeg,200,407,RGB,0ee30edba160dd33ed6e7bf7de07736da8320925ba12c58acae013c60b1bc000
data/fake/100/aug_721_WhatsApp Image 2025-04-05 at 10.59.21.jpeg,1,FAKE,100,.jpeg,200,407,RGB,bfccd94e3be92df31abc931be202f8f392d854e838570720571522239b8b138b
data/fake/100/aug_722_WhatsApp Image 2025-04-05 at 10.59.21.jpeg,1,FAKE,100,.jpeg,200,407,RGB,540514dc385b613b174f1a97412845cfe6c40fa678aa618f428fd39655eca0ba
data/fake/100/aug_723_WhatsApp Image 2025-04-05 at 10.59.21.jpeg,1,FAKE,100,.jpeg,100,100,RGB,62e96fa3a52b9bab26236eb471f89bba123d49d2b0c664055b56d77c7402a63c
data/fake/100/aug_724_WhatsApp Image 2025-04-05 at 10.59.21.jpeg,1,FAKE,100,.jpeg,200,407,RGB,dd56101e8b1b4736c382581cf102d314da11aa71e7a3be2f9ecf89cd4a105789
data/fake/100/fake2.png,1,FAKE,100,.png,588,758,RGBA,32930e5e224a6ac0c024f9687ca88381a5fece2c53f2d600c69fb62bb526baac
data/fake/20/aug_0_WhatsApp Image 2025-04-05 at 10.55.41 (1).jpeg,1,FAKE,20,.jpeg,200,410,RGB,47eec149cc0eea6eb857911c73b4b16fb01bd8dc72de58af3ba63278b292da64
data/fake/20/aug_1025_WhatsApp Image 2025-04-05 at 10.59.14.jpeg,1,FAKE,20,.jpeg,200,397,RGB,ec443f8ff035a4a72bbe2e264c856d7bb98b6d971ecc8fc21487e90d18f47279
data/fake/20/aug_1026_WhatsApp Image 2025-04-05 at 10.59.14.jpeg,1,FAKE,20,.jpeg,200,397,RGB,120fd4f6ecf5d9478c58e4ec65a41383e39a20e91e9c504b19ceb8898e95ca8a
data/fake/20/aug_1027_WhatsApp Image 2025-04-05 at 10.59.14.jpeg,1,FAKE,20,.jpeg,200,397,RGB,576ecf2e356efb072098119c68b7846120694fd458d153cd420b018c87546f81
data/fake/20/aug_1028_WhatsApp Image 2025-04-05 at 10.59.14.jpeg,1,FAKE,20,.jpeg,200,397,RGB,ccdfc8d07d3972586f5746fc7347738a9b886b1bdce7ed76795bea0d8f3efcab
data/fake/20/aug_1030_WhatsApp Image 2025-04-05 at 10.59.14.jpeg,1,FAKE,20,.jpeg,100,100,RGB,2308e434271a67099e6dc9ba7201c40b7ca88cc5f4fc7c3c912ee2eb9a77292e
data/fake/20/aug_1031_WhatsApp Image 2025-04-05 at 10.59.14.jpeg,1,FAKE,20,.jpeg,200,397,RGB,e6360e609f929658507ecb5502afa8ed3121f95d1d7bd25afbc4c76735ebdeaf
data/fake/20/aug_1032_WhatsApp Image 2025-04-05 at 10.59.14.jpeg,1,FAKE,20,.jpeg,200,397,RGB,14fd7389708cd214b37da17fc7e20b83a2181125b7c527b1acb29090510f8181
data/fake/20/aug_1033_WhatsApp Image 2025-04-05 at 10.59.14.jpeg,1,FAKE,20,.jpeg,200,397,RGB,be38d90cfea898f6bf3c9a1dec629761ac937f8d84535e12d866d1f747c48927
data/fake/20/aug_1034_WhatsApp Image 2025-04-05 at 10.59.14.jpeg,1,FAKE,20,.jpeg,100,100,RGB,64fa79fa86ba084fda148460eceb751c3291701d6d9629c83b67df9c51a202bb
data/fake/20/aug_1036_WhatsApp Image 2025-04-05 at 10.59.14.jpeg,1,FAKE,20,.jpeg,100,100,RGB,58a8719ba30ab701454df6e3e4612b3a268d850062c8b9fc6d1383e2b9ffedfc
data/fake/20/aug_1037_WhatsApp Image 2025-04-05 at 10.59.14.jpeg,1,FAKE,20,.jpeg,100,100,RGB,6413d9619fbd443dce38b5a1f707e8b68945032318815d3b8c12295d5976524a
data/fake/20/aug_1038_WhatsApp Image 2025-04-05 at 10.59.14.jpeg,1,FAKE,20,.jpeg,200,397,RGB,f3972e8cfb2eeb27e12b862dcba2fb1b89a5fdd8040c290c38a3fc8fcfa3f890
data/fake/20/aug_1039_WhatsApp Image 2025-04-05 at 10.59.14.jpeg,1,FAKE,20,.jpeg,200,397,RGB,c42fc7a8ec47fed2a0453e8499369647ea79271315fe672130cfb32ba2afa246
data/fake/20/aug_1040_WhatsApp Image 2025-04-05 at 10.59.14.jpeg,1,FAKE,20,.jpeg,200,397,RGB,03bf76775c311740537ce97e15c15b25ee990166825d65a951976a498f71c419
data/fake/20/aug_1041_WhatsApp Image 2025-04-05 at 10.59.14.jpeg,1,FAKE,20,.jpeg,200,397,RGB,7a77a6a2c44c833b8fc4b40b5975283efb94d7abd3041e925dc27470a9d60ff9
data/fake/20/aug_1042_WhatsApp Image 2025-04-05 at 10.59.14.jpeg,1,FAKE,20,.jpeg,200,397,RGB,4c0096423919b8b052916221aaf310cf0557b5a6a1fd5c1b879e8b53f19c2a84
data/fake/20/aug_1043_WhatsApp Image 2025-04-05 at 10.59.14.jpeg,1,FAKE,20,.jpeg,200,397,RGB,efb9f0d7272b15c4cc1be5f9aebf24e4423e6e8d20bac462904530c1ce0addda
data/fake/20/aug_1044_WhatsApp Image 2025-04-05 at 10.59.14.jpeg,1,FAKE,20,.jpeg,100,100,RGB,1cb4b35fcca956ebc17137ff55750ad7207b21fb18ed6e3d84f5849b6b2ac13f
data/fake/20/aug_1045_WhatsApp Image 2025-04-05 at 10.59.14.jpeg,1,FAKE,20,.jpeg,200,397,RGB,4cae1d66ccc531aa53c10de8830e1223ab413c04e206ce2a0ade325645787978
data/fake/20/aug_1048_WhatsApp Image 2025-04-05 at 10.59.14.jpeg,1,FAKE,20,.jpeg,100,100,RGB,cbe61f7d2fe9a3d45d0b5d5408a38fbd0ed00554bc8cbc79f699e99b72ed31b4
data/fake/20/aug_10_WhatsApp Image 2025-04-05 at 10.55.41 (1).jpeg,1,FAKE,20,.jpeg,100,100,RGB,b4d31141bd856073378edb635b264c358fa8deb8bb61040ee8ab068b390b1e12
data/fake/20/aug_11_WhatsApp Image 2025-04-05 at 10.55.41 (1).jpeg,1,FAKE,20,.jpeg,200,410,RGB,1f393a04d37f8b2a05530526711c61d598591606fc3cf39dbc8f866d080569f0
data/fake/20/aug_12_WhatsApp Image 2025-04-05 at 10.55.41 (1).jpeg,1,FAKE,20,.jpeg,100,100,RGB,5e19ddfd61e0bd36ef3b614695bd6116474d348a13fb47a45909840af259a5d0
data/fake/20/aug_14_WhatsApp Image 2025-04-05 at 10.55.41 (1).jpeg,1,FAKE,20,.jpeg,200,410,RGB,40040b70e3408cfec0429d1b6368b4a56c5aa5aea8b32a96aac669942e27f90b
data/fake/20/aug_1551_WhatsApp Image 2025-04-05 at 10.48.36 (1).jpeg,1,FAKE,20,.jpeg,100,100,RGB,4edcbfe86bcff838b043427367ebd6ea16ab1b26dfab6b3010ce8d0fd8228ddf
data/fake/20/aug_1554_WhatsApp Image 2025-04-05 at 10.48.36 (1).jpeg,1,FAKE,20,.jpeg,200,405,RGB,06ab08480be9edb9c578334176fb8aa96ae58607676eadcf9156a61de1ee15d7
data/fake/20/aug_1555_WhatsApp Image 2025-04-05 at 10.48.36 (1).jpeg,1,FAKE,20,.jpeg,200,405,RGB,e9715a45881b93025402d76d94a087ac6ce952daa0e33fb50cd9591dd843b24c
data/fake/20/aug_1556_WhatsApp Image 2025-04-05 at 10.48.36 (1).jpeg,1,FAKE,20,.jpeg,100,100,RGB,9b9cab6d34b943efe4817b47d75f65bfdeba33ac2e88365949133924c1fd9f40
data/fake/20/aug_1558_WhatsApp Image 2025-04-05 at 10.48.36 (1).jpeg,1,FAKE,20,.jpeg,100,100,RGB,c5ace9ec130d1ee2fa2634aac72b1d5e56ca670c50359bb9031d69c288c168b2
data/fake/20/aug_1559_WhatsApp Image 2025-04-05 at 10.48.36 (1).jpeg,1,FAKE,20,.jpeg,200,405,RGB,17d1c18b08e0fc3ebc947bcc5d3ec3f485297bc0083f81ef444ca7a3d2ea1cba
data/fake/20/aug_1560_WhatsApp Image 2025-04-05 at 10.48.36 (1).jpeg,1,FAKE,20,.jpeg,200,405,RGB,18156ad673b54513e04f5cafcafeaa72a18e70735660fe8abfe57a275d8f6d03
data/fake/20/aug_1562_WhatsApp Image 2025-04-05 at 10.48.36 (1).jpeg,1,FAKE,20,.jpeg,200,405,RGB,9aa69828103b1045d653aec4bb9c4c31d66b71875f543f5a670880f33b14b8c5
data/fake/20/aug_1564_WhatsApp Image 2025-04-05 at 10.48.36 (1).jpeg,1,FAKE,20,.jpeg,100,100,RGB,eb3c0b80c311ca631cbaf6ff6b5c235bcf50ab41638518b34307dcfa4e51caed
data/fake/20/aug_1565_WhatsApp Image 2025-04-05 at 10.48.36 (1).jpeg,1,FAKE,20,.jpeg,200,405,RGB,5d9e907fdb275257d4ca98d972598a29aaa45723f200d0d9878196dd3eb43737
data/fake/20/aug_1569_WhatsApp Image 2025-04-05 at 10.48.36 (1).jpeg,1,FAKE,20,.jpeg,200,405,RGB,544379dd41dd9fa43d9a8a191527e419cc00125b8440c042766e2b8fc923d7c8
data/fake/20/aug_1570_WhatsApp Image 2025-04-05 at 10.48.36 (1).jpeg,1,FAKE,20,.jpeg,100,100,RGB,e0bb28165b277893b0244be783d63f577968ee6defd947b07fa497f56a8e53cc
data/fake/20/aug_1574_WhatsApp Image 2025-04-05 at 10.48.36 (1).jpeg,1,FAKE,20,.jpeg,200,405,RGB,a3d34797a94b54f597599204aaa3028de0f396fdd5e0d962e5de6ebb97b1d06d
data/fake/20/aug_16_WhatsApp Image 2025-04-05 at 10.55.41 (1).jpeg,1,FAKE,20,.jpeg,100,100,RGB,3f6299688ae886ced61ecc4f6b873303fc029f4362cfecc65d831c95ff5f6c0c
data/fake/20/aug_17_WhatsApp Image 2025-04-05 at 10.55.41 (1).jpeg,1,FAKE,20,.jpeg,200,410,RGB,e94d04e5714a0e969aec9ad3ed899053f4561b0276a50ec2a0ae271912d7f42e
data/fake/20/aug_1826_WhatsApp Image 2025-04-05 at 10.59.13.jpeg,1,FAKE,20,.jpeg,200,397,RGB,f30d41361adfeb7945acf2ac7866279c64a9acbec6d1913520f75c6c013de4f5
data/fake/20/aug_1830_WhatsApp Image 2025-04-05 at 10.59.13.jpeg,1,FAKE,20,.jpeg,100,100,RGB,b25f60e722a5a276e0e3ed477b1ac53b78331bb01691327482fe8a24185cdcd9
data/fake/20/aug_1831_WhatsApp Image 2025-04-05 at 10.59.13.jpeg,1,FAKE,20,.jpeg,100,100,RGB,2da87585af8bcfcfec81f54d8b0f0d941f3c67debf5289e402bf2e98bdd9a622
data/fake/20/aug_1834_WhatsApp Image 2025-04-05 at 10.59.13.jpeg,1,FAKE,20,.jpeg,100,100,RGB,9dedc8834e33c074432defaac676b3d48457137c0ff34b50c16ed5c951160700
data/fake/20/aug_1836_WhatsApp Image 2025-04-05 at 10.59.13.jpeg,1,FAKE,20,.jpeg,200,397,RGB,c402d3e4e5777bc528b2fc70e2965f9827e995971a13f2e257d793cc5a5d096a
data/fake/20/aug_1837_WhatsApp Image 2025-04-05 at 10.59.13.jpeg,1,FAKE,20,.jpeg,200,397,RGB,fa9092377ef4ab0a1604e42c398bce68a1f4b6bc50ebc449fda66e6906628257
data/fake/20/aug_1838_WhatsApp Image 2025-04-05 at 10.59.13.jpeg,1,FAKE,20,.jpeg,200,397,RGB,d2b4b5d445c14d577b2bc088f1b84270a92f018f6761beb121a041db043dc892
data/fake/20/aug_1839_WhatsApp Image 2025-04-05 at 10.59.13.jpeg,1,FAKE,20,.jpeg,200,397,RGB,a4e70da57123ec9025d1268f92b251750ce8bad6a43ada7eabe4266d60265f80
data/fake/20/aug_1840_WhatsApp Image 2025-04-05 at 10.59.13.jpeg,1,FAKE,20,.jpeg,200,397,RGB,60c4d47b3f04772592fba375fd06086165ad709fd39a8d41141ea32ea34b4de4
data/fake/20/aug_1843_WhatsApp Image 2025-04-05 at 10.59.13.jpeg,1,FAKE,20,.jpeg,200,397,RGB,ca76034324b749d698444056dba68fe32365979646eee98fae89d05aacc8b878
data/fake/20/aug_1844_WhatsApp Image 2025-04-05 at 10.59.13.jpeg,1,FAKE,20,.jpeg,200,397,RGB,29accbf358c9190ea1daee28402fd102b41dfd31f18167b648bbe39a62d60f63
data/fake/20/aug_1845_WhatsApp Image 2025-04-05 at 10.59.13.jpeg,1,FAKE,20,.jpeg,200,397,RGB,f7919fe1b80147a75d7ada719d117741a0175e7d86bfe5f65f9f513aa22b85fd
data/fake/20/aug_1846_WhatsApp Image 2025-04-05 at 10.59.13.jpeg,1,FAKE,20,.jpeg,200,397,RGB,c3d08a95369ac4d2c4276fd050f077b71c397a0ceb9d8c0847318f8dd2af2258
data/fake/20/aug_1847_WhatsApp Image 2025-04-05 at 10.59.13.jpeg,1,FAKE,20,.jpeg,100,100,RGB,70e073c32dc1e0141aa16c5dfacd30cd20d328a3787a0f605336f8820d1340f6
data/fake/20/aug_1848_WhatsApp Image 2025-04-05 at 10.59.13.jpeg,1,FAKE,20,.jpeg,200,397,RGB,c66513538238da6666b8ac166a92e75a6e8aa065fca8e50de3345b7e04102e9a
data/fake/20/aug_19_WhatsApp Image 2025-04-05 at 10.55.41 (1).jpeg,1,FAKE,20,.jpeg,100,100,RGB,ff277e3c0855f450366d39e5e3a4cc27972cec5a8e58ac021de2f90c6838e1ba
data/fake/20/aug_1_WhatsApp Image 2025-04-05 at 10.55.41 (1).jpeg,1,FAKE,20,.jpeg,200,410,RGB,0c38cd922c596839f98f924c09a121d5fa41d7991fc3ce728bcc3858ef3e21d8
data/fake/20/aug_21_WhatsApp Image 2025-04-05 at 10.55.41 (1).jpeg,1,FAKE,20,.jpeg,100,100,RGB,131750ddf339c66944f6a36a85eb2e2480fd60de0262a3e119487aa03ff6cfaf
data/fake/20/aug_22_WhatsApp Image 2025-04-05 at 10.55.41 (1).jpeg,1,FAKE,20,.jpeg,200,410,RGB,a3fe2b47db299efbe90a751113ff5aa234c8aaab045648739487986c6f1f1668
data/fake/20/aug_23_WhatsApp Image 2025-04-05 at 10.55.41 (1).jpeg,1,FAKE,20,.jpeg,200,410,RGB,6b0eadf23de2ed9750c2183e471f016eaa5ab8da5409bf1f65ef1024754fcdeb
data/fake/20/aug_25_WhatsApp Image 2025-04-05 at 10.55.40 (1).jpeg,1,FAKE,20,.jpeg,100,100,RGB,f06a71be55bf85b0a9a7e0b718ea091988b9f564f8192c60e36ecbe346a0b20f
data/fake/20/aug_26_WhatsApp Image 2025-04-05 at 10.55.40 (1).jpeg,1,FAKE,20,.jpeg,100,100,RGB,e600c636b82973ec24b9921ac45de16b12300d4f9a39070c23f430ec80ac6c64
data/fake/20/aug_28_WhatsApp Image 2025-04-05 at 10.55.40 (1).jpeg,1,FAKE,20,.jpeg,200,375,RGB,abd91f920eab170b7ccf771a9a9e3df9427bf4f3453a1cb219d83ebb0aac4740
data/fake/20/aug_29_WhatsApp Image 2025-04-05 at 10.55.40 (1).jpeg,1,FAKE,20,.jpeg,100,100,RGB,397359830dbddb328ab780d7e83b318e0ff3ae3f267f9b371fbe5fed103a8e20
data/fake/20/aug_2_WhatsApp Image 2025-04-05 at 10.55.41 (1).jpeg,1,FAKE,20,.jpeg,100,100,RGB,dd49a27cc8ad860826bb84812ff3d5416787e910983badedbd33d8424996fd35
data/fake/20/aug_30_WhatsApp Image 2025-04-05 at 10.55.40 (1).jpeg,1,FAKE,20,.jpeg,100,100,RGB,4230da47780c0faf798e821dfffb30dfee58a1715293a680c65ad0a6d944257c
data/fake/20/aug_31_WhatsApp Image 2025-04-05 at 10.55.40 (1).jpeg,1,FAKE,20,.jpeg,200,375,RGB,595f7d2363dbdc95f8de214e06ad3bf35335dd3bffc78f2284c1104761988bd1
data/fake/20/aug_32_WhatsApp Image 2025-04-05 at 10.55.40 (1).jpeg,1,FAKE,20,.jpeg,200,375,RGB,dc9c3e1e0a76b8f798fe65898bd251a2a7768a4e120e4c289c0f04ba74f96df3
data/fake/20/aug_33_WhatsApp Image 2025-04-05 at 10.55.40 (1).jpeg,1,FAKE,20,.jpeg,200,375,RGB,3fa1ddb8664495055acd472d8606b1a99143a5142603bf34dfae1dd98d4e89e3
data/fake/20/aug_34_WhatsApp Image 2025-04-05 at 10.55.40 (1).jpeg,1,FAKE,20,.jpeg,200,375,RGB,7624a3aca06bd1f54b954d6f8dd584f7b8dfb16fa0ead06e4f6aba8eb4fe469c
data/fake/20/aug_35_WhatsApp Image 2025-04-05 at 10.55.40 (1).jpeg,1,FAKE,20,.jpeg,100,100,RGB,14a0494710174e8808bf0a39a1847b718be0c6460f4a740d5b2147a09e7db74e
data/fake/20/aug_36_WhatsApp Image 2025-04-05 at 10.55.40 (1).jpeg,1,FAKE,20,.jpeg,100,100,RGB,caf915b4e244516dc0645aeb20ba6bc7b790d9d57f5b30e63a688cb544b9cebb
data/fake/20/aug_3_WhatsApp Image 2025-04-05 at 10.55.41 (1).jpeg,1,FAKE,20,.jpeg,200,410,RGB,bb6fae0f5f6d65771f57328531ff033ec9fd45066cc71355151e2a0449f5b18a
data/fake/20/aug_40_WhatsApp Image 2025-04-05 at 10.55.40 (1).jpeg,1,FAKE,20,.jpeg,200,375,RGB,4a8045ff44a22640d5f1881ffa48905183185fd18239c578ea0c612272e7364a
data/fake/20/aug_41_WhatsApp Image 2025-04-05 at 10.55.40 (1).jpeg,1,FAKE,20,.jpeg,100,100,RGB,bdcfa3c5f3cd5b3475d4c6ae969d302b3fcf8c2e2f1ffff17620fd8520c87410
data/fake/20/aug_42_WhatsApp Image 2025-04-05 at 10.55.40 (1).jpeg,1,FAKE,20,.jpeg,100,100,RGB,b34320a816724eb58d3bfaacb398ec53841af8f8a57e05c06a2600af0c60c4be
data/fake/20/aug_44_WhatsApp Image 2025-04-05 at 10.55.40 (1).jpeg,1,FAKE,20,.jpeg,200,375,RGB,6433eae779cae36d56a97d0a728245f23c099ff63dd1886105625fa542cf04a3
data/fake/20/aug_46_WhatsApp Image 2025-04-05 at 10.55.40 (1).jpeg,1,FAKE,20,.jpeg,100,100,RGB,29256103a7e4649cb2cb3fdd1fcca1f80c963ab66bd56113b2f16e530b017416
data/fake/20/aug_475_WhatsApp Image 2025-04-05 at 10.55.39.jpeg,1,FAKE,20,.jpeg,200,368,RGB,8c9a968da51ed10c46a1fce777da310bebd59aa09cf0cba7d3985dd2df64fbd3
data/fake/20/aug_476_WhatsApp Image 2025-04-05 at 10.55.39.jpeg,1,FAKE,20,.jpeg,100,100,RGB,d94c18468b22738f6d1bd79b37c4d64b20d302a954871309d241186f905ad29a
data/fake/20/aug_477_WhatsApp Image 2025-04-05 at 10.55.39.jpeg,1,FAKE,20,.jpeg,100,100,RGB,5d75839bba47d381bb2be170f0c54858dbd680155eb17725d479fccf4382eb18
data/fake/20/aug_478_WhatsApp Image 2025-04-05 at 10.55.39.jpeg,1,FAKE,20,.jpeg,200,368,RGB,7670bd2f8177c809ba7e305e9b0066169a252a70284d89b9c2460f64e5f677dd
data/fake/20/aug_479_WhatsApp Image 2025-04-05 at 10.55.39.jpeg,1,FAKE,20,.jpeg,100,100,RGB,71618e8f1bc16aaf0ebb8e6a5f26eeaafd317bf5239e88c98c5a67dbe5bdec2f
data/fake/20/aug_47_WhatsApp Image 2025-04-05 at 10.55.40 (1).jpeg,1,FAKE,20,.jpeg,200,375,RGB,5d2e30d16d4b4a860f4c22c512a84fec66117c19a2cdf28f6fb5f2402eff388d
data/fake/20/aug_480_WhatsApp Image 2025-04-05 at 10.55.39.jpeg,1,FAKE,20,.jpeg,200,368,RGB,98b3e0a7ed17b7ac7b500a6bd55cdaafdb72d8c6292c868215231ae0565050fe
data/fake/20/aug_481_WhatsApp Image 2025-04-05 at 10.55.39.jpeg,1,FAKE,20,.jpeg,200,368,RGB,ea320c29e48a204954d331d06c6ab4ece64a3e3ccb014a45c845ac14178a3d37
data/fake/20/aug_482_WhatsApp Image 2025-04-05 at 10.55.39.jpeg,1,FAKE,20,.jpeg,200,368,RGB,306d12c0d307c96d8c7ecab0de285b0ffd6b96dc3af106481b3a43bda3abd6c9
data/fake/20/aug_483_WhatsApp Image 2025-04-05 at 10.55.39.jpeg,1,FAKE,20,.jpeg,200,368,RGB,2cdc122e0fca6f20bd5242065067e3e68c98c1b4579a7591c65b656cf5302c80
data/fake/20/aug_484_WhatsApp Image 2025-04-05 at 10.55.39.jpeg,1,FAKE,20,.jpeg,100,100,RGB,84222d40913e8b543d243cd21942d3130849a4f1cb5a08576cc1f0741d1da202
data/fake/20/aug_485_WhatsApp Image 2025-04-05 at 10.55.39.jpeg,1,FAKE,20,.jpeg,100,100,RGB,a7362d98b7c8a979f958b21fcdcf0c6a3f8f3c34c0db1ac731191c6168697dbf
data/fake/20/aug_486_WhatsApp Image 2025-04-05 at 10.55.39.jpeg,1,FAKE,20,.jpeg,200,368,RGB,efb502aa32572ffa70d7c28e27624e57660e1f089ff7d2b3a2a658447541cb0f
data/fake/20/aug_487_WhatsApp Image 2025-04-05 at 10.55.39.jpeg,1,FAKE,20,.jpeg,200,368,RGB,67725444ed340d4eb6527da7a85f0ad6c0bff4308c0af915858027baa8394123
data/fake/20/aug_489_WhatsApp Image 2025-04-05 at 10.55.39.jpeg,1,FAKE,20,.jpeg,100,100,RGB,64e9b19bb050b0ee747bd26a2437e305b662d6d840538079bd808527be2a9b50
data/fake/20/aug_48_WhatsApp Image 2025-04-05 at 10.55.40 (1).jpeg,1,FAKE,20,.jpeg,200,375,RGB,3a66729b0aa83d7809e436ab12e543ab643a8b12d937aa0adfd8f13ee5cc8b96
data/fake/20/aug_493_WhatsApp Image 2025-04-05 at 10.55.39.jpeg,1,FAKE,20,.jpeg,200,368,RGB,5447b3db851309637f0858fc6c9fb8d4fa821cec38808dc0e68a57d734f8cfb5
data/fake/20/aug_494_WhatsApp Image 2025-04-05 at 10.55.39.jpeg,1,FAKE,20,.jpeg,200,368,RGB,56da17fc8f103ea3c0d50707f08cf89e89ecaf1575e0367229ccb427f4b4b665
data/fake/20/aug_495_WhatsApp Image 2025-04-05 at 10.55.39.jpeg,1,FAKE,20,.jpeg,200,368,RGB,9b1309883c7e49d4d5f6e14952bf25ae1bb5fd63b14a2ba09bd6dc7c6e547b0c
data/fake/20/aug_496_WhatsApp Image 2025-04-05 at 10.55.39.jpeg,1,FAKE,20,.jpeg,200,368,RGB,c93b7b432d4a9c3bf102d4e41dee70fda5fdba91d947af91197ab5c7719eeb3f
data/fake/20/aug_49_WhatsApp Image 2025-04-05 at 10.55.40 (1).jpeg,1,FAKE,20,.jpeg,200,375,RGB,5232a95c07a21011ea8913a65817b2fb3fcbd27a630d24428b965ff552f31a9b
data/fake/20/aug_4_WhatsApp Image 2025-04-05 at 10.55.41 (1).jpeg,1,FAKE,20,.jpeg,200,410,RGB,809ee0c3a3181c468425fbf262cca7b68a5d88cd248f70c60c40e36640dec924
data/fake/20/aug_726_WhatsApp Image 2025-04-05 at 10.59.19 (1).jpeg,1,FAKE,20,.jpeg,200,395,RGB,da139352577049da7751b236e8a93e79f2a50206f93739c1ac507aee5fa78267
data/fake/20/aug_728_WhatsApp Image 2025-04-05 at 10.59.19 (1).jpeg,1,FAKE,20,.jpeg,200,395,RGB,52453960215b8fc3622d12bab690a4085af1331de008ea20a96fb6de937abde1
data/fake/20/aug_730_WhatsApp Image 2025-04-05 at 10.59.19 (1).jpeg,1,FAKE,20,.jpeg,100,100,RGB,0a3f9b293d86535620a1ef6f1cf791fed774c23449430ac959b7180aa76a2671
data/fake/20/aug_732_WhatsApp Image 2025-04-05 at 10.59.19 (1).jpeg,1,FAKE,20,.jpeg,100,100,RGB,82d3d0b06aca1a991ac726656f3d4863a38482d4b90ea0c3b0ca8c03a43264e0
data/fake/20/aug_733_WhatsApp Image 2025-04-05 at 10.59.19 (1).jpeg,1,FAKE,20,.jpeg,200,395,RGB,f771e582a5c634cc0b17c8c40210269ae09bd2705bae8273710cfba6823766ca
data/fake/20/aug_734_WhatsApp Image 2025-04-05 at 10.59.19 (1).jpeg,1,FAKE,20,.jpeg,100,100,RGB,3968cc365e2cc9e239a733543b40812f9f5d76d38aa6e137e528ff1dba1e4607
data/fake/20/aug_735_WhatsApp Image 2025-04-05 at 10.59.19 (1).jpeg,1,FAKE,20,.jpeg,100,100,RGB,fa1ee91d96ba97081465f5ae78a545f77afece83801d05e84e4f3a56c9453c5c
data/fake/20/aug_736_WhatsApp Image 2025-04-05 at 10.59.19 (1).jpeg,1,FAKE,20,.jpeg,200,395,RGB,e06efbd466e0cd44a83e1841b6a01da2212e03cdea9e4ffa6cb410226121e475
data/fake/20/aug_737_WhatsApp Image 2025-04-05 at 10.59.19 (1).jpeg,1,FAKE,20,.jpeg,200,395,RGB,4f6ee661b8f037672770bc9d5148ded49bcbccd6875f2dad7f573ac06681671e
data/fake/20/aug_738_WhatsApp Image 2025-04-05 at 10.59.19 (1).jpeg,1,FAKE,20,.jpeg,200,395,RGB,092f2898797cfc518909daabfcfd6a2042f4f7fa1ee77f0790531e511db9cb1a
data/fake/20/aug_740_WhatsApp Image 2025-04-05 at 10.59.19 (1).jpeg,1,FAKE,20,.jpeg,200,395,RGB,5d933a7d2f06c4de118f5521f9b820a01de9e377b34501bbffd2fba4d8e06989
data/fake/20/aug_742_WhatsApp Image 2025-04-05 at 10.59.19 (1).jpeg,1,FAKE,20,.jpeg,100,100,RGB,abdd69633b6b47fd7e6c2ebfb876dcb4f562ec88c73777b8118b8756dd95690b
data/fake/20/aug_743_WhatsApp Image 2025-04-05 at 10.59.19 (1).jpeg,1,FAKE,20,.jpeg,100,100,RGB,8171ce5eeb5925614bbc6cb1daf575c4c9dad107f102408715b23952dfd96a97
data/fake/20/aug_744_WhatsApp Image 2025-04-05 at 10.59.19 (1).jpeg,1,FAKE,20,.jpeg,100,100,RGB,af75da4933761965b375203d035600ed3c1f07ffc52bcdf2521129f3b4c65c38
data/fake/20/aug_748_WhatsApp Image 2025-04-05 at 10.59.19 (1).jpeg,1,FAKE,20,.jpeg,200,395,RGB,51fce6fbf702699a3da71c4171ae5edb220bf6b9f7c34c25fc9d12cf1366ae41
data/fake/20/aug_749_WhatsApp Image 2025-04-05 at 10.59.19 (1).jpeg,1,FAKE,20,.jpeg,200,395,RGB,e938d0f96a9fc9f026ef7ea34593128cd82af37f2197f49e932b42a70a18badb
data/fake/20/aug_750_WhatsApp Image 2025-04-05 at 10.59.18 (1).jpeg,1,FAKE,20,.jpeg,200,423,RGB,4e7a35f916f173e07f6462c3cce7912d059f379e710b659bf26dde799f25285a
data/fake/20/aug_75_WhatsApp Image 2025-04-05 at 10.48.34 (1).jpeg,1,FAKE,20,.jpeg,409,200,RGB,0ac978c1c9cd0535c13791eb3c94b95e897ac5d499674cdb96ba03835e478ee2
data/fake/20/aug_76_WhatsApp Image 2025-04-05 at 10.48.34 (1).jpeg,1,FAKE,20,.jpeg,100,100,RGB,125d7edecfb0fb699cc8f923c3c134aca8ab72046ea8da6028d3ab4d7388fba3
data/fake/20/aug_77_WhatsApp Image 2025-04-05 at 10.48.34 (1).jpeg,1,FAKE,20,.jpeg,100,100,RGB,fbd125fa7bbbdbe433209794f985e6cd8caa26162beafe1b16e3bc75f1b4074c
data/fake/20/aug_78_WhatsApp Image 2025-04-05 at 10.48.34 (1).jpeg,1,FAKE,20,.jpeg,409,200,RGB,a8a5e897b1d97cfaac9e207c63923595eb352533c732c59128d427ffa659abf7
data/fake/20/aug_79_WhatsApp Image 2025-04-05 at 10.48.34 (1).jpeg,1,FAKE,20,.jpeg,100,100,RGB,d28f51cc580d6119d95e21733c6fa3cd574dd65affaeca76fa98d256cc90a01e
data/fake/20/aug_7_WhatsApp Image 2025-04-05 at 10.55.41 (1).jpeg,1,FAKE,20,.jpeg,100,100,RGB,49ab182b6b5c1a31cb130518f3f9aa8101d5943bfdc3b82c7c7dda037847bafc
data/fake/20/aug_800_WhatsApp Image 2025-04-05 at 10.48.32 (1).jpeg,1,FAKE,20,.jpeg,406,200,RGB,cf8dd9692f7533cbc13858f7a0d10963590ae3c1746105752a18c9c8bee0ba42
data/fake/20/aug_803_WhatsApp Image 2025-04-05 at 10.48.32 (1).jpeg,1,FAKE,20,.jpeg,406,200,RGB,ced691be106091a47cb810c4aad802384f7b94b1ba82b13fa60b3a23a390578a
data/fake/20/aug_804_WhatsApp Image 2025-04-05 at 10.48.32 (1).jpeg,1,FAKE,20,.jpeg,406,200,RGB,9745ef9e03c710d8a55d1c98416331206cf0e821f694e30556ad4d9766085748
data/fake/20/aug_805_WhatsApp Image 2025-04-05 at 10.48.32 (1).jpeg,1,FAKE,20,.jpeg,100,100,RGB,89ff75021c3ffe57c4057c60d9b1b9bdd8578b2a9e7d7d620a853c1bf3aeca2f
data/fake/20/aug_807_WhatsApp Image 2025-04-05 at 10.48.32 (1).jpeg,1,FAKE,20,.jpeg,406,200,RGB,4445a06a9219267c394c17b6d46052a221592b4bc23143cb49703983d12dc463
data/fake/20/aug_809_WhatsApp Image 2025-04-05 at 10.48.32 (1).jpeg,1,FAKE,20,.jpeg,406,200,RGB,7f0f316f09cb280db5c6b9299fed3d40771e79c081c96750074a431bac3356b0
data/fake/20/aug_80_WhatsApp Image 2025-04-05 at 10.48.34 (1).jpeg,1,FAKE,20,.jpeg,100,100,RGB,8db47e5176d461e3df7d46af9c4c0e480709d1b7d9434ab692ec199bdb2bcdd4
data/fake/20/aug_810_WhatsApp Image 2025-04-05 at 10.48.32 (1).jpeg,1,FAKE,20,.jpeg,406,200,RGB,662fb58700b3962d1c00ae9eb5589ac06b64f374f05645f0aaae17322b30e1eb
data/fake/20/aug_811_WhatsApp Image 2025-04-05 at 10.48.32 (1).jpeg,1,FAKE,20,.jpeg,406,200,RGB,7efbae1a5caab102eb19986b6d8cb37d2f66138f5bd2fc0798a27dafb0d3589b
data/fake/20/aug_812_WhatsApp Image 2025-04-05 at 10.48.32 (1).jpeg,1,FAKE,20,.jpeg,406,200,RGB,7b35d882fd6e6f810ae1e87eec9b680645e4ddfe188a0f72fe7a410903a48f3b
data/fake/20/aug_813_WhatsApp Image 2025-04-05 at 10.48.32 (1).jpeg,1,FAKE,20,.jpeg,100,100,RGB,dc1c13e8e72071c3c261a447fd4608d5b8e3e66ab220e170f0447e7a32a6c784
data/fake/20/aug_814_WhatsApp Image 2025-04-05 at 10.48.32 (1).jpeg,1,FAKE,20,.jpeg,406,200,RGB,300802b072a845ee4e7949d398e72fddcb7bb386dee0b523a7a9689548d22f06
data/fake/20/aug_815_WhatsApp Image 2025-04-05 at 10.48.32 (1).jpeg,1,FAKE,20,.jpeg,406,200,RGB,2da19a82862e097ee2e7e52be15c3ec257e26e2c8669b913afd9c9ef6cab4965
data/fake/20/aug_817_WhatsApp Image 2025-04-05 at 10.48.32 (1).jpeg,1,FAKE,20,.jpeg,406,200,RGB,011d96f2f3167e6e4449d3b8de6e44a6ee0588dcc247aa23af49ca28451d8dd8
data/fake/20/aug_818_WhatsApp Image 2025-04-05 at 10.48.32 (1).jpeg,1,FAKE,20,.jpeg,100,100,RGB,889a40c17335c95b35689be48a306e8242cf60efc344cb9a4cc6d6de750df760
data/fake/20/aug_81_WhatsApp Image 2025-04-05 at 10.48.34 (1).jpeg,1,FAKE,20,.jpeg,100,100,RGB,e887ffc9013defa68aa4b4739e48c3aa551495fe71c764c45f540caee76870a1
data/fake/20/aug_820_WhatsApp Image 2025-04-05 at 10.48.32 (1).jpeg,1,FAKE,20,.jpeg,100,100,RGB,7e08f1ec43872e7d5a71335caf356090cc9b070e2fe8bbff4e1ac1818d795039
data/fake/20/aug_821_WhatsApp Image 2025-04-05 at 10.48.32 (1).jpeg,1,FAKE,20,.jpeg,406,200,RGB,9972aca5904cf132999777ddc81d91617665333ebb5f4f38bf68125bc772bd4c
data/fake/20/aug_822_WhatsApp Image 2025-04-05 at 10.48.32 (1).jpeg,1,FAKE,20,.jpeg,100,100,RGB,221c29aa974ecbd89a04f7c174ace484eeb99f75791f1401d2b43086ebaf5fc7
data/fake/20/aug_823_WhatsApp Image 2025-04-05 at 10.48.32 (1).jpeg,1,FAKE,20,.jpeg,406,200,RGB,0ef399183cf1468b821dd8bf977a2bb7dd85e5bb53754c1da535cc81a0036c22
data/fake/20/aug_824_WhatsApp Image 2025-04-05 at 10.48.32 (1).jpeg,1,FAKE,20,.jpeg,100,100,RGB,e0c55fcdd9977ee34ec085221e6aa767d68b447d089aa17c67aeda3df1792945
data/fake/20/aug_825_WhatsApp Image 2025-04-05 at 10.48.36.jpeg,1,FAKE,20,.jpeg,100,100,RGB,8fbf8fc7a91a0ad9cfedf1b137f4cbbeb62bddada41650f135bbf23f4e6eab76
data/fake/20/aug_826_WhatsApp Image 2025-04-05 at 10.48.36.jpeg,1,FAKE,20,.jpeg,440,200,RGB,a133b1473b6e6daae9075f65d1b8072ab4fbc53ac43340867ca703344c90e54a
data/fake/20/aug_829_WhatsApp Image 2025-04-05 at 10.48.36.jpeg,1,FAKE,20,.jpeg,440,200,RGB,0df38fa12a9ccc3744b84cd1af3c982f8f8de748f96e4b81f7468cb7a2c339e7
data/fake/20/aug_82_WhatsApp Image 2025-04-05 at 10.48.34 (1).jpeg,1,FAKE,20,.jpeg,100,100,RGB,05fe9cb2c078bdb4e234210e9190fd42876ac01c46a85a4e98b9781d7d5b71d0
data/fake/20/aug_831_WhatsApp Image 2025-04-05 at 10.48.36.jpeg,1,FAKE,20,.jpeg,440,200,RGB,b1a0509525ccfe1cee64d8b94553c6c4c893370e1981fde24ec7b3a0996fffae
data/fake/20/aug_832_WhatsApp Image 2025-04-05 at 10.48.36.jpeg,1,FAKE,20,.jpeg,100,100,RGB,e7c28f0439356699f1f730b8704d84a666689811947b3a9b92bf468ba5b3fffe
data/fake/20/aug_834_WhatsApp Image 2025-04-05 at 10.48.36.jpeg,1,FAKE,20,.jpeg,100,100,RGB,cc4727aec3c4400a60ba584c6ab037b49d492d542289c7c4c07c5bad03810124
data/fake/20/aug_836_WhatsApp Image 2025-04-05 at 10.48.36.jpeg,1,FAKE,20,.jpeg,100,100,RGB,b62fa40dfef2c0ced5742c0160ef36250de81ce582d424a415abcad988978c96
data/fake/20/aug_838_WhatsApp Image 2025-04-05 at 10.48.36.jpeg,1,FAKE,20,.jpeg,440,200,RGB,7b6177d34dd5d439e42979baf0e8d3d082ffb0e96d3d32b742d578d264c11e69
data/fake/20/aug_839_WhatsApp Image 2025-04-05 at 10.48.36.jpeg,1,FAKE,20,.jpeg,100,100,RGB,79dffcb23b5f9d36830080b20b3601ce143f5b550755f61070e424126142a563
data/fake/20/aug_83_WhatsApp Image 2025-04-05 at 10.48.34 (1).jpeg,1,FAKE,20,.jpeg,409,200,RGB,6a0e3ed05cd8f8af38244cd5dff3322558822e815fadfb3b0ac24c954bbccec0
data/fake/20/aug_840_WhatsApp Image 2025-04-05 at 10.48.36.jpeg,1,FAKE,20,.jpeg,440,200,RGB,b59494cf1b5c99d09c8267f8e2264595850122f55d744ba333d04ec61090b442
data/fake/20/aug_841_WhatsApp Image 2025-04-05 at 10.48.36.jpeg,1,FAKE,20,.jpeg,100,100,RGB,adff7706f8f8762e30cc5dcc20aa93ea7272713ebe9a992446d789d7a35c5f4f
data/fake/20/aug_842_WhatsApp Image 2025-04-05 at 10.48.36.jpeg,1,FAKE,20,.jpeg,440,200,RGB,301a31a19e4d38c71395387eb2856ddfc20cb5a368b933a181e1c9d4f34aff6b
data/fake/20/aug_843_WhatsApp Image 2025-04-05 at 10.48.36.jpeg,1,FAKE,20,.jpeg,440,200,RGB,80c76d9c6e20f09b40f99efa311038c1bdcf22989fe369bc76fe5f7909794e4a
data/fake/20/aug_844_WhatsApp Image 2025-04-05 at 10.48.36.jpeg,1,FAKE,20,.jpeg,440,200,RGB,db35d0f6034e113f0a770e85c20bc9b2c16796d124ac76654a3175304b1a235b
data/fake/20/aug_845_WhatsApp Image 2025-04-05 at 10.48.36.jpeg,1,FAKE,20,.jpeg,100,100,RGB,37044b4bf01f1d41a6c5a63ef358d4661cb4672b29868d3d08b42ac5e3f3d414
data/fake/20/aug_846_WhatsApp Image 2025-04-05 at 10.48.36.jpeg,1,FAKE,20,.jpeg,440,200,RGB,84c1957a9efdeba68a52e250c72751ec0e93f2270979447fa7b4f63f400d8872
data/fake/20/aug_847_WhatsApp Image 2025-04-05 at 10.48.36.jpeg,1,FAKE,20,.jpeg,100,100,RGB,0d93a1ed32761646300c5733011acf73aafb8d40786e361b00f45fd4d9103fb0
data/fake/20/aug_848_WhatsApp Image 2025-04-05 at 10.48.36.jpeg,1,FAKE,20,.jpeg,100,100,RGB,7785946ede0315db89bc1e0d0d52191d5ff3eb90812c5bfc05c06274fe40e360
data/fake/20/aug_849_WhatsApp Image 2025-04-05 at 10.48.36.jpeg,1,FAKE,20,.jpeg,440,200,RGB,8a8276291aa72d99161def8388b2b54a9057daf66577ab9c44c65181122dde2a
data/fake/20/aug_84_WhatsApp Image 2025-04-05 at 10.48.34 (1).jpeg,1,FAKE,20,.jpeg,409,200,RGB,db29a05508da93380a7e27bac824bc8c98a5aac73969df7f472706ec7fe95ec2
data/fake/20/aug_850_WhatsApp Image 2025-04-05 at 10.55.38.jpeg,1,FAKE,20,.jpeg,200,366,RGB,ecd37cd7ebfd87c435add0b16ecd82463c3151875500036b0d4d9550628f4ece
data/fake/20/aug_851_WhatsApp Image 2025-04-05 at 10.55.38.jpeg,1,FAKE,20,.jpeg,200,366,RGB,bb071e57adf2975c2b4c682686cf4f32335c4c80eeb1d854f361fe1109495966
data/fake/20/aug_852_WhatsApp Image 2025-04-05 at 10.55.38.jpeg,1,FAKE,20,.jpeg,200,366,RGB,bc53ff0a4caea0ca8d148e9264f7e161c309977169dd4e33f14466b95119ad46
data/fake/20/aug_854_WhatsApp Image 2025-04-05 at 10.55.38.jpeg,1,FAKE,20,.jpeg,200,366,RGB,18990ffbdf6da114a6fa120aa3dd526790041369d9835d9083e7dca7b1429b43
data/fake/20/aug_855_WhatsApp Image 2025-04-05 at 10.55.38.jpeg,1,FAKE,20,.jpeg,100,100,RGB,608a8d23fdeb298db3d01c06077cfb4de57a1e46b23fb675dfb4a9aaf42460e0
data/fake/20/aug_856_WhatsApp Image 2025-04-05 at 10.55.38.jpeg,1,FAKE,20,.jpeg,100,100,RGB,0850d31b2e5eb0fb2070f8c9a338361468149c1d1d6e177df7f77ddd5de2e96b
data/fake/20/aug_857_WhatsApp Image 2025-04-05 at 10.55.38.jpeg,1,FAKE,20,.jpeg,100,100,RGB,8a22baaec0d2652652e3dcc7179be2f7306fcefefc74c1431467e60284889e21
data/fake/20/aug_858_WhatsApp Image 2025-04-05 at 10.55.38.jpeg,1,FAKE,20,.jpeg,100,100,RGB,3ee02e7151e5a72bfdbd0de907cf0e8e17fbcbc3585fa0cd0e2f1e7ab31c267c
data/fake/20/aug_859_WhatsApp Image 2025-04-05 at 10.55.38.jpeg,1,FAKE,20,.jpeg,200,366,RGB,bb6a207dffa34d72df7f6505e29fd54e41afb1293ea5bc88d9a48ccc2be2f607
data/fake/20/aug_85_WhatsApp Image 2025-04-05 at 10.48.34 (1).jpeg,1,FAKE,20,.jpeg,409,200,RGB,6ce694769aab5b965d9ecd4bba408d24b9c8971c66f3d3674682f67a23b2d871
data/fake/20/aug_860_WhatsApp Image 2025-04-05 at 10.55.38.jpeg,1,FAKE,20,.jpeg,100,100,RGB,b9d013d14a4ad19b0f9730a97406d0b6a3735d7878eb7c376f6c06df888f28fe
data/fake/20/aug_862_WhatsApp Image 2025-04-05 at 10.55.38.jpeg,1,FAKE,20,.jpeg,200,366,RGB,91f121ff3e0d8886acae52d46630c170a17b03e5de9dcdbb1c10507a9c9fa04e
data/fake/20/aug_863_WhatsApp Image 2025-04-05 at 10.55.38.jpeg,1,FAKE,20,.jpeg,100,100,RGB,a8d38942c055b25003de279195266c27dc91b6b1b07b28b23a1bf0bfb68e707d
data/fake/20/aug_864_WhatsApp Image 2025-04-05 at 10.55.38.jpeg,1,FAKE,20,.jpeg,100,100,RGB,3d083d391ce48efc1cd749aba9cfe314f1f1da4cf54fbe10061872d0efe1240e
data/fake/20/aug_866_WhatsApp Image 2025-04-05 at 10.55.38.jpeg,1,FAKE,20,.jpeg,100,100,RGB,ba6aea550a524dbc0c69eeea0fe4942deee1c2d078a0e63129c806aed61ef92d
data/fake/20/aug_867_WhatsApp Image 2025-04-05 at 10.55.38.jpeg,1,FAKE,20,.jpeg,200,366,RGB,dd2623a2dbee498f5d1e37de0f3741d7702024cb13a8410d94218afcc026bb12
data/fake/20/aug_868_WhatsApp Image 2025-04-05 at 10.55.38.jpeg,1,FAKE,20,.jpeg,100,100,RGB,66a8c393f595b22c9cee3f29bfcde7bcd9fe44b019214dec3012297207bfcf1b
data/fake/20/aug_870_WhatsApp Image 2025-04-05 at 10.55.38.jpeg,1,FAKE,20,.jpeg,200,366,RGB,6bfa1b5cbc0e8cdfadd481956bc850e79e6bfb58cc61865e3fc40a0308a6edeb
data/fake/20/aug_871_WhatsApp Image 2025-04-05 at 10.55.38.jpeg,1,FAKE,20,.jpeg,200,366,RGB,cb7f738e3ed6ca2c62c99436e47e710fd7a2a663edbbc5a606b758d1e40cb557
data/fake/20/aug_874_WhatsApp Image 2025-04-05 at 10.55.38.jpeg,1,FAKE,20,.jpeg,200,366,RGB,e7083367de55d2f7e08fc567a7e0e2ce3c9de00336e46411465f0f38186003ef
data/fake/20/aug_87_WhatsApp Image 2025-04-05 at 10.48.34 (1).jpeg,1,FAKE,20,.jpeg,100,100,RGB,1cfc784eeb14b59f675b3bef346d24feb9c37b35b8c26bf4abe10ed17da9cb52
data/fake/20/aug_88_WhatsApp Image 2025-04-05 at 10.48.34 (1).jpeg,1,FAKE,20,.jpeg,100,100,RGB,d2670271d3cd85c4048d017908391a2d29708a115e7a1a8ea5d7c427f3b0b919
data/fake/20/aug_89_WhatsApp Image 2025-04-05 at 10.48.34 (1).jpeg,1,FAKE,20,.jpeg,409,200,RGB,edffeeb567afb34730552bb883b4a1ef157642ff5bd5c75a228c601ede046f97
data/fake/20/aug_8_WhatsApp Image 2025-04-05 at 10.55.41 (1).jpeg,1,FAKE,20,.jpeg,200,410,RGB,304f75f7ab455abd5d6349ca5d97111eaea0a358ae12553909cbf51f420dea50
data/fake/20/aug_90_WhatsApp Image 2025-04-05 at 10.48.34 (1).jpeg,1,FAKE,20,.jpeg,100,100,RGB,6b6d5d9a93420ef084e3f8536b4ab3fd1b6e347ed8d38624f574a5695992ec04
data/fake/20/aug_91_WhatsApp Image 2025-04-05 at 10.48.34 (1).jpeg,1,FAKE,20,.jpeg,409,200,RGB,ca341d69425173b829f335567a3f129ee422eb1360476c7d4b3904ae29a9718e
data/fake/20/aug_926_WhatsApp Image 2025-04-05 at 10.59.17.jpeg,1,FAKE,20,.jpeg,200,383,RGB,240e387b74332f61cc2f1ef2bc4920c4101c1ad54f506f4c7f2fb44b5caada2f
data/fake/20/aug_929_WhatsApp Image 2025-04-05 at 10.59.17.jpeg,1,FAKE,20,.jpeg,200,383,RGB,e24f13c86ab6d5b8aa199588a53bd02ab085a08a06ce3a1e1888d4d799b743e3
data/fake/20/aug_92_WhatsApp Image 2025-04-05 at 10.48.34 (1).jpeg,1,FAKE,20,.jpeg,409,200,RGB,1b0c8be4f586691da8374da69eceff8f2a06ce19fe6cda16d0c848926f7c69c1
data/fake/20/aug_930_WhatsApp Image 2025-04-05 at 10.59.17.jpeg,1,FAKE,20,.jpeg,200,383,RGB,f82bb73c15d9713de3c581e523876ffb45027e2bc532415d8ad4bed26bfd08f4
data/fake/20/aug_931_WhatsApp Image 2025-04-05 at 10.59.17.jpeg,1,FAKE,20,.jpeg,200,383,RGB,eedf056ffbc3377d2acf332e0455a5d489e18798904dd041b008b3d67d129e59
data/fake/20/aug_932_WhatsApp Image 2025-04-05 at 10.59.17.jpeg,1,FAKE,20,.jpeg,100,100,RGB,87f89f93e9a3e738564ee72329bb89585d684e13aa15b3c1cbc57ecb5253116a
data/fake/20/aug_933_WhatsApp Image 2025-04-05 at 10.59.17.jpeg,1,FAKE,20,.jpeg,200,383,RGB,78c267086c889ba71837b6a71da4170c5d27583948b53687eb87b15de53b09f2
data/fake/20/aug_934_WhatsApp Image 2025-04-05 at 10.59.17.jpeg,1,FAKE,20,.jpeg,100,100,RGB,f15bcfd471a7607ed75031b6c8ffbf604aa8925abfb6763683d3873aec8cd8a2
data/fake/20/aug_935_WhatsApp Image 2025-04-05 at 10.59.17.jpeg,1,FAKE,20,.jpeg,100,100,RGB,433161104ed571f09e14b94b9da10d5a146428412b2f8e593f95b6146c126db4
data/fake/20/aug_936_WhatsApp Image 2025-04-05 at 10.59.17.jpeg,1,FAKE,20,.jpeg,200,383,RGB,4d22ebec0915c3506af4264844eff1aa8a3c7e51c1720982605e7581aaafa903
data/fake/20/aug_937_WhatsApp Image 2025-04-05 at 10.59.17.jpeg,1,FAKE,20,.jpeg,100,100,RGB,2c082d1ad51bf2fbaa721fbc255e5530956bb549b15da123a72c91d96a2da13e
data/fake/20/aug_938_WhatsApp Image 2025-04-05 at 10.59.17.jpeg,1,FAKE,20,.jpeg,200,383,RGB,201d2c1f1159a2627d25d72bf078684258b7407524b0a2479362af99d31397fe
data/fake/20/aug_940_WhatsApp Image 2025-04-05 at 10.59.17.jpeg,1,FAKE,20,.jpeg,200,383,RGB,e4c6669d50a08db400daf0b86657813deeb145008aaed2d9e388181ff6bfb7b3
data/fake/20/aug_941_WhatsApp Image 2025-04-05 at 10.59.17.jpeg,1,FAKE,20,.jpeg,200,383,RGB,cbd18cca6fefeb751049c94ea45fe8228727066a65d80c305845c530f0c851ea
data/fake/20/aug_943_WhatsApp Image 2025-04-05 at 10.59.17.jpeg,1,FAKE,20,.jpeg,200,383,RGB,76c12d3c496db5229bd5779a899a0c8797fa3da6c6e380e618bf0035a3ed437e
data/fake/20/aug_944_WhatsApp Image 2025-04-05 at 10.59.17.jpeg,1,FAKE,20,.jpeg,200,383,RGB,9a6fc93e69263c25a32e91b4a965ffe7953ba7cb61adb567cbf9476faa836c33
data/fake/20/aug_945_WhatsApp Image 2025-04-05 at 10.59.17.jpeg,1,FAKE,20,.jpeg,200,383,RGB,26a5e88b1f96aa5212b72dbf43f7a0ea394c6535c690d69abc013189ebee60d2
data/fake/20/aug_949_WhatsApp Image 2025-04-05 at 10.59.17.jpeg,1,FAKE,20,.jpeg,200,383,RGB,b3ee4d74ef67e42ea595617838180f0421a67d1dbcc7174dcbbac66797840909
data/fake/20/aug_94_WhatsApp Image 2025-04-05 at 10.48.34 (1).jpeg,1,FAKE,20,.jpeg,100,100,RGB,1277b548e7b22fe823d495d2d39909920479bed3b1ba5136923ccb1f1dd698a3
data/fake/20/aug_95_WhatsApp Image 2025-04-05 at 10.48.34 (1).jpeg,1,FAKE,20,.jpeg,409,200,RGB,11e909d66f951813079382f28f178390e13a9a7bc061abb236f02911ba177463
data/fake/20/aug_96_WhatsApp Image 2025-04-05 at 10.48.34 (1).jpeg,1,FAKE,20,.jpeg,100,100,RGB,ada42883f25edc9a16d2746a4609a78361f19147c39ca8bb0c006d03e33ee2d7
data/fake/20/aug_97_WhatsApp Image 2025-04-05 at 10.48.34 (1).jpeg,1,FAKE,20,.jpeg,100,100,RGB,31af442a06cc401f114f7ef237ec6dff23d5b71137c8ce25a78bb3b959786ae3
data/fake/20/aug_99_WhatsApp Image 2025-04-05 at 10.48.34 (1).jpeg,1,FAKE,20,.jpeg,100,100,RGB,185d5da24d987e7eb9e507c09cb3457f2f3ed4242f6fb39e84ad34b36b8e4fe5
data/fake/20/aug_9_WhatsApp Image 2025-04-05 at 10.55.41 (1).jpeg,1,FAKE,20,.jpeg,100,100,RGB,744f6fad6eb055ce29e2b0cba685d8248462be3540fca01485134b119e4289f8
data/fake/200/Screenshot 2025-04-05 at 11.21.04ÔÇ»AM.png,1,FAKE,200,.png,914,818,RGBA,49f213fed4b9bffce179db1fcc1dfd7b9c64956375e20c945b869f5e60ef550a
data/fake/200/Screenshot 2025-04-05 at 11.21.22ÔÇ»AM.png,1,FAKE,200,.png,492,588,RGBA,e8f66abcbec0b694383931efb95dacf5567cb802a052705e0f0dda77fc13c01d
data/fake/200/aug_1150_WhatsApp Image 2025-04-05 at 10.59.18.jpeg,1,FAKE,200,.jpeg,100,100,RGB,721272d8ec6f3e2871146ccbeff4d5844e681ddd7f462ecfff9fc149fbf9503a
data/fake/200/aug_1151_WhatsApp Image 2025-04-05 at 10.59.18.jpeg,1,FAKE,200,.jpeg,100,100,RGB,e356661e2a33fdae09a809891857357882e9233f54c45c9b5c921eab6f0481b8
data/fake/200/aug_1152_WhatsApp Image 2025-04-05 at 10.59.18.jpeg,1,FAKE,200,.jpeg,200,418,RGB,a522e33192e1662379248a8af45c17286c49bdde00d14e3eb4c48cf58a7d9c71
data/fake/200/aug_1154_WhatsApp Image 2025-04-05 at 10.59.18.jpeg,1,FAKE,200,.jpeg,100,100,RGB,743c0b55fddde25ee1122b723e7406d456c1d1f15be67ae676806c42028ea228
data/fake/200/aug_1156_WhatsApp Image 2025-04-05 at 10.59.18.jpeg,1,FAKE,200,.jpeg,200,418,RGB,4088766f5dbb75a205b1ebee705bf0d27ee878a08127e1e92bc394cb9d7ecf3a
data/fake/200/aug_1157_WhatsApp Image 2025-04-05 at 10.59.18.jpeg,1,FAKE,200,.jpeg,100,100,RGB,c6c80d12045ca330364e7c81308652af7c7251a67456d450edf23c9218649531
data/fake/200/aug_1158_WhatsApp Image 2025-04-05 at 10.59.18.jpeg,1,FAKE,200,.jpeg,200,418,RGB,77a8ced87b4dc599c65311f55635c9da4ba73d8d48dbcde6ed297d6b8b0fdf0a
data/fake/200/aug_1159_WhatsApp Image 2025-04-05 at 10.59.18.jpeg,1,FAKE,200,.jpeg,200,418,RGB,23d1717a28efa1f3269e979127053e36d63053c7116ad2f6652928ee79a5d521
data/fake/200/aug_1161_WhatsApp Image 2025-04-05 at 10.59.18.jpeg,1,FAKE,200,.jpeg,200,418,RGB,9b0aa8e3bce428ef2c969b8e034e63be65148f49eebff7a5fee692c729032ed1
data/fake/200/aug_1162_WhatsApp Image 2025-04-05 at 10.59.18.jpeg,1,FAKE,200,.jpeg,100,100,RGB,9f7bd389e14e774fe1e4bb0bfffc688241e0784c9d78ce05110ffa26fa01183f
data/fake/200/aug_1163_WhatsApp Image 2025-04-05 at 10.59.18.jpeg,1,FAKE,200,.jpeg,100,100,RGB,70fadbfb82ec7de800903ee47de6e8a9e8f051930df0a94bb804aacafaf8abe5
data/fake/200/aug_1164_WhatsApp Image 2025-04-05 at 10.59.18.jpeg,1,FAKE,200,.jpeg,200,418,RGB,9657f557d61b2304f38d5976d7222a7a4993decda2d5304eb1a0bb9b2f8fb5dd
data/fake/200/aug_1165_WhatsApp Image 2025-04-05 at 10.59.18.jpeg,1,FAKE,200,.jpeg,100,100,RGB,d841aa2f545c2ee7e82fb443ffbf5e790d7d90f1098326c636a620ffe697be4b
data/fake/200/aug_1166_WhatsApp Image 2025-04-05 at 10.59.18.jpeg,1,FAKE,200,.jpeg,200,418,RGB,b7bd33e02a925f224a3f67a3b7165ff810f55434f647b4f65693986e563bbba9
data/fake/200/aug_1167_WhatsApp Image 2025-04-05 at 10.59.18.jpeg,1,FAKE,200,.jpeg,200,418,RGB,cf16a85b194d040e99fac757d12deaccebe3900e9cb777729a1c234a50a21150
data/fake/200/aug_1168_WhatsApp Image 2025-04-05 at 10.59.18.jpeg,1,FAKE,200,.jpeg,100,100,RGB,9a3fa226a5eeeab896fb258e7ba700b7db001570b3691bbec0ae673ef631ff19
data/fake/200/aug_1169_WhatsApp Image 2025-04-05 at 10.59.18.jpeg,1,FAKE,200,.jpeg,100,100,RGB,799bb41b9b91362f382655e21fc8bb449fb77af8b10c100e1ddf4a26da026f8a
data/fake/200/aug_1173_WhatsApp Image 2025-04-05 at 10.59.18.jpeg,1,FAKE,200,.jpeg,200,418,RGB,8193c0fb8f209014f8078122b42d1dcfb4c12b94648f519245cf1598b5401911
data/fake/200/aug_1200_WhatsApp Image 2025-04-05 at 10.48.34.jpeg,1,FAKE,200,.jpeg,100,100,RGB,7286838a297a81e48ae8e94bcb6d3647923995221344b1b9bc0774501ca25b88
data/fake/200/aug_1201_WhatsApp Image 2025-04-05 at 10.48.34.jpeg,1,FAKE,200,.jpeg,200,412,RGB,afe077c8d9b9fadcebc7dae63629a6fac29e4113400f1eeca11bf259f51f7309
data/fake/200/aug_1202_WhatsApp Image 2025-04-05 at 10.48.34.jpeg,1,FAKE,200,.jpeg,200,412,RGB,4e04112ac7fdec6fca7abd6d036448cbd9b1a50326555fcd0783528f7fa707a7
data/fake/200/aug_1203_WhatsApp Image 2025-04-05 at 10.48.34.jpeg,1,FAKE,200,.jpeg,100,100,RGB,b6ab51b18bebd3f251fdbc5d0338e594a70cd3f9f2c7c202d96cf6e1f50b949e
data/fake/200/aug_1204_WhatsApp Image 2025-04-05 at 10.48.34.jpeg,1,FAKE,200,.jpeg,100,100,RGB,0c0f76ad5bcfb775279bd6b33d90215b5730d131852635c4d333fc71d000ab68
data/fake/200/aug_1205_WhatsApp Image 2025-04-05 at 10.48.34.jpeg,1,FAKE,200,.jpeg,200,412,RGB,8c8599f7bcf5a0fd1f9232c5ebb1e9937e1958e5f667d038de6941e0afc8f3af
data/fake/200/aug_1206_WhatsApp Image 2025-04-05 at 10.48.34.jpeg,1,FAKE,200,.jpeg,100,100,RGB,71b338e57501ff4ded5d89e18c7432d615e1473ab1b23adcfcaf5ccb9d7bd6e3
data/fake/200/aug_1208_WhatsApp Image 2025-04-05 at 10.48.34.jpeg,1,FAKE,200,.jpeg,100,100,RGB,93fc88dac2e2cb1ebe4e014360cbedf2db2c92049582f8048660a87b60331801
data/fake/200/aug_1209_WhatsApp Image 2025-04-05 at 10.48.34.jpeg,1,FAKE,200,.jpeg,200,412,RGB,259e6927c44d0713fd2cafbcf284f2eac4167a7ddbad01ddb64637ade38d445f
data/fake/200/aug_1210_WhatsApp Image 2025-04-05 at 10.48.34.jpeg,1,FAKE,200,.jpeg,200,412,RGB,0af9893f92d2a003e2fc05b5d439e8504b510dc83eff6b945e832c6f156f9dcb
data/fake/200/aug_1212_WhatsApp Image 2025-04-05 at 10.48.34.jpeg,1,FAKE,200,.jpeg,200,412,RGB,ad61c9ade41e97e3e541690a3ca09f63c8133752834a0746dfd14a20a96ed7fe
data/fake/200/aug_1213_WhatsApp Image 2025-04-05 at 10.48.34.jpeg,1,FAKE,200,.jpeg,100,100,RGB,7834dcf59c0ae6d39a81a15215af99a74aeb4875e6dcff99367364794bf4d57f
data/fake/200/aug_1214_WhatsApp Image 2025-04-05 at 10.48.34.jpeg,1,FAKE,200,.jpeg,200,412,RGB,dc349ea9cc8287ef279b394443a8dece2d460c88937ec5cd16f4566c3df3ae6f
data/fake/200/aug_1216_WhatsApp Image 2025-04-05 at 10.48.34.jpeg,1,FAKE,200,.jpeg,200,412,RGB,a4181e5ae1810e38a31d0672b0469a0f9ecb389ea64a1546e3be8bf8b81cc65e
data/fake/200/aug_1217_WhatsApp Image 2025-04-05 at 10.48.34.jpeg,1,FAKE,200,.jpeg,100,100,RGB,5822ca4ea98fd9b0c35d4f534fb8e75875f30b51494ee19e97b1c57566a028ca
data/fake/200/aug_1219_WhatsApp Image 2025-04-05 at 10.48.34.jpeg,1,FAKE,200,.jpeg,100,100,RGB,ba97e570cba847007cbf8ae662b422867de90d63fe388505b5117ce862419408
data/fake/200/aug_1220_WhatsApp Image 2025-04-05 at 10.48.34.jpeg,1,FAKE,200,.jpeg,200,412,RGB,0c342fc695e91f315d0cd1d5f1a198ecd2f417f992ff51a471c902e4a2aa766e
data/fake/200/aug_1221_WhatsApp Image 2025-04-05 at 10.48.34.jpeg,1,FAKE,200,.jpeg,200,412,RGB,79878e1a2258d2b43dd47a7b5d0946acb54f4a03c4bd52ec3a60d308d085b54c
data/fake/200/aug_1222_WhatsApp Image 2025-04-05 at 10.48.34.jpeg,1,FAKE,200,.jpeg,100,100,RGB,e90fb9f816e16afbb7198f619b82bb73f771dfc9bbaebe3e70e7717c93f9a5e7
data/fake/200/aug_1224_WhatsApp Image 2025-04-05 at 10.48.34.jpeg,1,FAKE,200,.jpeg,200,412,RGB,d5f3dd68b70561d91dd6e919aa672f8c210696a84f74d8e080121a7b9ec8a5e5
data/fake/200/aug_125_WhatsApp Image 2025-04-05 at 10.55.44.jpeg,1,FAKE,200,.jpeg,200,365,RGB,99852526f2afd800ee201f79663b08c6b0a84b5228c92eb7c3bd05f319afaa52
data/fake/200/aug_126_WhatsApp Image 2025-04-05 at 10.55.44.jpeg,1,FAKE,200,.jpeg,200,365,RGB,c432b7400ec759fe803e0a058f18d34d8b4db1abae6e9033be72b3628e0777c9
data/fake/200/aug_127_WhatsApp Image 2025-04-05 at 10.55.44.jpeg,1,FAKE,200,.jpeg,200,365,RGB,89790b5fb33139ba71641695430a69150a6542cdf87f19e2222dd6fa1e77d3ed
data/fake/200/aug_128_WhatsApp Image 2025-04-05 at 10.55.44.jpeg,1,FAKE,200,.jpeg,200,365,RGB,3bc9e137d8d538be15433ea4ffd95dca7db11e18ae6c42e3c428ba7bbe343774
data/fake/200/aug_129_WhatsApp Image 2025-04-05 at 10.55.44.jpeg,1,FAKE,200,.jpeg,100,100,RGB,5ba7cde4748dd1156f6e3e7d60bdab2e6bc21e7d0ca2f4c4feb60fdf81302c02
data/fake/200/aug_1301_WhatsApp Image 2025-04-05 at 10.55.49 (1).jpeg,1,FAKE,200,.jpeg,100,100,RGB,8637a4b13b2ba260fab8d029348847a11a6a6f11a44215921dbc4b67b1224b90
data/fake/200/aug_1302_WhatsApp Image 2025-04-05 at 10.55.49 (1).jpeg,1,FAKE,200,.jpeg,100,100,RGB,018728d4d14016366f815ee26504b48b174600afe1899f20e3fc6b94656756ad
data/fake/200/aug_1303_WhatsApp Image 2025-04-05 at 10.55.49 (1).jpeg,1,FAKE,200,.jpeg,100,100,RGB,5b5bc519dcc4ecdd24b5c9148040ce997dea4e18f9c514031767d8063c3e9277
data/fake/200/aug_1304_WhatsApp Image 2025-04-05 at 10.55.49 (1).jpeg,1,FAKE,200,.jpeg,404,200,RGB,42c4007e9c08414af1d5dc7b30a9b48121b51d4e72242469ea730d5c01108090
data/fake/200/aug_1306_WhatsApp Image 2025-04-05 at 10.55.49 (1).jpeg,1,FAKE,200,.jpeg,404,200,RGB,ad35da9e863bb60d4eec404d55b5fb94bae27e548f89a9ab6c7af9ec8f5655e4
data/fake/200/aug_1307_WhatsApp Image 2025-04-05 at 10.55.49 (1).jpeg,1,FAKE,200,.jpeg,404,200,RGB,6a787d806b910c5f734a932a9b32d626cfd704d2c1727681275ae7aafa445dbd
data/fake/200/aug_1308_WhatsApp Image 2025-04-05 at 10.55.49 (1).jpeg,1,FAKE,200,.jpeg,404,200,RGB,f7197d62c093b6ece9b03bf0fc94764530dac8657cc8b49bf0923fcfa25875e9
data/fake/200/aug_1310_WhatsApp Image 2025-04-05 at 10.55.49 (1).jpeg,1,FAKE,200,.jpeg,100,100,RGB,8c767597e10fcbff981c86dcfe1e69b6b4a143bc425ef1df0960d14239eb9635
data/fake/200/aug_1311_WhatsApp Image 2025-04-05 at 10.55.49 (1).jpeg,1,FAKE,200,.jpeg,404,200,RGB,6559baeeaa75a10db7ce129299d97e30a6d649abe1358d5cbd7aca908a2034f4
data/fake/200/aug_1312_WhatsApp Image 2025-04-05 at 10.55.49 (1).jpeg,1,FAKE,200,.jpeg,100,100,RGB,db9760d5200b3e5b8cb9006b056e3ac2c61deb6aef7e5d2aab0df28ac4582fcd
data/fake/200/aug_1314_WhatsApp Image 2025-04-05 at 10.55.49 (1).jpeg,1,FAKE,200,.jpeg,404,200,RGB,537a9e9ba3a40bbab2700425a214b25769316efb49f94b387dea60e45c24917f
data/fake/200/aug_1316_WhatsApp Image 2025-04-05 at 10.55.49 (1).jpeg,1,FAKE,200,.jpeg,404,200,RGB,9d1e07dc4157cd4015fcade9fd4ddb4787961cad3c36fa27ae8a91c6013d4ccb
data/fake/200/aug_1319_WhatsApp Image 2025-04-05 at 10.55.49 (1).jpeg,1,FAKE,200,.jpeg,100,100,RGB,d90bf5b0eb259a9d9dc062b2160fc8888f1a8ebd547b3ddfff284421d83567f8
data/fake/200/aug_1320_WhatsApp Image 2025-04-05 at 10.55.49 (1).jpeg,1,FAKE,200,.jpeg,100,100,RGB,e56ee456fdfed8def2d548dff2d20248c04b8b9de9fe5ac01b487abb5fa9fa7f
data/fake/200/aug_1321_WhatsApp Image 2025-04-05 at 10.55.49 (1).jpeg,1,FAKE,200,.jpeg,404,200,RGB,ee5ef43381d391d2f2dcfe40ff52c4bb3695343673768acc5ffb80fb0d0383fd
data/fake/200/aug_1322_WhatsApp Image 2025-04-05 at 10.55.49 (1).jpeg,1,FAKE,200,.jpeg,100,100,RGB,9344e60bdabda205777ca6d30c0b5d5473d38197ec0195563447e8916345cb3c
data/fake/200/aug_1324_WhatsApp Image 2025-04-05 at 10.55.49 (1).jpeg,1,FAKE,200,.jpeg,100,100,RGB,87c76213c307748aacd8c0ff599b10e41909a3210c69b4ea115f99327436b53d
data/fake/200/aug_132_WhatsApp Image 2025-04-05 at 10.55.44.jpeg,1,FAKE,200,.jpeg,100,100,RGB,4b1f989ba4f03fa7566dd7f331d662ab1382b64c6bc2c553ec5934291192e910
data/fake/200/aug_135_WhatsApp Image 2025-04-05 at 10.55.44.jpeg,1,FAKE,200,.jpeg,200,365,RGB,99852526f2afd800ee201f79663b08c6b0a84b5228c92eb7c3bd05f319afaa52
data/fake/200/aug_136_WhatsApp Image 2025-04-05 at 10.55.44.jpeg,1,FAKE,200,.jpeg,100,100,RGB,c4d6afe7960f47a29f29a21ccc29b3b6797146f8c995e545213e73389e64be08
data/fake/200/aug_137_WhatsApp Image 2025-04-05 at 10.55.44.jpeg,1,FAKE,200,.jpeg,200,365,RGB,3579a95bb1de7b08df7fa4ae7d34190152d388112fe1417e20ecb39c5abd9c7d
data/fake/200/aug_140_WhatsApp Image 2025-04-05 at 10.55.44.jpeg,1,FAKE,200,.jpeg,200,365,RGB,77dfc9bfa0cded53db9cedc236015efde46d5b31a0fa6a5ede40133c5b89521b
data/fake/200/aug_141_WhatsApp Image 2025-04-05 at 10.55.44.jpeg,1,FAKE,200,.jpeg,100,100,RGB,c7cf84042cb887a958090fd9a2552572c1bf9b6138e25624d9d2b342b46a7fc2
data/fake/200/aug_143_WhatsApp Image 2025-04-05 at 10.55.44.jpeg,1,FAKE,200,.jpeg,200,365,RGB,5ffd82473bd7d93e6ed170c3392e89c9c0433d0a390128757bd01cb7b5ac8f75
data/fake/200/aug_145_WhatsApp Image 2025-04-05 at 10.55.44.jpeg,1,FAKE,200,.jpeg,200,365,RGB,352a9adbc0ae3c71b2d928b56d3f353a25bf64148c37740b5693323bba814f5c
data/fake/200/aug_147_WhatsApp Image 2025-04-05 at 10.55.44.jpeg,1,FAKE,200,.jpeg,200,365,RGB,3b3b8fa07d37bf22ea1ae50ae5fc66350f5274c441c85a464340da49ee40dfda
data/fake/200/aug_148_WhatsApp Image 2025-04-05 at 10.55.44.jpeg,1,FAKE,200,.jpeg,200,365,RGB,f411f86f7de45c111e055eade8b7498a6697782e5c574174f6ab0da8098c5f64
data/fake/200/aug_149_WhatsApp Image 2025-04-05 at 10.55.44.jpeg,1,FAKE,200,.jpeg,200,365,RGB,99852526f2afd800ee201f79663b08c6b0a84b5228c92eb7c3bd05f319afaa52
data/fake/200/aug_1501_WhatsApp Image 2025-04-05 at 10.48.41 (1).jpeg,1,FAKE,200,.jpeg,100,100,RGB,dd35b7de4e881a65f4167a6f3019fbefdbf6ebb7afbf89dad9b2ca4b5d33606d
data/fake/200/aug_1502_WhatsApp Image 2025-04-05 at 10.48.41 (1).jpeg,1,FAKE,200,.jpeg,200,386,RGB,8ac81efbbaa146cd94dce10eacce911bfb204ce554e4baa70f4a3f801931c5e8
data/fake/200/aug_1505_WhatsApp Image 2025-04-05 at 10.48.41 (1).jpeg,1,FAKE,200,.jpeg,100,100,RGB,403d36d3efdeef7728c072fdd85076a5a39681698d976e2d00677dd0735f9e21
data/fake/200/aug_1507_WhatsApp Image 2025-04-05 at 10.48.41 (1).jpeg,1,FAKE,200,.jpeg,200,386,RGB,4a2da5fd16281da5c18b8f49b152590f7753d007245bdcf01d9153c7e0dcb9f4
data/fake/200/aug_1508_WhatsApp Image 2025-04-05 at 10.48.41 (1).jpeg,1,FAKE,200,.jpeg,100,100,RGB,940c6851127062ed94473fd4be0ae2fc9e1c26b42e739d4b1b72a8c8e7a469a5
data/fake/200/aug_1509_WhatsApp Image 2025-04-05 at 10.48.41 (1).jpeg,1,FAKE,200,.jpeg,200,386,RGB,a3aaf927a66adddf3868de1150fe0ee3c3bb1939a67dbc190318314e39faab06
data/fake/200/aug_1511_WhatsApp Image 2025-04-05 at 10.48.41 (1).jpeg,1,FAKE,200,.jpeg,200,386,RGB,3a6913c32d14282861532d18bfb246a14d9f2475affe4f7d6981ce62f4e7c93b
data/fake/200/aug_1513_WhatsApp Image 2025-04-05 at 10.48.41 (1).jpeg,1,FAKE,200,.jpeg,100,100,RGB,2167ccc4670b8f6a3ab1a64d287f95df1194ebfe02c2b8505cb6711eef219f58
data/fake/200/aug_1515_WhatsApp Image 2025-04-05 at 10.48.41 (1).jpeg,1,FAKE,200,.jpeg,200,386,RGB,518f073ea868db2e10edf95e918203fec2ebb9c2e568bb1ce3eeccaea60979a3
data/fake/200/aug_1517_WhatsApp Image 2025-04-05 at 10.48.41 (1).jpeg,1,FAKE,200,.jpeg,200,386,RGB,6f8c6cc6107cb6ffe7c25370cfc094c475da877180cc704f0df6e6fd94aa91a8
data/fake/200/aug_1518_WhatsApp Image 2025-04-05 at 10.48.41 (1).jpeg,1,FAKE,200,.jpeg,200,386,RGB,7eab782f8e8153b3b543b3afa27377b088010ac7229a20a1b4bb92e7e7fd452f
data/fake/200/aug_1519_WhatsApp Image 2025-04-05 at 10.48.41 (1).jpeg,1,FAKE,200,.jpeg,100,100,RGB,1fddfe06da216498db529aff3e81bda546e7a124ee53c3b6f2eff9bb4ca48195
data/fake/200/aug_1522_WhatsApp Image 2025-04-05 at 10.48.41 (1).jpeg,1,FAKE,200,.jpeg,100,100,RGB,d949e4949ee194fbc55f143602979fb7afb1cb5d2a353f191c9b03e8a7bbd472
data/fake/200/aug_1600_WhatsApp Image 2025-04-05 at 10.55.35 (1).jpeg,1,FAKE,200,.jpeg,100,100,RGB,07c4cfaeecc88479221dbf727addbd222ad9ee8fd575ec605d8d6f7f03214ff2
data/fake/200/aug_1601_WhatsApp Image 2025-04-05 at 10.55.35 (1).jpeg,1,FAKE,200,.jpeg,100,100,RGB,4f543f41fb55db948b38a022f76750050940894958adbdb8e0cc1e84b90a62d8
data/fake/200/aug_1602_WhatsApp Image 2025-04-05 at 10.55.35 (1).jpeg,1,FAKE,200,.jpeg,100,100,RGB,5cd30cc1b4815870f99babafbbae3068cc07eae1230f65269cb971fa2c5b23e9
data/fake/200/aug_1603_WhatsApp Image 2025-04-05 at 10.55.35 (1).jpeg,1,FAKE,200,.jpeg,200,384,RGB,586ec117b9a1b58b902f587013eefc0c7e07da9f47d2f4a5985ed8352fbfa6b3
data/fake/200/aug_1604_WhatsApp Image 2025-04-05 at 10.55.35 (1).jpeg,1,FAKE,200,.jpeg,200,384,RGB,0309eac6c71c585171f7bb1c3fd154a38ba42fa8e4a349d881322aa6b5be9e53
data/fake/200/aug_1607_WhatsApp Image 2025-04-05 at 10.55.35 (1).jpeg,1,FAKE,200,.jpeg,200,384,RGB,dee376cd26fa4e18a131845a035909036617c6a239b2f88169342c45abe57645
data/fake/200/aug_1608_WhatsApp Image 2025-04-05 at 10.55.35 (1).jpeg,1,FAKE,200,.jpeg,100,100,RGB,20e2f836ebe514024b1fa2f1b02d0ec07aec716afdbf8d693f78b80d4d1e4436
data/fake/200/aug_1609_WhatsApp Image 2025-04-05 at 10.55.35 (1).jpeg,1,FAKE,200,.jpeg,200,384,RGB,dc4c4428c63830f4dba73acc21728bef80504b9e8b74dfe2bdf8bb47b6f90e27
data/fake/200/aug_1610_WhatsApp Image 2025-04-05 at 10.55.35 (1).jpeg,1,FAKE,200,.jpeg,200,384,RGB,d67e6939fef340128696ea3850c966e886791aa2cf75607c178fd8ccade9de39
data/fake/200/aug_1612_WhatsApp Image 2025-04-05 at 10.55.35 (1).jpeg,1,FAKE,200,.jpeg,100,100,RGB,c182358e02f9122b295a605d988577abd39bb453d6e678e7f13aa4f751c4f95a
data/fake/200/aug_1613_WhatsApp Image 2025-04-05 at 10.55.35 (1).jpeg,1,FAKE,200,.jpeg,200,384,RGB,0ca9a0316e9c3efd16cb6e9d86fe49ae8b1351f06e013e89ff07ba840c27903d
data/fake/200/aug_1614_WhatsApp Image 2025-04-05 at 10.55.35 (1).jpeg,1,FAKE,200,.jpeg,200,384,RGB,483afb3b347856c639041cb0104ca9b27c5b3f32e178e2ec2bcbea9f3b5b139d
data/fake/200/aug_1615_WhatsApp Image 2025-04-05 at 10.55.35 (1).jpeg,1,FAKE,200,.jpeg,100,100,RGB,e9edaacfad0f0725b488eeabfdb63ce6c621105b2ab48d518bee35137515eedd
data/fake/200/aug_1616_WhatsApp Image 2025-04-05 at 10.55.35 (1).jpeg,1,FAKE,200,.jpeg,100,100,RGB,5731464416d4da26dc490339699deb3bc89293039d76bbd30effae84f92666f0
data/fake/200/aug_1618_WhatsApp Image 2025-04-05 at 10.55.35 (1).jpeg,1,FAKE,200,.jpeg,100,100,RGB,3c4325cf754ec31b053ad992459370e71c000fb9633ff8764b66421e3cabc26c
data/fake/200/aug_1619_WhatsApp Image 2025-04-05 at 10.55.35 (1).jpeg,1,FAKE,200,.jpeg,200,384,RGB,be96344701b03cffb21a33734442cd9d88726ab3f587ec479b91b7078d330bdd
data/fake/200/aug_1620_WhatsApp Image 2025-04-05 at 10.55.35 (1).jpeg,1,FAKE,200,.jpeg,100,100,RGB,07fa8e4b1f0aef5056b786722e14d360016bc6021d8ef43068eea8e08d7a7799
data/fake/200/aug_1621_WhatsApp Image 2025-04-05 at 10.55.35 (1).jpeg,1,FAKE,200,.jpeg,100,100,RGB,e89ac609f8f225f5ffd4b6ae7b456953b522eed0e663688fdd3655fea51f11e1
data/fake/200/aug_1622_WhatsApp Image 2025-04-05 at 10.55.35 (1).jpeg,1,FAKE,200,.jpeg,200,384,RGB,c5546404b2a9e67075fb6fbd2469a21595420dd48e51923f6a5f87db750fc2f0
data/fake/200/aug_1623_WhatsApp Image 2025-04-05 at 10.55.35 (1).jpeg,1,FAKE,200,.jpeg,200,384,RGB,e84b85eed268e4bd5dce57b31e4ef8af50e63fcb0643d98a1f1422670b79499c
data/fake/200/aug_1624_WhatsApp Image 2025-04-05 at 10.55.35 (1).jpeg,1,FAKE,200,.jpeg,200,384,RGB,afeb33aba049d4c68cc5ab1c28cdb52ddc798e11b0551109f15651574bbf11cc
data/fake/200/aug_1725_WhatsApp Image 2025-04-05 at 10.55.44 (1).jpeg,1,FAKE,200,.jpeg,100,100,RGB,adfb9fcf2615ec68a9837cfd579004476bc27a2333bb4118ce36bb6cdd623ba4
data/fake/200/aug_1727_WhatsApp Image 2025-04-05 at 10.55.44 (1).jpeg,1,FAKE,200,.jpeg,200,390,RGB,446728c6b307ef8690cd82d37f964e1fe389466393ba9bc8f458dc494b0e7c1a
data/fake/200/aug_1728_WhatsApp Image 2025-04-05 at 10.55.44 (1).jpeg,1,FAKE,200,.jpeg,100,100,RGB,d69d3b3bd5a60641a393a36bb275b4858f1e50d2c7cf824b54221667c7e0cc67
data/fake/200/aug_1729_WhatsApp Image 2025-04-05 at 10.55.44 (1).jpeg,1,FAKE,200,.jpeg,200,390,RGB,ce51103715d1b562caa1e0b1ed9146e88035ee9948a39ea11b81fa8f456d6406
data/fake/200/aug_1730_WhatsApp Image 2025-04-05 at 10.55.44 (1).jpeg,1,FAKE,200,.jpeg,100,100,RGB,cdd6aeb0843d2e25e1317a17c287b83ae01cc5f42b3d650b710afee29706725d
data/fake/200/aug_1731_WhatsApp Image 2025-04-05 at 10.55.44 (1).jpeg,1,FAKE,200,.jpeg,200,390,RGB,950dedc9ee5786b9e31adc76c8aa2ada5f38b7792a6d822951252348a36faa9e
data/fake/200/aug_1732_WhatsApp Image 2025-04-05 at 10.55.44 (1).jpeg,1,FAKE,200,.jpeg,100,100,RGB,b2abf24f4b90d8ed904db3b55552d09df672d38526fc93732cdc2c92d8bdf42e
data/fake/200/aug_1733_WhatsApp Image 2025-04-05 at 10.55.44 (1).jpeg,1,FAKE,200,.jpeg,200,390,RGB,e8dc9e9c9784fa0fe8dd54a842b44bbabb137cf5a0efe440b323c43e7d667d54
data/fake/200/aug_1735_WhatsApp Image 2025-04-05 at 10.55.44 (1).jpeg,1,FAKE,200,.jpeg,100,100,RGB,97b9c238aa9cb557f48ba89f393a6784f10be0e5c85baf751670f77960373f4c
data/fake/200/aug_1736_WhatsApp Image 2025-04-05 at 10.55.44 (1).jpeg,1,FAKE,200,.jpeg,200,390,RGB,1ea5e26c517e8430d0e86d4a6cf18d63b0c462fd9ce348e102a16dcaa8c54abc
data/fake/200/aug_1737_WhatsApp Image 2025-04-05 at 10.55.44 (1).jpeg,1,FAKE,200,.jpeg,100,100,RGB,af86baf2eab7b91721a681a813688703135171fb394d4ac103f909ea7c4d1ee4
data/fake/200/aug_1739_WhatsApp Image 2025-04-05 at 10.55.44 (1).jpeg,1,FAKE,200,.jpeg,100,100,RGB,e2ea444bdfd6ec773166519cf87bbac07c0e2fb1ef69daee5ccaefd5643408b4
data/fake/200/aug_1740_WhatsApp Image 2025-04-05 at 10.55.44 (1).jpeg,1,FAKE,200,.jpeg,200,390,RGB,817ade432b3875705cf8214deec60620b5f6356e2ed1cbead305a264a834b9a9
data/fake/200/aug_1741_WhatsApp Image 2025-04-05 at 10.55.44 (1).jpeg,1,FAKE,200,.jpeg,200,390,RGB,3c96aeb79803e24265e51b8479b2a8e9043f83d215a7179cbc796296ad45b5c3
data/fake/200/aug_1742_WhatsApp Image 2025-04-05 at 10.55.44 (1).jpeg,1,FAKE,200,.jpeg,200,390,RGB,c1bf5d03982b1bf3a1fad9f6edf5cba68ea8c0bb77e12aa167ef4f1748a565c0
data/fake/200/aug_1743_WhatsApp Image 2025-04-05 at 10.55.44 (1).jpeg,1,FAKE,200,.jpeg,100,100,RGB,f4826af8930d71a8f628de1eabc447dc62206f51b1d551dff92127f2350b5f35
data/fake/200/aug_1744_WhatsApp Image 2025-04-05 at 10.55.44 (1).jpeg,1,FAKE,200,.jpeg,100,100,RGB,01129e2ea6cd741b1a9d5e8d7b76eadc33bb54d95868a140deaec71bc86202a2
data/fake/200/aug_1745_WhatsApp Image 2025-04-05 at 10.55.44 (1).jpeg,1,FAKE,200,.jpeg,200,390,RGB,09cde4c5f449e03d44f1a721eabbc56b75503a7577ea67035c12f5371e410b29
data/fake/200/aug_1746_WhatsApp Image 2025-04-05 at 10.55.44 (1).jpeg,1,FAKE,200,.jpeg,100,100,RGB,57525bc412af741f712b3fd070f180b5a48d17d739dd1ce9270973cd06a76e85
data/fake/200/aug_1747_WhatsApp Image 2025-04-05 at 10.55.44 (1).jpeg,1,FAKE,200,.jpeg,200,390,RGB,87548ddabbbd5d6df5d1b0167bf391c87d54187298eae6d7a3dbbe997d2622ca
data/fake/200/aug_1748_WhatsApp Image 2025-04-05 at 10.55.44 (1).jpeg,1,FAKE,200,.jpeg,200,390,RGB,dc48bfa3c48a41c502fdf0ea5150a35bb04b969ed3e551fe6fdd1bc884bfe697
data/fake/200/aug_1749_WhatsApp Image 2025-04-05 at 10.55.44 (1).jpeg,1,FAKE,200,.jpeg,100,100,RGB,503f9fe04c7b430509fd0cea147792d3ea9b5be98ad45c566ad7b47e77128287
data/fake/200/aug_1750_WhatsApp Image 2025-04-05 at 10.48.44.jpeg,1,FAKE,200,.jpeg,200,382,RGB,b6ca6ca91434ceb09f66b2ff22cf331c480ce38f78ae74862a87a71b669ef736
data/fake/200/aug_1752_WhatsApp Image 2025-04-05 at 10.48.44.jpeg,1,FAKE,200,.jpeg,100,100,RGB,3003e62dbb94988b4f87758d831639fd491a85f062e87a7cace160fd3e7da48c
data/fake/200/aug_1753_WhatsApp Image 2025-04-05 at 10.48.44.jpeg,1,FAKE,200,.jpeg,200,382,RGB,70c5510e71eb4dce1e3bb82b3429709e91552845a92254058474f53df1722024
data/fake/200/aug_1754_WhatsApp Image 2025-04-05 at 10.48.44.jpeg,1,FAKE,200,.jpeg,200,382,RGB,26411b2be58a733ae87b68d03a8c18cad4e89a0a8ddbaa36aced1aaf3f57f054
data/fake/200/aug_1755_WhatsApp Image 2025-04-05 at 10.48.44.jpeg,1,FAKE,200,.jpeg,100,100,RGB,ccc9c233d5052a5a430e874d32ed89e275f6f182d4be22712f1b493b51d4bce2
data/fake/200/aug_1756_WhatsApp Image 2025-04-05 at 10.48.44.jpeg,1,FAKE,200,.jpeg,200,382,RGB,45835d235938d186a22efbaede43c4a215f5c12bd2150e85dabb29d5d75e3074
data/fake/200/aug_1757_WhatsApp Image 2025-04-05 at 10.48.44.jpeg,1,FAKE,200,.jpeg,100,100,RGB,795b67a7db7d503e9a8ce45c0273d7b5af213b75c97d776169e76f83c6e71d3e
data/fake/200/aug_1758_WhatsApp Image 2025-04-05 at 10.48.44.jpeg,1,FAKE,200,.jpeg,200,382,RGB,a802e99b3f11ed63ebfba2b4ae87d170a45baa6134462a3088651bacad557c62
data/fake/200/aug_1759_WhatsApp Image 2025-04-05 at 10.48.44.jpeg,1,FAKE,200,.jpeg,100,100,RGB,f46828d98146f11e79352d3d376b91cd2a921985f7a87a309f20e9da64e3186e
data/fake/200/aug_175_WhatsApp Image 2025-04-05 at 10.55.36 (1).jpeg,1,FAKE,200,.jpeg,200,367,RGB,02dbb845d0e2b513dfce04a9f5b5db0aedffa79aefa8a54965797c0a3c02bb58
data/fake/200/aug_1760_WhatsApp Image 2025-04-05 at 10.48.44.jpeg,1,FAKE,200,.jpeg,200,382,RGB,e8c4032f536029469fa778f1791de43b0b6ac444a7f839a912c91034bf78b642
data/fake/200/aug_1762_WhatsApp Image 2025-04-05 at 10.48.44.jpeg,1,FAKE,200,.jpeg,200,382,RGB,09946d9db374743de9c6fc540ed2bd46ee46ce75ba7cc817f550f0596e0d4082
data/fake/200/aug_1763_WhatsApp Image 2025-04-05 at 10.48.44.jpeg,1,FAKE,200,.jpeg,100,100,RGB,9177eda2f5575a8374c1ef2e773e40f5c3c50f8e3a66d6bdac1bb051752062d4
data/fake/200/aug_1764_WhatsApp Image 2025-04-05 at 10.48.44.jpeg,1,FAKE,200,.jpeg,200,382,RGB,c0743efba674a8e0f1f221404fb56eac5aadd3a6d4ffacf34af7fed0e3b11e2d
data/fake/200/aug_1765_WhatsApp Image 2025-04-05 at 10.48.44.jpeg,1,FAKE,200,.jpeg,200,382,RGB,a802e99b3f11ed63ebfba2b4ae87d170a45baa6134462a3088651bacad557c62
data/fake/200/aug_1769_WhatsApp Image 2025-04-05 at 10.48.44.jpeg,1,FAKE,200,.jpeg,100,100,RGB,e12615e409d29d32244fe5d4d317ce51d9c66269bba2677599609c7d4eedaa42
data/fake/200/aug_1770_WhatsApp Image 2025-04-05 at 10.48.44.jpeg,1,FAKE,200,.jpeg,100,100,RGB,845f8a252a4dc1fdbf98f2e3a432e28cebeb7f3e78a3a017654a2166bc9f0d0e
data/fake/200/aug_1771_WhatsApp Image 2025-04-05 at 10.48.44.jpeg,1,FAKE,200,.jpeg,200,382,RGB,8ac73b80af9d11a880dee73bad579c27d7568ae046d6a44ebbe92cdc1424a3ed
data/fake/200/aug_1773_WhatsApp Image 2025-04-05 at 10.48.44.jpeg,1,FAKE,200,.jpeg,200,382,RGB,87fb16da0705d8f0d99d76eba023218906455e73f193f3da7be39384bff3c497
data/fake/200/aug_1774_WhatsApp Image 2025-04-05 at 10.48.44.jpeg,1,FAKE,200,.jpeg,200,382,RGB,11e164dc8c76e679fa02b4a6f9b4a61f854c860061a924574707ef618f685d93
data/fake/200/aug_177_WhatsApp Image 2025-04-05 at 10.55.36 (1).jpeg,1,FAKE,200,.jpeg,200,367,RGB,e4c600e0da68850e790d6618cf9058416f7dd86c19f8faf1005076efebeec74a
data/fake/200/aug_179_WhatsApp Image 2025-04-05 at 10.55.36 (1).jpeg,1,FAKE,200,.jpeg,200,367,RGB,cfc705e637093c927e7e4f7ec50564fec887d71df12b43ec39ed0d4e8dcaab66
data/fake/200/aug_180_WhatsApp Image 2025-04-05 at 10.55.36 (1).jpeg,1,FAKE,200,.jpeg,200,367,RGB,063ae462c961a49de2e2c34b0522d61640a0388a96023b5cb20d437a3a05a131
data/fake/200/aug_182_WhatsApp Image 2025-04-05 at 10.55.36 (1).jpeg,1,FAKE,200,.jpeg,200,367,RGB,38ae3041b50d834d6378d331b908db9187eb1f15869a775ae6a780ab1e35278c
data/fake/200/aug_183_WhatsApp Image 2025-04-05 at 10.55.36 (1).jpeg,1,FAKE,200,.jpeg,200,367,RGB,82d50171cfb97f924a99afacf74b11b3d257e4e8bb10f194472d96f47c24f521
data/fake/200/aug_185_WhatsApp Image 2025-04-05 at 10.55.36 (1).jpeg,1,FAKE,200,.jpeg,200,367,RGB,5b7b00aad292e7ab24c3951f7572d9a50b5c730d7f13a46800665ff656e86d25
data/fake/200/aug_186_WhatsApp Image 2025-04-05 at 10.55.36 (1).jpeg,1,FAKE,200,.jpeg,200,367,RGB,f0970b9f42810c21eaaa31ad192cdd8a29723f65f0dd0d580e722e2288a07ca4
data/fake/200/aug_188_WhatsApp Image 2025-04-05 at 10.55.36 (1).jpeg,1,FAKE,200,.jpeg,200,367,RGB,0365aa1d150ca715f1cdead0e7eb4300f1813c45ae6d109b3f1b04244c5d597f
data/fake/200/aug_189_WhatsApp Image 2025-04-05 at 10.55.36 (1).jpeg,1,FAKE,200,.jpeg,200,367,RGB,ceb5a167be93e131ef193c96ecfff10424a6852bbb005b0d4b041af4fee2b099
data/fake/200/aug_190_WhatsApp Image 2025-04-05 at 10.55.36 (1).jpeg,1,FAKE,200,.jpeg,200,367,RGB,75f02e48c08086aa564b4974641aa19ef96e1d77fbc11b62aab57c2d0f64713e
data/fake/200/aug_191_WhatsApp Image 2025-04-05 at 10.55.36 (1).jpeg,1,FAKE,200,.jpeg,200,367,RGB,400e2c4d2f16381e5d15e0a39a1ed0ca36b038735773b26f9258756338ec6c89
data/fake/200/aug_192_WhatsApp Image 2025-04-05 at 10.55.36 (1).jpeg,1,FAKE,200,.jpeg,100,100,RGB,82985da702d0b7abdb44c4b5236596dcb415141c0175673779773ced8e75e5ff
data/fake/200/aug_193_WhatsApp Image 2025-04-05 at 10.55.36 (1).jpeg,1,FAKE,200,.jpeg,200,367,RGB,60ff90d38ecf3244f55e7248c9a05318b53a8ab87645d1e41fd9cc9efd76a564
data/fake/200/aug_194_WhatsApp Image 2025-04-05 at 10.55.36 (1).jpeg,1,FAKE,200,.jpeg,100,100,RGB,a9bf27a40d4c4b3ccc3f715fc8a7fe2da11f99b09f8a8e71a72093cb0985a149
data/fake/200/aug_196_WhatsApp Image 2025-04-05 at 10.55.36 (1).jpeg,1,FAKE,200,.jpeg,200,367,RGB,aa93f36d7478064c01eb585956b6b30dd6fdbae2e1d4a65ed9055ba0fc1d8f52
data/fake/200/aug_197_WhatsApp Image 2025-04-05 at 10.55.36 (1).jpeg,1,FAKE,200,.jpeg,200,367,RGB,70badfc7dd84de2ef660d2b9401d2b69620f0552147fa5d693d027abcfd6305c
data/fake/200/aug_198_WhatsApp Image 2025-04-05 at 10.55.36 (1).jpeg,1,FAKE,200,.jpeg,200,367,RGB,0c362f4c093db60a423974cd4315ab02b90f1a31a059d37d48ba5308aaafad91
data/fake/200/aug_199_WhatsApp Image 2025-04-05 at 10.55.36 (1).jpeg,1,FAKE,200,.jpeg,200,367,RGB,9c3683e5d266b55887fac41dfc06d8d8ea6fd84f1ad4cf37154c7620dc67a81d
data/fake/200/aug_300_WhatsApp Image 2025-04-05 at 10.55.48.jpeg,1,FAKE,200,.jpeg,100,100,RGB,6ec7ee0efcf3b47d97a8c4102c079519eac0cf5f20c86b720761cd50b6d30ed5
data/fake/200/aug_303_WhatsApp Image 2025-04-05 at 10.55.48.jpeg,1,FAKE,200,.jpeg,100,100,RGB,0577c0665c219aa175d90289d938d45c00533559dae3baddad4e0e8010860e42
data/fake/200/aug_305_WhatsApp Image 2025-04-05 at 10.55.48.jpeg,1,FAKE,200,.jpeg,398,200,RGB,b73c7e35dd50f7f15dde86170cae2e7179524418c3f6c2ed415e89a4403c0f52
data/fake/200/aug_307_WhatsApp Image 2025-04-05 at 10.55.48.jpeg,1,FAKE,200,.jpeg,398,200,RGB,06aaefe50aced86712ffdaa75a5ab512d5cd0f10ba36b9422603cb58cebe5c15
data/fake/200/aug_309_WhatsApp Image 2025-04-05 at 10.55.48.jpeg,1,FAKE,200,.jpeg,398,200,RGB,696e2f69a0e0f4d8e61e17a0c4c6aa3c961ba5d97fe35967fc8d43a5231c9b49
data/fake/200/aug_310_WhatsApp Image 2025-04-05 at 10.55.48.jpeg,1,FAKE,200,.jpeg,100,100,RGB,e748142bd14778c2180e347d33b526aec25d5dfc81352663729dc99484173a72
data/fake/200/aug_313_WhatsApp Image 2025-04-05 at 10.55.48.jpeg,1,FAKE,200,.jpeg,398,200,RGB,ef3e7bb4faf5dacee870fbf5586499cea8f1872ccaaaa204b006c7af2fa6bd59
data/fake/200/aug_314_WhatsApp Image 2025-04-05 at 10.55.48.jpeg,1,FAKE,200,.jpeg,398,200,RGB,d91ccad28073cc247649f62e403c22911669b56c9e19c2a63f64ffcc2e4249c4
data/fake/200/aug_316_WhatsApp Image 2025-04-05 at 10.55.48.jpeg,1,FAKE,200,.jpeg,100,100,RGB,f9ad0ffc430d8d104286fe15d13c514d6c6caa70e9c9db30960bdcf4695652eb
data/fake/200/aug_318_WhatsApp Image 2025-04-05 at 10.55.48.jpeg,1,FAKE,200,.jpeg,100,100,RGB,6dc7177a14adab044f51353c6f9784970507438a066f12b15dddf330bae541ec
data/fake/200/aug_320_WhatsApp Image 2025-04-05 at 10.55.48.jpeg,1,FAKE,200,.jpeg,398,200,RGB,bfd769f0e9be65c0a66e077d949aab14fd6ffb4895558469b8e3c876b760e38b
data/fake/200/aug_323_WhatsApp Image 2025-04-05 at 10.55.48.jpeg,1,FAKE,200,.jpeg,100,100,RGB,021efa35bb575515951ce270c7449ed8237aca9af4ac724d20fc6ee6616f3f4c
data/fake/200/aug_775_WhatsApp Image 2025-04-05 at 10.48.33 (1).jpeg,1,FAKE,200,.jpeg,100,100,RGB,1f8bc312c7b4eda8c82741845cbc7cdd4c60e781c6b4088663570c35f9a2989c
data/fake/200/aug_779_WhatsApp Image 2025-04-05 at 10.48.33 (1).jpeg,1,FAKE,200,.jpeg,428,200,RGB,21355225d574cbeb02364a05ced05d46d0bd1c518d6c095226739d7dcd3480ec
data/fake/200/aug_780_WhatsApp Image 2025-04-05 at 10.48.33 (1).jpeg,1,FAKE,200,.jpeg,100,100,RGB,64239fd159e5b3be2b31483b8029b6be05a1f44bf68d09db91b306ad6e6608ba
data/fake/200/aug_781_WhatsApp Image 2025-04-05 at 10.48.33 (1).jpeg,1,FAKE,200,.jpeg,428,200,RGB,37bf25ea1c51a397ec14b021a8c784b71a7aedbbba4d1ba24e030ef1f94612bc
data/fake/200/aug_783_WhatsApp Image 2025-04-05 at 10.48.33 (1).jpeg,1,FAKE,200,.jpeg,428,200,RGB,d7ff38305f1b011569cf81d1c59f8c9bb9f98c785e164ec55bdaa2881f212d64
data/fake/200/aug_784_WhatsApp Image 2025-04-05 at 10.48.33 (1).jpeg,1,FAKE,200,.jpeg,100,100,RGB,c9b69c311fdae6af3029f083c746823ea920cb69f78f207c93ce0527ac4fb849
data/fake/200/aug_785_WhatsApp Image 2025-04-05 at 10.48.33 (1).jpeg,1,FAKE,200,.jpeg,100,100,RGB,5f2c6d602064365a5c4b0e69ea10adfcbdcbf8f54a00802ae2fa8123a1c00eb0
data/fake/200/aug_786_WhatsApp Image 2025-04-05 at 10.48.33 (1).jpeg,1,FAKE,200,.jpeg,100,100,RGB,7eb1ebdbc264fcf0e5944fa43c2dcb8a1310443faa08d2afccecc88735c54b27
data/fake/200/aug_787_WhatsApp Image 2025-04-05 at 10.48.33 (1).jpeg,1,FAKE,200,.jpeg,100,100,RGB,6e1c77371a03e7bf274c861255d528a0e3e8f8c1413ff31f9009be8e6097a8d7
data/fake/200/aug_789_WhatsApp Image 2025-04-05 at 10.48.33 (1).jpeg,1,FAKE,200,.jpeg,428,200,RGB,a8aa748db1154e2e0621c1b2b7123adb11beb8d2cd4a9f49926c613ad9b6ef36
data/fake/200/aug_790_WhatsApp Image 2025-04-05 at 10.48.33 (1).jpeg,1,FAKE,200,.jpeg,100,100,RGB,3791611c9c403d37ebd208757769ec0c5e07fa657368c2854bdc679dace0ff1f
data/fake/200/aug_791_WhatsApp Image 2025-04-05 at 10.48.33 (1).jpeg,1,FAKE,200,.jpeg,100,100,RGB,a10781379acbe9c8110f399c2a0b9f65845dfb7c50034acb2e83a4ec356ae3bc
data/fake/200/aug_792_WhatsApp Image 2025-04-05 at 10.48.33 (1).jpeg,1,FAKE,200,.jpeg,428,200,RGB,d8587e6381dcc0b86bde5f0fa780c08e8ff1c581da579173a0b5f224d311188e
data/fake/200/aug_793_WhatsApp Image 2025-04-05 at 10.48.33 (1).jpeg,1,FAKE,200,.jpeg,100,100,RGB,90d4ed8583c9b19dd19d017e5b65d12dac0fbc27da8a55d7a1195c5bbe7a397d
data/fake/200/aug_794_WhatsApp Image 2025-04-05 at 10.48.33 (1).jpeg,1,FAKE,200,.jpeg,428,200,RGB,4fda377086f7e56c2b228d3f78c162145ba694a0a94ec687ba3a7c95852aaefb
data/fake/200/aug_795_WhatsApp Image 2025-04-05 at 10.48.33 (1).jpeg,1,FAKE,200,.jpeg,428,200,RGB,77a12de77326e225456cac6f13bc17ef2b9f3cabace2afb56df0ee9aa76ed5e6
data/fake/200/aug_796_WhatsApp Image 2025-04-05 at 10.48.33 (1).jpeg,1,FAKE,200,.jpeg,100,100,RGB,6d03be425eb22059a15583f184663b631deebd31d93330fd7a980a34cc658ea7
data/fake/200/aug_797_WhatsApp Image 2025-04-05 at 10.48.33 (1).jpeg,1,FAKE,200,.jpeg,428,200,RGB,b87518a01d12942a22effd87534fbb2c8a9dfb06b240d4f2c722160584cb1661
data/fake/200/aug_798_WhatsApp Image 2025-04-05 at 10.48.33 (1).jpeg,1,FAKE,200,.jpeg,428,200,RGB,e5c834e847d0b726f5a67b30d72232a27e884946d4973e5e96d50d7f45cb7487
data/fake/200/aug_799_WhatsApp Image 2025-04-05 at 10.48.33 (1).jpeg,1,FAKE,200,.jpeg,428,200,RGB,6559d8560bf8e1e5dd2563c091bba85959a8730009135c581a936721924bf27f
data/fake/2000/1 (39).jpg,1,FAKE,2000,.jpg,1920,752,RGB,f8585dbe125e3a564a1eed517a917c0975c71c06798fc0c7a9f6039eb2f6db9d
data/fake/2000/1 (40).jpg,1,FAKE,2000,.jpg,1920,752,RGB,f8585dbe125e3a564a1eed517a917c0975c71c06798fc0c7a9f6039eb2f6db9d
data/fake/2000/1 (42).jpg,1,FAKE,2000,.jpg,1293,522,RGB,464520ca9b4e9391b319d4dcdab5534db5c95ecfe06addcb4c999d17f921ba20
data/fake/2000/1 (43).jpg,1,FAKE,2000,.jpg,1293,522,RGB,464520ca9b4e9391b319d4dcdab5534db5c95ecfe06addcb4c999d17f921ba20
data/fake/2000/1 (45).jpg,1,FAKE,2000,.jpg,1293,522,RGB,464520ca9b4e9391b319d4dcdab5534db5c95ecfe06addcb4c999d17f921ba20
data/fake/2000/1 (63).jpg,1,FAKE,2000,.jpg,3264,1280,RGB,2dc3d0733fe4957713c17bd62b1a28efc32b2ad80b093c14a937d3ecd8f66f56
data/fake/2000/1 (65).jpg,1,FAKE,2000,.jpg,3264,1280,RGB,2dc3d0733fe4957713c17bd62b1a28efc32b2ad80b093c14a937d3ecd8f66f56
data/fake/2000/1 (66).jpg,1,FAKE,2000,.jpg,3260,1264,RGB,af0646c4ff85f708767089acb4192109435b38d40e27ada3986c40e53660f1ff
data/fake/2000/1 (67).jpg,1,FAKE,2000,.jpg,3260,1264,RGB,af0646c4ff85f708767089acb4192109435b38d40e27ada3986c40e53660f1ff
data/fake/2000/1 (68).jpg,1,FAKE,2000,.jpg,3260,1264,RGB,af0646c4ff85f708767089acb4192109435b38d40e27ada3986c40e53660f1ff
data/fake/2000/2000_f1.jpg,1,FAKE,2000,.jpg,1920,752,RGB,f8585dbe125e3a564a1eed517a917c0975c71c06798fc0c7a9f6039eb2f6db9d
data/fake/2000/2000_f2.jpg,1,FAKE,2000,.jpg,1293,522,RGB,464520ca9b4e9391b319d4dcdab5534db5c95ecfe06addcb4c999d17f921ba20
data/fake/2000/IMG-20250717-WA0130_aug2.jpg,1,FAKE,2000,.jpg,224,224,RGB,3bd7ff1b75f07d6106598ee999bb8d04eaaa14017ebeb63b355fce29f6442d62
data/fake/2000/Screenshot 2025-10-12 105635.png,1,FAKE,2000,.png,695,280,RGBA,7e9949bc71cdf387e784925acb3382ebd93b09d785cd11544b6cd2613a5765c3
data/fake/2000/Screenshot 2025-10-12 105643.png,1,FAKE,2000,.png,688,391,RGBA,6bb9323d4dc64e33cc31c8fa0853e2fb36c9ec2d1868164c609df83841b0470f
data/fake/2000/Screenshot 2025-10-12 105716.png,1,FAKE,2000,.png,299,236,RGBA,d8c29b9fc3fa141d31f8ddaa7c45524cbff04310794aee412bf3b44a7b637db9
data/fake/2000/Screenshot 2025-10-12 105726.png,1,FAKE,2000,.png,336,151,RGBA,f25335152c8b2087bb15593bf47257923f3835525c614a43479a95d451a7d1bb
data/fake/2000/Screenshot 2025-10-12 105738.png,1,FAKE,2000,.png,535,412,RGBA,6ed5ae16eb6d0ce85eba4dc47f340b8c48c7301d051dc382ca90b320740a97f5
data/fake/2000/Screenshot 2025-10-12 105744.png,1,FAKE,2000,.png,528,249,RGBA,cfad6d68ccdc669418f899a65d56f22d80805b0783cbc60eb33425b4aeceddc6
data/fake/2000/Screenshot 2025-10-12 105801.png,1,FAKE,2000,.png,514,172,RGBA,be030bb03c7231a51c29d4ca026d94588884f95c3bd70f7e71ff889f1908f29e
data/fake/2000/Screenshot 2025-10-12 105808.png,1,FAKE,2000,.png,521,168,RGBA,9e65100c87d37d3960f6970f2abf84bbacac8e13e84ceaabb5ea577c8b6bd343
data/fake/2000/Screenshot 2025-10-12 105919.png,1,FAKE,2000,.png,573,197,RGBA,8b0bc7704063dccd226451394f57e9a983bcbec59c736312393e60df0323c69f
data/fake/2000/Screenshot 2025-10-12 105924.png,1,FAKE,2000,.png,583,225,RGBA,adb69cf5226c8af125f3add58ba64d5c74bb68908846d7f4c7134b3313ee0934
data/fake/2000/Screenshot 2025-10-12 105938.png,1,FAKE,2000,.png,527,331,RGBA,3ab1036cfdd05a4da1a2ee949f02d2237b7e665da6d99dd5d0bbca108b69db7c
data/fake/2000/Screenshot 2025-10-12 105946.png,1,FAKE,2000,.png,708,279,RGBA,bc1f6b021275225cadba81337ec7a240c724f3ed31fcd50cc33f3bd73ed504ea
data/fake/2000/Screenshot 2025-10-12 105955.png,1,FAKE,2000,.png,691,430,RGBA,125ef19fea1781b6db8516fef9f5a17180869d3926aeb215ced7344816838118
data/fake/2000/Screenshot 2025-10-12 110001.png,1,FAKE,2000,.png,670,248,RGBA,c3ddf51f7fde9e0a8b325c124f1c2837697003d799476010f7a0bbba8b076c61
data/fake/2000/Screenshot 2025-10-12 110009.png,1,FAKE,2000,.png,452,202,RGBA,99cdd23ffe5135c161ae00e8659c00809eb2d9a4d1fd80f51b41f9e151ee6929
data/fake/2000/Screenshot 2025-10-12 110018.png,1,FAKE,2000,.png,563,237,RGBA,e8e7971ccdd87fe48214ac0974b32fa18f5f10a1eb1e0edfa38d25c4f5df5fd9
data/fake/2000/Screenshot 2025-10-12 110023.png,1,FAKE,2000,.png,574,312,RGBA,eaa8f8ef82f1b7a2c4f94fd70f4bfad4e65e6b6fed33951b0b0fe97cfc4af608
data/fake/2000/Screenshot 2025-10-12 110051.png,1,FAKE,2000,.png,589,348,RGBA,fa6bdbb5fa64db66805a4d30757fd82db3e4d0489a5949d8b4f4b6f0ce0ee8e3
data/fake/2000/Screenshot 2025-10-12 110108.png,1,FAKE,2000,.png,377,438,RGBA,a6deb516c17cb497d496a8a53f7efdc57bfaf0962863bf7458abfb50b2d14cf8
data/fake/2000/Screenshot 2025-10-12 110228.png,1,FAKE,2000,.png,455,373,RGBA,009e002504f63efb9cd67904e1fd2961a62160dca69e79a451f60e98abd78b16
data/fake/2000/Screenshot 2025-10-12 110235.png,1,FAKE,2000,.png,430,185,RGBA,16ce7d9605db0f81a4c9259d8b124bc1601ce66da68a0e6f11715673328f0ea4
data/fake/2000/Screenshot 2025-10-12 110252.png,1,FAKE,2000,.png,575,486,RGBA,a05b46f5d0605eefde6491c5e7b3174bf2a9b3bb138a9bd884b1c45af5a6afc6
data/fake/2000/Screenshot 2025-10-12 110301.png,1,FAKE,2000,.png,543,217,RGBA,fa2c7548f4bc31dedec774df24f4ebee23eb19919b808678e70823f3ad85fe16
data/fake/2000/Screenshot 2025-10-12 110308.png,1,FAKE,2000,.png,534,346,RGBA,9ca5e6a9db306a41aa1d0bd9ffe487ca55d078f0249f977f8e462aca97960941
data/fake/2000/Screenshot 2025-10-12 110319.png,1,FAKE,2000,.png,488,476,RGBA,4f6166be144582024dbc719efd93186e318ec45787e06bc5ac122750deb4feec
data/fake/2000/Screenshot 2025-10-12 110329.png,1,FAKE,2000,.png,494,231,RGBA,2c41305ceb52c0567320e7d7eb2cd9f26b0dcc7310f804a8d95e1425ddc15e8c
data/fake/2000/Screenshot 2025-10-12 110337.png,1,FAKE,2000,.png,397,167,RGBA,2879f2ac0ca7779b0b5b51c8100c11c787e7b71881ad4b7945096297a629510c
data/fake/2000/Screenshot 2025-10-12 110345.png,1,FAKE,2000,.png,696,358,RGBA,77030445f10e229c4807ee07073e9771456162d35276fce65e05de464c8e6242
data/fake/2000/Screenshot 2025-10-12 110354.png,1,FAKE,2000,.png,681,272,RGBA,43d366933f661aff436003d0e46e3e95717fe45e8c1e08e375b1bc2d03cad376
data/fake/2000/Screenshot 2025-10-12 110422.png,1,FAKE,2000,.png,350,181,RGBA,738fdee9d04d02c27bc97e1fe89ab426f98e675927e4f1935fac4706c3bea010
data/fake/2000/Screenshot 2025-10-12 110437.png,1,FAKE,2000,.png,594,237,RGBA,60455043bab6f15d456a1510b0c05e5a96519b30fdd2e5a2ad00780cd68a827a
data/fake/2000/Screenshot 2025-10-12 110446.png,1,FAKE,2000,.png,564,250,RGBA,c1cd80847e94084359646234faaee522a6b956970a9ee7551d3664f6f65ea701
data/fake/2000/Screenshot 2025-10-12 110455.png,1,FAKE,2000,.png,198,82,RGBA,64e4be101b99f1cb45d687daa5479d5c50e7fd971470e532eead04d4d728f5e8
data/fake/2000/Screenshot 2025-10-12 110508.png,1,FAKE,2000,.png,712,367,RGBA,14d64425929a8fc9047f3ca18e21835051700287cd78497fd662d6b70ee3296b
data/fake/2000/Screenshot 2025-10-12 110518.png,1,FAKE,2000,.png,561,397,RGBA,ae5e3dc31c13a9acdfe4bd780ebe5e21f1493f698ad34f261acabd76af9564a7
data/fake/2000/Screenshot 2025-10-12 110525.png,1,FAKE,2000,.png,668,285,RGBA,76bbeea881acf975483d5e92c66f851aeedcaac8e29eebef88b122cdb484d6a2
data/fake/2000/Screenshot 2025-10-12 110536.png,1,FAKE,2000,.png,528,369,RGBA,80e4f8543295a066fcb0029fc1e31242e8fceeefa3708f61406ee6377900b001
data/fake/2000/Screenshot 2025-10-12 110607.png,1,FAKE,2000,.png,455,196,RGBA,86f3f6a190f8e93736507e93fbc0f45ccc502711e8609fafb09a7270c9100d73
data/fake/2000/Screenshot 2025-10-12 110615.png,1,FAKE,2000,.png,572,384,RGBA,7f4a6cdab1bf0ed52300fbf5f0fcae940a9fff0d3e22cfb662cb64f891a3f9f7
data/fake/2000/Screenshot 2025-10-12 110626.png,1,FAKE,2000,.png,477,192,RGBA,5e305c0e53634c340b38f98dbc20756869bad6de0398503a5f410b496169b914
data/fake/2000/Screenshot 2025-10-12 110724.png,1,FAKE,2000,.png,614,378,RGBA,a8c1dd8c8a624cf09716b1315a1ef557fae75390d21d42bcf3247d5ef799f22e
data/fake/2000/Screenshot 2025-10-12 110742.png,1,FAKE,2000,.png,471,204,RGBA,7d5fd0731c70d7373ef8c1b2fb30d82acbc66c82b92ba33d52e137a8b5e4c07e
data/fake/2000/Screenshot 2025-10-12 110748.png,1,FAKE,2000,.png,456,308,RGBA,2cff0590d3e38921db9e35b81486bddedde7c1db6119d9e94fafaf8d49912756
data/fake/2000/Screenshot 2025-10-13 143656.png,1,FAKE,2000,.png,474,212,RGBA,24f95209544b410a511d8646277121ddc7a612222887575da4af282fd3fa42fb
data/fake/2000/Screenshot 2025-10-13 143707.png,1,FAKE,2000,.png,462,186,RGBA,1edbc02b3d83f72bd140452aa0e737fd5fa1e1037ff6c7c002956ee045c7ced7
data/fake/2000/Screenshot 2025-10-13 143728.png,1,FAKE,2000,.png,649,312,RGBA,17180ff9e135accce532b824dcad3815bb4dc56a6f11197b5ad91ae3a3d50758
data/fake/2000/Screenshot 2025-10-13 143818.png,1,FAKE,2000,.png,416,168,RGBA,a1c865ee284b32243b5b34380bca99ffdf9080aa01dd7f14e2f15b78480fffcd
data/fake/2000/Screenshot 2025-10-13 143915.png,1,FAKE,2000,.png,506,238,RGBA,b96c7328e2220f5f638a2056839904e5b2a52f5ed64f6e0f8360fd4f0df714c9
data/fake/2000/Screenshot 2025-10-13 143927.png,1,FAKE,2000,.png,511,339,RGBA,a2192d626a9ee7007b4452f599f72ba70f8c68a1c80f3c0317e8f99dc3af0e20
data/fake/2000/Screenshot 2025-10-13 143940.png,1,FAKE,2000,.png,520,226,RGBA,7d75be9a22c79c0df3b47b4622679a11f5917a6bc734e30d26c7221a283b872d
data/fake/2000/Screenshot 2025-10-13 144101.png,1,FAKE,2000,.png,677,318,RGBA,127e3dca4cb3a7c97eb6b9eff29410ad611ff8d9b530197b4b9ead687382b512
data/fake/2000/Screenshot 2025-10-13 144203.png,1,FAKE,2000,.png,474,227,RGBA,e4af00e1c801f889ab1ea84cc42e593ef810ba040c26aedb6c658f6ceedc5c45
data/fake/2000/Screenshot 2025-10-13 144415.png,1,FAKE,2000,.png,642,269,RGBA,26369bccb1b9df38eafac9859754fd39081058c5f227eaab4e9c68413ae101ec
data/fake/2000/Screenshot 2025-10-13 144445.png,1,FAKE,2000,.png,552,246,RGBA,4979693c69857b5cdd05373bce40d32780b7478394795d104c3e58d526099a96
data/fake/2000/Screenshot 2025-10-13 144456.png,1,FAKE,2000,.png,628,297,RGBA,92e1ce73a5b0b463b1c4af5a33c575d0991ef85a1ac16d41d4a061c3d72d8459
data/fake/2000/Screenshot 2025-10-13 144510.png,1,FAKE,2000,.png,625,252,RGBA,a279459d9142b8d3cb9d84422b873ce5b33cdf4f801cd480718e895a93de8597
data/fake/2000/Screenshot 2025-10-13 144516.png,1,FAKE,2000,.png,634,255,RGBA,718e7a02f3aeb920f76365855e0f0d386ca316f6c6b45abbae354e40f704672d
data/fake/2000/Screenshot 2025-10-13 144537.png,1,FAKE,2000,.png,417,196,RGBA,3b1915e1dd24425ff2df8655cd3b86063382cdb33276c00889a1d21ce397c4fc
data/fake/2000/Screenshot 2025-10-13 144647.png,1,FAKE,2000,.png,644,329,RGBA,a636efcbc5bdf4989de9e3fcab6fbcea5374230e82a5b020343aea8c92d13bda
data/fake/2000/Screenshot 2025-10-13 144713.png,1,FAKE,2000,.png,653,302,RGBA,6d6d47a817d82967cb4c7dbb82e479c600449617a8ab1d334920bb10068ca597
data/fake/2000/Screenshot 2025-10-13 144728.png,1,FAKE,2000,.png,597,347,RGBA,ad7f553a67c1622a7c858e489f118ba6979fc25d6d9fa1911a20da4c192f69e4
data/fake/2000/Screenshot 2025-10-13 144922.png,1,FAKE,2000,.png,636,294,RGBA,94eb0c806dfdd8ffd34c227008c8bffd4ffaa6dfeb7e5b2b62e5940152a757c6
data/fake/2000/Screenshot 2025-10-15 104511.png,1,FAKE,2000,.png,288,225,RGBA,ff2988148537eb12d3954caf5d6465b80bbccd0fa1c1255bae2cea69a477d39b
data/fake/2000/Screenshot 2025-10-15 104530.png,1,FAKE,2000,.png,416,218,RGBA,be870423cbb4e867b43068c3879a5625daa25623a14f4464ed49204b1266d45d
data/fake/2000/Screenshot 2025-10-15 104552 - Copy.png,1,FAKE,2000,.png,246,236,RGBA,923d97ddfcac2aedb25c7f7095484d6629a62fe3fb4d1315362abc0b21867875
data/fake/2000/Screenshot 2025-10-15 104552.png,1,FAKE,2000,.png,246,236,RGBA,923d97ddfcac2aedb25c7f7095484d6629a62fe3fb4d1315362abc0b21867875
data/fake/2000/Screenshot 2025-10-15 145620.png,1,FAKE,2000,.png,715,223,RGBA,330310deb829b55b6154f34550333ec733e9c43b43618393888cd859006d861f
data/fake/2000/ss.jpg,1,FAKE,2000,.jpg,679,303,RGB,7b7a41741f5db4d91415ca8fb6b12d6bf44ca722721b3f18e0c1482922e31395
data/fake/2000/sssss.jpg,1,FAKE,2000,.jpg,945,370,RGB,321dcfeea74fdef003e7baa49d18e3f4052a51298b7fc6ef929437956aacce2f
data/fake/2000/test (10).jpg,1,FAKE,2000,.jpg,3260,1264,RGB,af0646c4ff85f708767089acb4192109435b38d40e27ada3986c40e53660f1ff
data/fake/2000/test (7).jpg,1,FAKE,2000,.jpg,3264,1280,RGB,2dc3d0733fe4957713c17bd62b1a28efc32b2ad80b093c14a937d3ecd8f66f56
data/fake/2000/test (9).jpg,1,FAKE,2000,.jpg,3260,1264,RGB,af0646c4ff85f708767089acb4192109435b38d40e27ada3986c40e53660f1ff
data/fake/50/aug_1051_WhatsApp Image 2025-04-05 at 10.55.37.jpeg,1,FAKE,50,.jpeg,200,355,RGB,f4524601037f25152867f67f56d7accd9ce5f40d977149fddd8d72a87ed0ddb5
data/fake/50/aug_1053_WhatsApp Image 2025-04-05 at 10.55.37.jpeg,1,FAKE,50,.jpeg,200,355,RGB,d22878f10e0babec45320ce9ae6b1b7f04fc615fd5cbf290ca0f72ae8791a137
data/fake/50/aug_1054_WhatsApp Image 2025-04-05 at 10.55.37.jpeg,1,FAKE,50,.jpeg,200,355,RGB,bd7b9758df41d65399a498df18e079698ae82abab3e9b65e9c66c4c561349315
data/fake/50/aug_1055_WhatsApp Image 2025-04-05 at 10.55.37.jpeg,1,FAKE,50,.jpeg,100,100,RGB,286bdfa7b0389b5f7f69901a172cc276c5659fa248bc1db85c659265a3a918dd
data/fake/50/aug_1056_WhatsApp Image 2025-04-05 at 10.55.37.jpeg,1,FAKE,50,.jpeg,100,100,RGB,14d02d8c05ea83cbe4ba68eef978dc807718e2047769189f220cc20125518a91
data/fake/50/aug_1057_WhatsApp Image 2025-04-05 at 10.55.37.jpeg,1,FAKE,50,.jpeg,100,100,RGB,6e9b0b2be7ea0feb83b41f6c00dd404ecf2eff7561a4b5ee17013d03281f0cb4
data/fake/50/aug_1059_WhatsApp Image 2025-04-05 at 10.55.37.jpeg,1,FAKE,50,.jpeg,200,355,RGB,b698ffe0514fa19a120509d590ba5563f79c910fbcd0c7e7ef75d956fe8ed8c1
data/fake/50/aug_1060_WhatsApp Image 2025-04-05 at 10.55.37.jpeg,1,FAKE,50,.jpeg,200,355,RGB,ff18756772dcd2a6f4989cf8e0095237fd59cec12f45fdde7ffc00ca9536fa58
data/fake/50/aug_1061_WhatsApp Image 2025-04-05 at 10.55.37.jpeg,1,FAKE,50,.jpeg,200,355,RGB,31cbd75812ac795fefc3060e69b0be5d9a292dc3e1e756e2b59d7ff473b1f876
data/fake/50/aug_1062_WhatsApp Image 2025-04-05 at 10.55.37.jpeg,1,FAKE,50,.jpeg,200,355,RGB,58ee6017640d5de89be32f055973f8a792c22142055c190098c4dc5e3c385ef0
data/fake/50/aug_1065_WhatsApp Image 2025-04-05 at 10.55.37.jpeg,1,FAKE,50,.jpeg,100,100,RGB,b32344c2a84795cea135ad906eec87d608d30f6babd881c6282aad1accab4872
data/fake/50/aug_1066_WhatsApp Image 2025-04-05 at 10.55.37.jpeg,1,FAKE,50,.jpeg,200,355,RGB,a90a815c3a7687ab3b857bf4a08aa85462a8b4c20476a8ba3211bc5792a7c346
data/fake/50/aug_1067_WhatsApp Image 2025-04-05 at 10.55.37.jpeg,1,FAKE,50,.jpeg,200,355,RGB,cd21c2cb5c21b08a91d562ee04068f905e8aaf2c6e45cc351ba77b5afdd827a1
data/fake/50/aug_1068_WhatsApp Image 2025-04-05 at 10.55.37.jpeg,1,FAKE,50,.jpeg,100,100,RGB,b5e0ac613bdb6f0d6297ffdb8763a930c6db3dfd6387c197a5f8056f0467ac5a
data/fake/50/aug_1069_WhatsApp Image 2025-04-05 at 10.55.37.jpeg,1,FAKE,50,.jpeg,200,355,RGB,bac583ff18a535b3e10496780f7c102c572ee3ea823a36ed577e0aaeb453ebf0
data/fake/50/aug_1070_WhatsApp Image 2025-04-05 at 10.55.37.jpeg,1,FAKE,50,.jpeg,200,355,RGB,d11ca0df581dbf82d52fb307015422a2e472517dcde360fdb8a6730c7de00dd1
data/fake/50/aug_1071_WhatsApp Image 2025-04-05 at 10.55.37.jpeg,1,FAKE,50,.jpeg,200,355,RGB,9dc17341ba629bd5c14358233f31dfe164199e45cca17c4ba4b992db65507331
data/fake/50/aug_1072_WhatsApp Image 2025-04-05 at 10.55.37.jpeg,1,FAKE,50,.jpeg,200,355,RGB,deab2ada6d5a309d7b8f3c2eded9b177b5167e352a6a3cd4d2d01a46dc12910e
data/fake/50/aug_1073_WhatsApp Image 2025-04-05 at 10.55.37.jpeg,1,FAKE,50,.jpeg,100,100,RGB,55cff0507977ebbced4b8a86f7aa8bd962ebb9ddfa8a9f2fc5feeb7a6f92c722
data/fake/50/aug_1074_WhatsApp Image 2025-04-05 at 10.55.37.jpeg,1,FAKE,50,.jpeg,200,355,RGB,025028f5ac4bc9b269489dc89579151f2ccc0fd16b3ade6c2954c5cec16d4e40
data/fake/50/aug_1126_WhatsApp Image 2025-04-05 at 10.48.35.jpeg,1,FAKE,50,.jpeg,100,100,RGB,13ec26ee25aa49c1cf6f050d42a723a3cf4bd4d930281ba423842eff854f8e5d
data/fake/50/aug_1127_WhatsApp Image 2025-04-05 at 10.48.35.jpeg,1,FAKE,50,.jpeg,416,200,RGB,f2acfc423fca23cc7839b7fd7aa23332d249e084d7c0d131856f6cdb62c4cc3b
data/fake/50/aug_1129_WhatsApp Image 2025-04-05 at 10.48.35.jpeg,1,FAKE,50,.jpeg,100,100,RGB,a1b9838e60507119fbc51b244d00a4098e7ee9ea102114f02c33a5bfc977bad2
data/fake/50/aug_1130_WhatsApp Image 2025-04-05 at 10.48.35.jpeg,1,FAKE,50,.jpeg,416,200,RGB,644546f4a564efaf148ba9ee90e3f1b57c5c0c6ff2e6f9107821803f208f7aa9
data/fake/50/aug_1131_WhatsApp Image 2025-04-05 at 10.48.35.jpeg,1,FAKE,50,.jpeg,100,100,RGB,e7628b142da8d7188fe78c04e3d606e0edba5b5cc7acdc548731c077bae35433
data/fake/50/aug_1132_WhatsApp Image 2025-04-05 at 10.48.35.jpeg,1,FAKE,50,.jpeg,416,200,RGB,1f084a55b5a880e798a49871b80e9267af38098cf7eca7f1b2111ac3d3af1f91
data/fake/50/aug_1133_WhatsApp Image 2025-04-05 at 10.48.35.jpeg,1,FAKE,50,.jpeg,100,100,RGB,7441bedd0d23de5b4342f0edab4fe89993a3e660b3d878a54125f046bd778fb5
data/fake/50/aug_1134_WhatsApp Image 2025-04-05 at 10.48.35.jpeg,1,FAKE,50,.jpeg,416,200,RGB,befc9b02b3756bfaa8d2eccd5c08671734159868bea84a1193a14c6329f36068
data/fake/50/aug_1135_WhatsApp Image 2025-04-05 at 10.48.35.jpeg,1,FAKE,50,.jpeg,100,100,RGB,dff61665f0202e2ca7e2ecf98f21e3bd956160b005e48343c5b3d3d395df0fd2
data/fake/50/aug_1136_WhatsApp Image 2025-04-05 at 10.48.35.jpeg,1,FAKE,50,.jpeg,100,100,RGB,8164ac006902335fc0a398c33f21f064c767fa08d6383efd71d0c7a27bbd950e
data/fake/50/aug_1138_WhatsApp Image 2025-04-05 at 10.48.35.jpeg,1,FAKE,50,.jpeg,100,100,RGB,758fae9ad442fcbcf6dd8070d443362f5d70ab7c2d3d451fef8ef52f456d788b
data/fake/50/aug_1140_WhatsApp Image 2025-04-05 at 10.48.35.jpeg,1,FAKE,50,.jpeg,100,100,RGB,38ccabfd82fdd44248c603f40ceea5cdb633fd7d7db90be626ab2d841841d815
data/fake/50/aug_1141_WhatsApp Image 2025-04-05 at 10.48.35.jpeg,1,FAKE,50,.jpeg,416,200,RGB,12e5dc5bec44129a74d9b480ca0d8bb9b767b1d1fcadaf3eb79a97c5c1f7f3ae
data/fake/50/aug_1142_WhatsApp Image 2025-04-05 at 10.48.35.jpeg,1,FAKE,50,.jpeg,416,200,RGB,5adca4c0d2252f53b054ecaaede12b994f96274d6d6ef397a20404a198b968cb
data/fake/50/aug_1143_WhatsApp Image 2025-04-05 at 10.48.35.jpeg,1,FAKE,50,.jpeg,416,200,RGB,c2049a81cd9a69c1700b15e472d8d6b6b2b7d5a5dcc19fefcb5d3e0291fbd21a
data/fake/50/aug_1145_WhatsApp Image 2025-04-05 at 10.48.35.jpeg,1,FAKE,50,.jpeg,416,200,RGB,c2046373d07fea55860b4983c66b65fd90ec744e38a34b57c531323c902e6d2d
data/fake/50/aug_1146_WhatsApp Image 2025-04-05 at 10.48.35.jpeg,1,FAKE,50,.jpeg,416,200,RGB,9acbdafcd391233892f91a903893a78e1364df7c2c447492d80d71de7e3a3064
data/fake/50/aug_1148_WhatsApp Image 2025-04-05 at 10.48.35.jpeg,1,FAKE,50,.jpeg,100,100,RGB,cdbf1ca7fcc8bf8ca403749af1b96c93f5bbcab4de73efc52ed81246c1f6dbe0
data/fake/50/aug_1149_WhatsApp Image 2025-04-05 at 10.48.35.jpeg,1,FAKE,50,.jpeg,100,100,RGB,cc9df086645fa44ae5e39b93de06af4b7e4ea719a0180a44097a5019c189b89e
data/fake/50/aug_1225_WhatsApp Image 2025-04-05 at 10.59.17 (1).jpeg,1,FAKE,50,.jpeg,100,100,RGB,310eb0e52a6144a0039b3cf0d7e502533d79870e55360a07d46f1911bdb77b3b
data/fake/50/aug_1226_WhatsApp Image 2025-04-05 at 10.59.17 (1).jpeg,1,FAKE,50,.jpeg,200,404,RGB,681c67814639a96dece3b6303c78cd11c1aeba4842d5e8540f0dd7bc25fdc434
data/fake/50/aug_1227_WhatsApp Image 2025-04-05 at 10.59.17 (1).jpeg,1,FAKE,50,.jpeg,200,404,RGB,e0b63824777f6eb520a9c74a3b83a6d04579e6c8b5dde800ee5858aaf5457a64
data/fake/50/aug_1228_WhatsApp Image 2025-04-05 at 10.59.17 (1).jpeg,1,FAKE,50,.jpeg,100,100,RGB,0db97344ef10f1afbd1ab58230c7e16c54e165bb4412a9ee8250cfd943ad427f
data/fake/50/aug_1229_WhatsApp Image 2025-04-05 at 10.59.17 (1).jpeg,1,FAKE,50,.jpeg,100,100,RGB,714a475aba3cb3189a6322f85b2d70ca30dcd3b4dfab91c3e6075929ec71c029
data/fake/50/aug_1230_WhatsApp Image 2025-04-05 at 10.59.17 (1).jpeg,1,FAKE,50,.jpeg,100,100,RGB,4289b686fb1e5debf9272f220537e2092efbdf9819df8292c5e687a2ada88e29
data/fake/50/aug_1235_WhatsApp Image 2025-04-05 at 10.59.17 (1).jpeg,1,FAKE,50,.jpeg,200,404,RGB,aef7e6373bb53ff1ac416a5c8230132c22dcb5d3251671b45ab300f8d20ef78d
data/fake/50/aug_1238_WhatsApp Image 2025-04-05 at 10.59.17 (1).jpeg,1,FAKE,50,.jpeg,200,404,RGB,92dd94ef166cabdc8ac2d81b7a03f634929fa3b459edd12e2df90bd0bd8e7b8c
data/fake/50/aug_1239_WhatsApp Image 2025-04-05 at 10.59.17 (1).jpeg,1,FAKE,50,.jpeg,200,404,RGB,92fd7919468cecd7682c4b25d359544d6fd40320be96b41ab9805af97f9bbe6b
data/fake/50/aug_1240_WhatsApp Image 2025-04-05 at 10.59.17 (1).jpeg,1,FAKE,50,.jpeg,200,404,RGB,c073eb89ca79bd99d1d42f237ea22b2c28e50776ff0f590372a2b390ad138722
data/fake/50/aug_1241_WhatsApp Image 2025-04-05 at 10.59.17 (1).jpeg,1,FAKE,50,.jpeg,200,404,RGB,1c343701a7a7ae96eee406f6216b5c5874f5e46a32965931876ec47593ee8043
data/fake/50/aug_1242_WhatsApp Image 2025-04-05 at 10.59.17 (1).jpeg,1,FAKE,50,.jpeg,100,100,RGB,58655b7f4b59547b38dba9e757eb9deee6b967363672ab3420d1a1cd5c14256c
data/fake/50/aug_1243_WhatsApp Image 2025-04-05 at 10.59.17 (1).jpeg,1,FAKE,50,.jpeg,200,404,RGB,bae6d5b33f086207a3a55110744cf403074e3a201deefba7b7b8938d0f6822ac
data/fake/50/aug_1245_WhatsApp Image 2025-04-05 at 10.59.17 (1).jpeg,1,FAKE,50,.jpeg,200,404,RGB,65c8393672cfd0518dc6b8bf5423e19a07cca92ebb617205778d7a8c1a5e66f7
data/fake/50/aug_1246_WhatsApp Image 2025-04-05 at 10.59.17 (1).jpeg,1,FAKE,50,.jpeg,200,404,RGB,f50333db6e575d1e4b7209cb48bfbd1df6b8aa863c6c4a425b7fa3f28db9963e
data/fake/50/aug_1247_WhatsApp Image 2025-04-05 at 10.59.17 (1).jpeg,1,FAKE,50,.jpeg,200,404,RGB,fefca4f7f93ba2bcbcb76cde33adc4792f2cd26660faebadc6c35ebcf48e2125
data/fake/50/aug_1248_WhatsApp Image 2025-04-05 at 10.59.17 (1).jpeg,1,FAKE,50,.jpeg,100,100,RGB,c42a89dee4782abe68acdae67cdb0833c12716e30b674ff8a8d4c321a0380d78
data/fake/50/aug_1276_WhatsApp Image 2025-04-05 at 10.55.48 (1).jpeg,1,FAKE,50,.jpeg,100,100,RGB,7b4935c7a5a20a3d4450f0555a113194c02d3b686f611f1f810fe98bd1e4cdd8
data/fake/50/aug_1277_WhatsApp Image 2025-04-05 at 10.55.48 (1).jpeg,1,FAKE,50,.jpeg,200,397,RGB,419c1108d1784c57ea33780d0907eb6bbc72d4cca19905d8b5c9622c5d633501
data/fake/50/aug_1278_WhatsApp Image 2025-04-05 at 10.55.48 (1).jpeg,1,FAKE,50,.jpeg,100,100,RGB,0d453b9a91200b295404fdc0e342d72f8c85c904b1f73f76214a8da40f6b1350
data/fake/50/aug_1279_WhatsApp Image 2025-04-05 at 10.55.48 (1).jpeg,1,FAKE,50,.jpeg,200,397,RGB,715569eab3dc14d43a8147bf89d8860229dea398c1e9ad62071b05ed23996bd0
data/fake/50/aug_1281_WhatsApp Image 2025-04-05 at 10.55.48 (1).jpeg,1,FAKE,50,.jpeg,100,100,RGB,3d0a61b24a4eb18ad36370e096186661fb764cc01862e6d41542489bcb27db48
data/fake/50/aug_1282_WhatsApp Image 2025-04-05 at 10.55.48 (1).jpeg,1,FAKE,50,.jpeg,200,397,RGB,cec3ac7f6441ef5ff8edec3d34cf08c31aae5f018b333ccabb9b3455535033f5
data/fake/50/aug_1283_WhatsApp Image 2025-04-05 at 10.55.48 (1).jpeg,1,FAKE,50,.jpeg,100,100,RGB,ef8b96955a7a937f3ce5871c99d005af426fb92cc360b784bc52b3153e0d236c
data/fake/50/aug_1284_WhatsApp Image 2025-04-05 at 10.55.48 (1).jpeg,1,FAKE,50,.jpeg,100,100,RGB,6f302494e804493ccfbbb5683e1055dae7ac0e0e5c55b97b71b2e38ea1927173
data/fake/50/aug_1285_WhatsApp Image 2025-04-05 at 10.55.48 (1).jpeg,1,FAKE,50,.jpeg,100,100,RGB,ea7ed0831c36117024064e6368f1a0eebfdbe605b977e18f96ed4ab3606a023a
data/fake/50/aug_1286_WhatsApp Image 2025-04-05 at 10.55.48 (1).jpeg,1,FAKE,50,.jpeg,200,397,RGB,0c2cf8b8f96e833c394bbef568ecb7bc761d71dbf400b913969b65a7aa5c772a
data/fake/50/aug_1287_WhatsApp Image 2025-04-05 at 10.55.48 (1).jpeg,1,FAKE,50,.jpeg,200,397,RGB,5a56a118bc349cc446611f37874fd7b5bf8bc3ceebb40084ebc0297b438850fe
data/fake/50/aug_1288_WhatsApp Image 2025-04-05 at 10.55.48 (1).jpeg,1,FAKE,50,.jpeg,200,397,RGB,0b97d1cb1798473e9a19bbe5922d229ed313ce24de5a4dca2c0ed595d11b2f51
data/fake/50/aug_1289_WhatsApp Image 2025-04-05 at 10.55.48 (1).jpeg,1,FAKE,50,.jpeg,100,100,RGB,17bde03f909e7513bc41ecc730971fdaf4067155f9501e47c9fb0cc5a644e6fc
data/fake/50/aug_1290_WhatsApp Image 2025-04-05 at 10.55.48 (1).jpeg,1,FAKE,50,.jpeg,200,397,RGB,ebf4be5219fa6a8dc7fc3998b59851c66a75bb8db771004901b095f6a07531ce
data/fake/50/aug_1292_WhatsApp Image 2025-04-05 at 10.55.48 (1).jpeg,1,FAKE,50,.jpeg,100,100,RGB,4fcd6f432c9a89f0a116ca71592c9fb602ed1bdbaf44b9baae4020bc35b1928d
data/fake/50/aug_1294_WhatsApp Image 2025-04-05 at 10.55.48 (1).jpeg,1,FAKE,50,.jpeg,200,397,RGB,69b367189c6006f3c923f99fbf1f05de6249ebefcac42062b73c57f9a3d9e54d
data/fake/50/aug_1295_WhatsApp Image 2025-04-05 at 10.55.48 (1).jpeg,1,FAKE,50,.jpeg,100,100,RGB,5b0c1441751ccb10bcedcd5c8fefcfda95e1d5ed825d2a4a4dec22679672135b
data/fake/50/aug_1296_WhatsApp Image 2025-04-05 at 10.55.48 (1).jpeg,1,FAKE,50,.jpeg,200,397,RGB,8af5136a79b013b7a7227dadbe211e63083d2c18201de213a4bbe7e1f712a705
data/fake/50/aug_1297_WhatsApp Image 2025-04-05 at 10.55.48 (1).jpeg,1,FAKE,50,.jpeg,100,100,RGB,fcd7ebe3020d4d348fae27a827a639c7dbac23f89d587c0c4d6a0b1176e28fc1
data/fake/50/aug_1299_WhatsApp Image 2025-04-05 at 10.55.48 (1).jpeg,1,FAKE,50,.jpeg,200,397,RGB,d66d46d3bf5f47ee9d9bdabaefe7f059ca62a09de6838d0353d05af2a9fa1b1f
data/fake/50/aug_1450_WhatsApp Image 2025-04-05 at 10.55.43 (1).jpeg,1,FAKE,50,.jpeg,200,379,RGB,f6ef27f9e61c6c4e238e66d6dc049a88e989df7b9965f4620b2fe974591be1c3
data/fake/50/aug_1451_WhatsApp Image 2025-04-05 at 10.55.43 (1).jpeg,1,FAKE,50,.jpeg,200,379,RGB,3788c0687d303ed7e42d4bf7e4e4e87ff51d2083c562838abfe68a01e1d0f62a
data/fake/50/aug_1453_WhatsApp Image 2025-04-05 at 10.55.43 (1).jpeg,1,FAKE,50,.jpeg,200,379,RGB,6213aab7a76a1835cf34dafb90b16c04316a52c21660782d7a9a8605c2c9903c
data/fake/50/aug_1456_WhatsApp Image 2025-04-05 at 10.55.43 (1).jpeg,1,FAKE,50,.jpeg,100,100,RGB,30f276724c8fa9bd9c3686bb68cd6cc95398b68872567af7748a5efe4b18636d
data/fake/50/aug_1458_WhatsApp Image 2025-04-05 at 10.55.43 (1).jpeg,1,FAKE,50,.jpeg,200,379,RGB,3376786d2fa66942aeaa6efe3408c2db2c6ee99ac9ed931972ce3998b0e69f31
data/fake/50/aug_1460_WhatsApp Image 2025-04-05 at 10.55.43 (1).jpeg,1,FAKE,50,.jpeg,200,379,RGB,4acb5c5a21469289bf7fa8ea570b5e6a66d73133e756d0f4ed42e6cd06de1739
data/fake/50/aug_1461_WhatsApp Image 2025-04-05 at 10.55.43 (1).jpeg,1,FAKE,50,.jpeg,200,379,RGB,770af49b0e8d25ffd157423fe7822abe339106fa483cf8ecd78ef57da281be02
data/fake/50/aug_1462_WhatsApp Image 2025-04-05 at 10.55.43 (1).jpeg,1,FAKE,50,.jpeg,200,379,RGB,c701866f5e2a6b54a700bdc122970f15c02a63da8a3f18f67a6871c9c7679bdd
data/fake/50/aug_1463_WhatsApp Image 2025-04-05 at 10.55.43 (1).jpeg,1,FAKE,50,.jpeg,200,379,RGB,1e965cac63e6a84c7acd74d4f6eb9719c103e3d8ec459539398b120a4eae345e
data/fake/50/aug_1465_WhatsApp Image 2025-04-05 at 10.55.43 (1).jpeg,1,FAKE,50,.jpeg,200,379,RGB,ae053558ce7f4e12edc4029cd61be1f1adcbe810196deed34b5bf8c6f322992d
data/fake/50/aug_1466_WhatsApp Image 2025-04-05 at 10.55.43 (1).jpeg,1,FAKE,50,.jpeg,200,379,RGB,b655e468c511135c7804a7bbee5fdc3dd5227dd9df1819f1b082a78433954cae
data/fake/50/aug_1467_WhatsApp Image 2025-04-05 at 10.55.43 (1).jpeg,1,FAKE,50,.jpeg,200,379,RGB,5e6291740d3d440f42bdd349dba9efd4bc48555fbfe6905fc7f593c847e1c37e
data/fake/50/aug_1471_WhatsApp Image 2025-04-05 at 10.55.43 (1).jpeg,1,FAKE,50,.jpeg,200,379,RGB,3f41b3565d988cc8b9639935de7025e135c011277b351a0f615a62ae209be862
data/fake/50/aug_1472_WhatsApp Image 2025-04-05 at 10.55.43 (1).jpeg,1,FAKE,50,.jpeg,100,100,RGB,ddac4e293b2d84742536a98dc75830d6e14e7be9d5e0866020c8823228a52b96
data/fake/50/aug_1474_WhatsApp Image 2025-04-05 at 10.55.43 (1).jpeg,1,FAKE,50,.jpeg,200,379,RGB,037f26af0ee930f32b83b2dd4a4fa1664856621ed65bbed16e6871ad0190a295
data/fake/50/aug_1475_WhatsApp Image 2025-04-05 at 10.48.40 (1).jpeg,1,FAKE,50,.jpeg,100,100,RGB,7eab85ffb8f453e5588f00b3983a03444076b138c661ea47dafb554127ea6944
data/fake/50/aug_1476_WhatsApp Image 2025-04-05 at 10.48.40 (1).jpeg,1,FAKE,50,.jpeg,200,385,RGB,68415888b4eff6c3f1dd66ec2747d7b66c98df49994ef804e6f001d2e707a586
data/fake/50/aug_1477_WhatsApp Image 2025-04-05 at 10.48.40 (1).jpeg,1,FAKE,50,.jpeg,100,100,RGB,feb32975b300d18b4fa0a166fdf9e31f6e04226d6e5491aec73f759ec5ed0278
data/fake/50/aug_1480_WhatsApp Image 2025-04-05 at 10.48.40 (1).jpeg,1,FAKE,50,.jpeg,200,385,RGB,2347b836243eb41156f6e8ca955fde3c8707fa72c76e79465c0ca6a378f41eef
data/fake/50/aug_1481_WhatsApp Image 2025-04-05 at 10.48.40 (1).jpeg,1,FAKE,50,.jpeg,200,385,RGB,80b07443e2ef3acf0856fb6f88db3a107cb893ecd6a7e12691741a990dc8cffd
data/fake/50/aug_1482_WhatsApp Image 2025-04-05 at 10.48.40 (1).jpeg,1,FAKE,50,.jpeg,200,385,RGB,d360cc4c0225f4ceb4b33e05f35f6f0e28505d13add47b0b01db3b2914d73b09
data/fake/50/aug_1483_WhatsApp Image 2025-04-05 at 10.48.40 (1).jpeg,1,FAKE,50,.jpeg,200,385,RGB,5b37be2de865703fc2a6f9c3275d65f0c5b5921c08462216c5863fe60925516b
data/fake/50/aug_1484_WhatsApp Image 2025-04-05 at 10.48.40 (1).jpeg,1,FAKE,50,.jpeg,100,100,RGB,ccdd826b88203fd835f9c610264f74f015a1d599d427429e2eccfe34424c9f79
data/fake/50/aug_1486_WhatsApp Image 2025-04-05 at 10.48.40 (1).jpeg,1,FAKE,50,.jpeg,100,100,RGB,1a46737c982547ec710f4d005eb41663e4a0ea5a28ee7596eb927e98a517e1a1
data/fake/50/aug_1487_WhatsApp Image 2025-04-05 at 10.48.40 (1).jpeg,1,FAKE,50,.jpeg,100,100,RGB,7373fe3b3c36f3e33ab76be945a2c7ccac4edb753684d3513af10cce5e414d30
data/fake/50/aug_1489_WhatsApp Image 2025-04-05 at 10.48.40 (1).jpeg,1,FAKE,50,.jpeg,200,385,RGB,0f1324ab217640eaf63e37f54a20cb0d5a80aa67cb6b70c71ca380009f3e7163
data/fake/50/aug_1490_WhatsApp Image 2025-04-05 at 10.48.40 (1).jpeg,1,FAKE,50,.jpeg,200,385,RGB,1495ec7afa7a5bf97cc9da2cdaec463078651c622b5d682a5baae10ee749be49
data/fake/50/aug_1491_WhatsApp Image 2025-04-05 at 10.48.40 (1).jpeg,1,FAKE,50,.jpeg,100,100,RGB,f512703ab1762ed457de407fa387b0a3cc69157ce42cc0dda6a9070d0616a52e
data/fake/50/aug_1492_WhatsApp Image 2025-04-05 at 10.48.40 (1).jpeg,1,FAKE,50,.jpeg,200,385,RGB,02a01407de6b0345a0f0808ca8a8a891b1e8b903dfa8f7ea3b5b8d63c0f3a8c0
data/fake/50/aug_1493_WhatsApp Image 2025-04-05 at 10.48.40 (1).jpeg,1,FAKE,50,.jpeg,200,385,RGB,898efff08ab7fc7e3ba7bfb438dd2b1c61bf1cbfc8025bd3e91dbfc2bbab8d50
data/fake/50/aug_1496_WhatsApp Image 2025-04-05 at 10.48.40 (1).jpeg,1,FAKE,50,.jpeg,100,100,RGB,962838f370b1229c14b94fad5078e44783c146c61d955e88ae6af63edb9bc089
data/fake/50/aug_1497_WhatsApp Image 2025-04-05 at 10.48.40 (1).jpeg,1,FAKE,50,.jpeg,200,385,RGB,643f75980a65f56d17c494d636e57ae1099e1876c52940ff21f7a1c2305f9509
data/fake/50/aug_1800_WhatsApp Image 2025-04-05 at 10.59.12.jpeg,1,FAKE,50,.jpeg,200,417,RGB,bee1d495811b878acc58a14c4d147798d74afcd685b4343af5730ce461d40c12
data/fake/50/aug_1801_WhatsApp Image 2025-04-05 at 10.59.12.jpeg,1,FAKE,50,.jpeg,200,417,RGB,6a46a926610238330c2d3e6ef21f2e027a9cd2c27d5f38c7aedb6ad5fc122630
data/fake/50/aug_1803_WhatsApp Image 2025-04-05 at 10.59.12.jpeg,1,FAKE,50,.jpeg,100,100,RGB,e7e21e3752bf89ed6c4ddd68bdc367477d5b8c904b6ee1cab1becba73e2c62a1
data/fake/50/aug_1804_WhatsApp Image 2025-04-05 at 10.59.12.jpeg,1,FAKE,50,.jpeg,100,100,RGB,5bdbd7834c693d3b61b0613d802016a115fe443313684cc60464d5b7912305a8
data/fake/50/aug_1805_WhatsApp Image 2025-04-05 at 10.59.12.jpeg,1,FAKE,50,.jpeg,200,417,RGB,ff3c3c7a11e9442bd9796acdee738d8c99876038bb0deecec750002ae9a5ad65
data/fake/50/aug_1806_WhatsApp Image 2025-04-05 at 10.59.12.jpeg,1,FAKE,50,.jpeg,200,417,RGB,1f09c9d763423d7b66f1f370ac55ac71120ba25a56904576a388179aaa53decc
data/fake/50/aug_1807_WhatsApp Image 2025-04-05 at 10.59.12.jpeg,1,FAKE,50,.jpeg,100,100,RGB,237f2c992b7119d26c836cdbca5bd9141349d60d63d549ffeacc31a7a8567c2f
data/fake/50/aug_1808_WhatsApp Image 2025-04-05 at 10.59.12.jpeg,1,FAKE,50,.jpeg,100,100,RGB,2053ca91f2141a13f933a8f0a57bc92f0bfda7bcfeddf49f474d43820ce00657
data/fake/50/aug_1809_WhatsApp Image 2025-04-05 at 10.59.12.jpeg,1,FAKE,50,.jpeg,200,417,RGB,3b6f11d38e1207f15f30fe9d1c365f75d64b2d6e20e1f9775be5909bafaf00b5
data/fake/50/aug_1810_WhatsApp Image 2025-04-05 at 10.59.12.jpeg,1,FAKE,50,.jpeg,100,100,RGB,178266f520a70f50ac2beac135f9a2a1205acc7747ca95e1ca4772204d334de2
data/fake/50/aug_1811_WhatsApp Image 2025-04-05 at 10.59.12.jpeg,1,FAKE,50,.jpeg,200,417,RGB,497f48b4455f6ac099e8cd20e1420d9baa7d4356a5233ae91b708bb0feb6848e
data/fake/50/aug_1812_WhatsApp Image 2025-04-05 at 10.59.12.jpeg,1,FAKE,50,.jpeg,200,417,RGB,03d2c5c47d63bbf869b21a3784c826e7770b559e6f2d1f04fcf7e447e2209c38
data/fake/50/aug_1813_WhatsApp Image 2025-04-05 at 10.59.12.jpeg,1,FAKE,50,.jpeg,200,417,RGB,4ca5797e2b922605a823dbd812430aa0fc7f61204fe3f784c2017b082380678c
data/fake/50/aug_1814_WhatsApp Image 2025-04-05 at 10.59.12.jpeg,1,FAKE,50,.jpeg,200,417,RGB,78c3f5557046691b7fade38f0e125d62d4427e4115b9ea8343e9fdb5dbfdfeba
data/fake/50/aug_1815_WhatsApp Image 2025-04-05 at 10.59.12.jpeg,1,FAKE,50,.jpeg,100,100,RGB,6d288e2c3aa300b105d46c89e872ba8e20b2177af48b5b99583d58d4396f98d4
data/fake/50/aug_1816_WhatsApp Image 2025-04-05 at 10.59.12.jpeg,1,FAKE,50,.jpeg,200,417,RGB,34f00bb1474aa336c31e0990584289f77ad505de5a3e468e63bd4edc30cff9dc
data/fake/50/aug_1817_WhatsApp Image 2025-04-05 at 10.59.12.jpeg,1,FAKE,50,.jpeg,100,100,RGB,5a6ac6b40772a4bfb509b91050ae072bc68605c41a06cff98d618d8a25dd8637
data/fake/50/aug_1818_WhatsApp Image 2025-04-05 at 10.59.12.jpeg,1,FAKE,50,.jpeg,100,100,RGB,09371e53d14ee3be272ea5b87b256c9599aef005e5323bafd72db8eb3451f32e
data/fake/50/aug_1820_WhatsApp Image 2025-04-05 at 10.59.12.jpeg,1,FAKE,50,.jpeg,200,417,RGB,965c5927980bffb266922296c878d3b3f70d8e776f36a45b7ca0d4ee0f76eb68
data/fake/50/aug_1821_WhatsApp Image 2025-04-05 at 10.59.12.jpeg,1,FAKE,50,.jpeg,200,417,RGB,eb6721457afb35e7210bc68d8bcde8410823f6e8a353dfc1ddd40cea8a48ae21
data/fake/50/aug_1823_WhatsApp Image 2025-04-05 at 10.59.12.jpeg,1,FAKE,50,.jpeg,200,417,RGB,303c2684818731baff363c3f725afd8a494f42adf0a4083a8d750db8ff9e4796
data/fake/50/aug_1824_WhatsApp Image 2025-04-05 at 10.59.12.jpeg,1,FAKE,50,.jpeg,200,417,RGB,be3a0e29f808bcf43f10811fbe9f93d7aaad1d1f2f2c8c033862f67dc38d0763
data/fake/50/aug_202_WhatsApp Image 2025-04-05 at 10.55.37 (1).jpeg,1,FAKE,50,.jpeg,200,379,RGB,685c8fe705c0dabf5436f5995f57f126fea0cfecd12066588811da8f8c57bdd0
data/fake/50/aug_203_WhatsApp Image 2025-04-05 at 10.55.37 (1).jpeg,1,FAKE,50,.jpeg,100,100,RGB,bcb7efb8c786dbfe7429e4b30587f8b00bc379320b3b65bbe9fe5329118dd1d9
data/fake/50/aug_204_WhatsApp Image 2025-04-05 at 10.55.37 (1).jpeg,1,FAKE,50,.jpeg,200,379,RGB,60a0fdf367bcd04d131d70b9d1884b4d3ba6923079f767acff604ff194f1b6c7
data/fake/50/aug_205_WhatsApp Image 2025-04-05 at 10.55.37 (1).jpeg,1,FAKE,50,.jpeg,200,379,RGB,6db5d1876a896e878bfa909ee7a2f8a8d6e18f917a399b5f6fe6253cce8df853
data/fake/50/aug_208_WhatsApp Image 2025-04-05 at 10.55.37 (1).jpeg,1,FAKE,50,.jpeg,100,100,RGB,3f5403b2d56b5b2e7cde84d8948da326ef2a1d67edcc5866e5d8721d7bd63d98
data/fake/50/aug_210_WhatsApp Image 2025-04-05 at 10.55.37 (1).jpeg,1,FAKE,50,.jpeg,100,100,RGB,36bcbe39b63dbb8d7cc6a152beaa30b215d0951990c8c826d285de0c971a0e4e
data/fake/50/aug_212_WhatsApp Image 2025-04-05 at 10.55.37 (1).jpeg,1,FAKE,50,.jpeg,100,100,RGB,70f6434280453ec380ca73ac609ef4ba31db09d525eba43fa1c29ecdde1d6469
data/fake/50/aug_213_WhatsApp Image 2025-04-05 at 10.55.37 (1).jpeg,1,FAKE,50,.jpeg,100,100,RGB,83fa1450697c99468cf57654ddb1e7d8be7dfc025d24294952cc0c346a3bac71
data/fake/50/aug_214_WhatsApp Image 2025-04-05 at 10.55.37 (1).jpeg,1,FAKE,50,.jpeg,200,379,RGB,e0dbf5757a0068d59e8931137bff7e88576e477f87ab10a7b0ed0bbf037df5ac
data/fake/50/aug_216_WhatsApp Image 2025-04-05 at 10.55.37 (1).jpeg,1,FAKE,50,.jpeg,200,379,RGB,0746d02bd02a88e9486299b4b6a618a5271dbfd29b7d6ca3e2b16c4f92a3868e
data/fake/50/aug_218_WhatsApp Image 2025-04-05 at 10.55.37 (1).jpeg,1,FAKE,50,.jpeg,100,100,RGB,b21bd1453038381eb4e5d043f59f3a1404272430788d137987e5c74a11f96ed0
data/fake/50/aug_219_WhatsApp Image 2025-04-05 at 10.55.37 (1).jpeg,1,FAKE,50,.jpeg,100,100,RGB,8a7c0ab8f9f6e6f8cec4c0ed5da949ff1da368b6215407d171f8eb0ece101945
data/fake/50/aug_220_WhatsApp Image 2025-04-05 at 10.55.37 (1).jpeg,1,FAKE,50,.jpeg,200,379,RGB,d9cc0137f2c26717b3471e5e4f87b952de52879e0efd315f0e383a9fd11a103b
data/fake/50/aug_221_WhatsApp Image 2025-04-05 at 10.55.37 (1).jpeg,1,FAKE,50,.jpeg,100,100,RGB,9fff8676e98c21aa1caa28b44d9879e2f7a949f1504c06eff89ea5e798580f78
data/fake/50/aug_222_WhatsApp Image 2025-04-05 at 10.55.37 (1).jpeg,1,FAKE,50,.jpeg,200,379,RGB,dfb4658ec489a58fdafcad9664440ccfb1357f10b15a587e8afdc376f07c23f6
data/fake/50/aug_224_WhatsApp Image 2025-04-05 at 10.55.37 (1).jpeg,1,FAKE,50,.jpeg,200,379,RGB,bb17fcc93635e17ff55a2632d709cb036a817e739325a5b7c622eb2bb7b1fb78
data/fake/50/aug_525_WhatsApp Image 2025-04-05 at 10.59.20.jpeg,1,FAKE,50,.jpeg,200,382,RGB,05c14ba0e6e81bce257f7b8e7f118384287b1fe1b32d35dbc0315879533dadb7
data/fake/50/aug_526_WhatsApp Image 2025-04-05 at 10.59.20.jpeg,1,FAKE,50,.jpeg,100,100,RGB,cdc20af130b024f9d12f012acc0bb5dde67e8fbad16b7fef34b75a2023095000
data/fake/50/aug_527_WhatsApp Image 2025-04-05 at 10.59.20.jpeg,1,FAKE,50,.jpeg,200,382,RGB,a51305f58925cfaa36a8abcc7a7334321023612f1cbca719d99a6f9d55c9ed6b
data/fake/50/aug_528_WhatsApp Image 2025-04-05 at 10.59.20.jpeg,1,FAKE,50,.jpeg,200,382,RGB,a5cb260e0b24577bf1cdc36f7d1717ac51f1d3b1297f8008e858ae7dd07b2e27
data/fake/50/aug_531_WhatsApp Image 2025-04-05 at 10.59.20.jpeg,1,FAKE,50,.jpeg,200,382,RGB,3eb339b3542be3f26643b85c3ca7651231d34c5740f331953a2c18df9ce0fffa
data/fake/50/aug_532_WhatsApp Image 2025-04-05 at 10.59.20.jpeg,1,FAKE,50,.jpeg,200,382,RGB,0e8c983653992f0622519bee6da59a7a30e8302295b27ceb1ea4144612ddd8a4
data/fake/50/aug_533_WhatsApp Image 2025-04-05 at 10.59.20.jpeg,1,FAKE,50,.jpeg,100,100,RGB,ab1557ee6915626f1ce069a2bf03f2dd5d8212d420f4dbc798f74a5d9f9bd1e4
data/fake/50/aug_534_WhatsApp Image 2025-04-05 at 10.59.20.jpeg,1,FAKE,50,.jpeg,200,382,RGB,38c26027305d247dc666e1601932e35816ff860ebb402290275ef1bb50c5b8e1
data/fake/50/aug_535_WhatsApp Image 2025-04-05 at 10.59.20.jpeg,1,FAKE,50,.jpeg,100,100,RGB,874124c0678c8aafc6e5470b9e31736f0a328bea304106da512813d3706c41b2
data/fake/50/aug_537_WhatsApp Image 2025-04-05 at 10.59.20.jpeg,1,FAKE,50,.jpeg,200,382,RGB,227f0eac7eadc94d492f2f514f7bcb99446db1c23157b97f70bae178615f1145
data/fake/50/aug_538_WhatsApp Image 2025-04-05 at 10.59.20.jpeg,1,FAKE,50,.jpeg,100,100,RGB,180edd18cb2782f1ec43146174029483db3ed1826effb4088168d8e4dab536ed
data/fake/50/aug_539_WhatsApp Image 2025-04-05 at 10.59.20.jpeg,1,FAKE,50,.jpeg,200,382,RGB,a085b95128f830c84851db12080a9252ffb8e22198a3c8eb7a52dbd8fbad7852
data/fake/50/aug_540_WhatsApp Image 2025-04-05 at 10.59.20.jpeg,1,FAKE,50,.jpeg,200,382,RGB,ba3e13d1098c61bdfa8d603e5a831235155e6a8bd32fc53c25dce949a473f879
data/fake/50/aug_542_WhatsApp Image 2025-04-05 at 10.59.20.jpeg,1,FAKE,50,.jpeg,100,100,RGB,6558b155018f5105af43d322d0a7cd540c2fd06e78d2969629a8bdcc72b2ba28
data/fake/50/aug_543_WhatsApp Image 2025-04-05 at 10.59.20.jpeg,1,FAKE,50,.jpeg,200,382,RGB,f7d405cc777033692834ec5a7682353b006f52eb347e01048c2230b445c49da0
data/fake/50/aug_544_WhatsApp Image 2025-04-05 at 10.59.20.jpeg,1,FAKE,50,.jpeg,200,382,RGB,99f6608042a584ca9b1f1f17b3d091e296b07457d3c59e4a089f5b7207972700
data/fake/50/aug_546_WhatsApp Image 2025-04-05 at 10.59.20.jpeg,1,FAKE,50,.jpeg,100,100,RGB,b3d12a8888241c17e50235def18d0cb46bca50eacf1027e2bb9bb302b21bdc34
data/fake/50/aug_547_WhatsApp Image 2025-04-05 at 10.59.20.jpeg,1,FAKE,50,.jpeg,200,382,RGB,20fdb9d5a4d9257d9c0ed4faeee31df2985f0c66e54fd634ad11e8808d2a6735
data/fake/50/aug_548_WhatsApp Image 2025-04-05 at 10.59.20.jpeg,1,FAKE,50,.jpeg,100,100,RGB,46beb56747aa49e383de15639cc5371f2868bf944625948bfadbd1b5be33fe26
data/fake/50/aug_625_WhatsApp Image 2025-04-05 at 10.55.43.jpeg,1,FAKE,50,.jpeg,200,372,RGB,3ee6f59ca22a6f11894635a592e684d1944d6bff3a0e2d4cdb654307179b1c47
data/fake/50/aug_626_WhatsApp Image 2025-04-05 at 10.55.43.jpeg,1,FAKE,50,.jpeg,100,100,RGB,6b5fa26a80f39742b64bad7e3e8f43afb4bc86be8d3975d3eb989962106c7079
data/fake/50/aug_628_WhatsApp Image 2025-04-05 at 10.55.43.jpeg,1,FAKE,50,.jpeg,100,100,RGB,1cb3ff5ab36277a6410f6180a06008131a7d4c53ff76021074134c327de056e2
data/fake/50/aug_631_WhatsApp Image 2025-04-05 at 10.55.43.jpeg,1,FAKE,50,.jpeg,200,372,RGB,9aca7e86d739ef959513e6b1d76d0e1f3f664c2c93b2a0689f921e4a280d373b
data/fake/50/aug_633_WhatsApp Image 2025-04-05 at 10.55.43.jpeg,1,FAKE,50,.jpeg,200,372,RGB,d2fb797081edcb5dc61b3a39ebc4c5d5fd77e2378c46534b7f91cfc4d14fb11d
data/fake/50/aug_634_WhatsApp Image 2025-04-05 at 10.55.43.jpeg,1,FAKE,50,.jpeg,200,372,RGB,4fd245bef3fa551b0ba667e6b0bd1a80df69ae08fcecbe29248045274e9dbf49
data/fake/50/aug_635_WhatsApp Image 2025-04-05 at 10.55.43.jpeg,1,FAKE,50,.jpeg,200,372,RGB,cf09ab18585e895a003d5507967b3920fcc5f54d71b914ad0c8e08f30a68f4ba
data/fake/50/aug_636_WhatsApp Image 2025-04-05 at 10.55.43.jpeg,1,FAKE,50,.jpeg,200,372,RGB,46537bbab6185b1282c8625d1d5dc577c1d811729a9d2143a9e78124b5d5750f
data/fake/50/aug_637_WhatsApp Image 2025-04-05 at 10.55.43.jpeg,1,FAKE,50,.jpeg,100,100,RGB,bf1fc6afeb58a62bd85301169b7523d50ec3d3bf3ef4a9e61cf78da3d2aee2e6
data/fake/50/aug_639_WhatsApp Image 2025-04-05 at 10.55.43.jpeg,1,FAKE,50,.jpeg,200,372,RGB,550327fd43decb5d565d5f7cdfcd7cc432a1c8a58bc76bfa0b805b715868b714
data/fake/50/aug_640_WhatsApp Image 2025-04-05 at 10.55.43.jpeg,1,FAKE,50,.jpeg,200,372,RGB,e2e1f64ee7b3305ebefe5966bb875108d22119d3339d20a05ebc6d69d5b7be78
data/fake/50/aug_641_WhatsApp Image 2025-04-05 at 10.55.43.jpeg,1,FAKE,50,.jpeg,100,100,RGB,b9c2427ca34f530629a9d9bae99c6a91bcf2923433619e12bf20801073dfb332
data/fake/50/aug_645_WhatsApp Image 2025-04-05 at 10.55.43.jpeg,1,FAKE,50,.jpeg,200,372,RGB,742cacde3ce551dcb722ffda3e7bf76fc5ca8642628edbdda411e090489c9c72
data/fake/50/aug_646_WhatsApp Image 2025-04-05 at 10.55.43.jpeg,1,FAKE,50,.jpeg,200,372,RGB,82f85360a516f532a53b25dc67e36dc8dcae2c060e4ddb54f3e69bc4c5afdee7
data/fake/50/aug_647_WhatsApp Image 2025-04-05 at 10.55.43.jpeg,1,FAKE,50,.jpeg,200,372,RGB,e29af8cc8430156b3c0a157b3a587564ac7a213415e30ac429e039f428381b41
data/fake/50/aug_649_WhatsApp Image 2025-04-05 at 10.55.43.jpeg,1,FAKE,50,.jpeg,200,372,RGB,7608032e56a5c708f24a90b5d68524a7ba6b4c709743694169e8d436d2c7496d
data/fake/50/aug_950_WhatsApp Image 2025-04-05 at 10.48.39 (1).jpeg,1,FAKE,50,.jpeg,100,100,RGB,880dba6075c23d8d98b44aa790547f67dc1540d7b0aea197639d8c0e5cab8cbc
data/fake/50/aug_952_WhatsApp Image 2025-04-05 at 10.48.39 (1).jpeg,1,FAKE,50,.jpeg,100,100,RGB,0880736e4760af8170989ae4e4c4ed271a1c91a64e989ad41afb49b32d357805
data/fake/50/aug_953_WhatsApp Image 2025-04-05 at 10.48.39 (1).jpeg,1,FAKE,50,.jpeg,359,200,RGB,33d9916ced77633e1294d91f0dbb8ab20e928d08d2e8475326e52294bfde179e
data/fake/50/aug_954_WhatsApp Image 2025-04-05 at 10.48.39 (1).jpeg,1,FAKE,50,.jpeg,359,200,RGB,5deb837c0a9fc3295df2eeb0227a83d618bfc85defe9024baae4e5e688713a9d
data/fake/50/aug_956_WhatsApp Image 2025-04-05 at 10.48.39 (1).jpeg,1,FAKE,50,.jpeg,359,200,RGB,ed3943ff4d072c597aed3bc4d3b69a7e3e7529311b0eac58a9a58d7d5e36607a
data/fake/50/aug_957_WhatsApp Image 2025-04-05 at 10.48.39 (1).jpeg,1,FAKE,50,.jpeg,359,200,RGB,c2a57f1c11006ea62bc7d665b0e62a201cdeafe1a3f701624e7ec5a1e57b4224
data/fake/50/aug_958_WhatsApp Image 2025-04-05 at 10.48.39 (1).jpeg,1,FAKE,50,.jpeg,359,200,RGB,a31932455af13b151b904b2255212df5f87ef4d1c68d57b95100f23c605a5b9f
data/fake/50/aug_960_WhatsApp Image 2025-04-05 at 10.48.39 (1).jpeg,1,FAKE,50,.jpeg,359,200,RGB,0d5cdfb25a021ae35d9ad1ef6c9e9fb1cd874be50314d68dfd8d8d1f1fa9f089
data/fake/50/aug_961_WhatsApp Image 2025-04-05 at 10.48.39 (1).jpeg,1,FAKE,50,.jpeg,359,200,RGB,56b32e3aedb8db013d49801ab4ee6ce47e7590c39dea1796e84c7f90d8a80ca5
data/fake/50/aug_962_WhatsApp Image 2025-04-05 at 10.48.39 (1).jpeg,1,FAKE,50,.jpeg,359,200,RGB,d35634c1a5f6e9f850449a2cb963646c9d93d7de5b316fa10477f208cfe64393
data/fake/50/aug_963_WhatsApp Image 2025-04-05 at 10.48.39 (1).jpeg,1,FAKE,50,.jpeg,359,200,RGB,7e65d917a56e131cdbe3a37664d77a4570b1960f72a889db5c72736c185c289c
data/fake/50/aug_965_WhatsApp Image 2025-04-05 at 10.48.39 (1).jpeg,1,FAKE,50,.jpeg,359,200,RGB,22afe632052b9c890e3025469ce0109c50f92ccca693b54a58e6ac574bfc582b
data/fake/50/aug_966_WhatsApp Image 2025-04-05 at 10.48.39 (1).jpeg,1,FAKE,50,.jpeg,359,200,RGB,51eeb79b2cb6e424054b3bac58539adaa0f8960e6d9c07da0ff774922887b62b
data/fake/50/aug_967_WhatsApp Image 2025-04-05 at 10.48.39 (1).jpeg,1,FAKE,50,.jpeg,359,200,RGB,bf019048f1faa1e80ed62a82c83d7a123dedbaed097c241cf9284d684f881ee1
data/fake/50/aug_971_WhatsApp Image 2025-04-05 at 10.48.39 (1).jpeg,1,FAKE,50,.jpeg,359,200,RGB,abcdb7c18f7f4b69549a7eb3e69eef1a9910c86d533b04862d3d7503d6719c9e
data/fake/50/aug_973_WhatsApp Image 2025-04-05 at 10.48.39 (1).jpeg,1,FAKE,50,.jpeg,359,200,RGB,2a37afcdafda5eec35f8b14e3c7ffec2b40ab1000c8ffa24cc62da9534a4f726
data/fake/50/aug_974_WhatsApp Image 2025-04-05 at 10.48.39 (1).jpeg,1,FAKE,50,.jpeg,359,200,RGB,ee2279d6dd5429f9860e03b06f1b08a9dd8da137a022ad574400ce79fc03a98b
data/fake/50/aug_976_WhatsApp Image 2025-04-05 at 10.48.38 (1).jpeg,1,FAKE,50,.jpeg,408,200,RGB,cf63d851a02f75d19ede44cb55a6d210480e8efbfea516305e1ea9663a8edb28
data/fake/50/aug_977_WhatsApp Image 2025-04-05 at 10.48.38 (1).jpeg,1,FAKE,50,.jpeg,100,100,RGB,45cfe8d783a1068609d0c62722a73fac419cdf8f201995513be0af737e2ea3b9
data/fake/50/aug_978_WhatsApp Image 2025-04-05 at 10.48.38 (1).jpeg,1,FAKE,50,.jpeg,408,200,RGB,7ae552f5c3832171b92126e31eb7d72f18224578f03c534f41bfe5b152fd28a6
data/fake/50/aug_979_WhatsApp Image 2025-04-05 at 10.48.38 (1).jpeg,1,FAKE,50,.jpeg,408,200,RGB,fe9c9d6564f655812e934e15207ddfe8daf0d1b17ebb5028e8a67c9bc7a2f008
data/fake/50/aug_981_WhatsApp Image 2025-04-05 at 10.48.38 (1).jpeg,1,FAKE,50,.jpeg,100,100,RGB,49b8984de37d56c8ba3e26a24c8aae44f61547fee96b0033a0345ed7baa4fedf
data/fake/50/aug_983_WhatsApp Image 2025-04-05 at 10.48.38 (1).jpeg,1,FAKE,50,.jpeg,408,200,RGB,49a258615a27c12ad8a0ea360bd32b1527069aadd9b6f159b8fe9eef33d9180d
data/fake/50/aug_984_WhatsApp Image 2025-04-05 at 10.48.38 (1).jpeg,1,FAKE,50,.jpeg,100,100,RGB,ba77f1da36a7ad21190e55f86f6087e9de40a3c4180c097e3cf79604bc37349d
data/fake/50/aug_985_WhatsApp Image 2025-04-05 at 10.48.38 (1).jpeg,1,FAKE,50,.jpeg,100,100,RGB,a4baae67caceacf217a2dfbe3f30f92093be60eb48b4cce56f864a2fc7bf0cd4
data/fake/50/aug_987_WhatsApp Image 2025-04-05 at 10.48.38 (1).jpeg,1,FAKE,50,.jpeg,408,200,RGB,c5881f217cf5c099ff12bbbe1d47c5ea8fe58d25777c3e9138dbf3085f2fd265
data/fake/50/aug_988_WhatsApp Image 2025-04-05 at 10.48.38 (1).jpeg,1,FAKE,50,.jpeg,100,100,RGB,e8edc7a28e68ce06c99648d772d644848507cd2cef91c3b5790af4998ce1db81
data/fake/50/aug_989_WhatsApp Image 2025-04-05 at 10.48.38 (1).jpeg,1,FAKE,50,.jpeg,408,200,RGB,31ee41a80979ca2161e801fefbcce5ca963726711fe9aac250a918485d0485ea
data/fake/50/aug_990_WhatsApp Image 2025-04-05 at 10.48.38 (1).jpeg,1,FAKE,50,.jpeg,408,200,RGB,bdc45fc6a802731b8c9275aa223df1bab6f8b868cd671f40dfcd81a696a07e54
data/fake/50/aug_991_WhatsApp Image 2025-04-05 at 10.48.38 (1).jpeg,1,FAKE,50,.jpeg,408,200,RGB,8e2421282d1aaa8c3f824c4ad2982d6a4a8ab1be7f98024e56ad1dd1312239f6
data/fake/50/aug_992_WhatsApp Image 2025-04-05 at 10.48.38 (1).jpeg,1,FAKE,50,.jpeg,100,100,RGB,21bfc9ef40f73a310a1ac9332e8a43f0881acebeadf90e8ecc5bbb5ead32e592
data/fake/50/aug_994_WhatsApp Image 2025-04-05 at 10.48.38 (1).jpeg,1,FAKE,50,.jpeg,100,100,RGB,1e0c094e59cf968a752998f393cc89ca880752cef28e4533ef21d2e20c9bb31b
data/fake/50/aug_995_WhatsApp Image 2025-04-05 at 10.48.38 (1).jpeg,1,FAKE,50,.jpeg,408,200,RGB,d80cbf415484d170e76fc5bdc7472f218031d42823bb54b174e480f59732353f
data/fake/50/aug_996_WhatsApp Image 2025-04-05 at 10.48.38 (1).jpeg,1,FAKE,50,.jpeg,100,100,RGB,b50c0933ecc3614edc9a951e5b800baa10364beecdff70350b2ea071b4165a05
data/fake/50/aug_997_WhatsApp Image 2025-04-05 at 10.48.38 (1).jpeg,1,FAKE,50,.jpeg,408,200,RGB,e4973246293a7338e65c86741547632a9ff7f8fbdd978857fb961fc832b251bb
data/fake/50/aug_998_WhatsApp Image 2025-04-05 at 10.48.38 (1).jpeg,1,FAKE,50,.jpeg,100,100,RGB,b9c1d66f56f32280440ebe0cb4d1202a25982c4ec4f23b39a595e0e9640acc01
data/fake/50/aug_999_WhatsApp Image 2025-04-05 at 10.48.38 (1).jpeg,1,FAKE,50,.jpeg,408,200,RGB,80252089cf0e902c7bdc94d1df29724579063cf4b478a084f795a00fb7d84dd9
data/fake/500/1 (100).jpg,1,FAKE,500,.jpg,3900,2094,RGB,f7ff81965eeba27e48d11490152e07204eae28fe39db5af675d509654540e3ee
data/fake/500/1 (103).jpg,1,FAKE,500,.jpg,3900,2094,RGB,22e1e9314b03677d41d23cf5f6c4f55c045a6b56f7b9c494e5139a4e0d10d20b
data/fake/500/1 (104).jpg,1,FAKE,500,.jpg,3900,2094,RGB,22e1e9314b03677d41d23cf5f6c4f55c045a6b56f7b9c494e5139a4e0d10d20b
data/fake/500/1 (105).jpg,1,FAKE,500,.jpg,3900,2094,RGB,22e1e9314b03677d41d23cf5f6c4f55c045a6b56f7b9c494e5139a4e0d10d20b
data/fake/500/1 (16).jpg,1,FAKE,500,.jpg,1746,750,RGB,123ae438a634d7f5de267e680f0baeb6287c7190bddd4fefb7cd6544a82a863c
data/fake/500/1 (17).jpg,1,FAKE,500,.jpg,1746,750,RGB,123ae438a634d7f5de267e680f0baeb6287c7190bddd4fefb7cd6544a82a863c
data/fake/500/1 (23).jpg,1,FAKE,500,.jpg,2232,1014,RGB,90892fcb533fa6ace4a6aa1fa2ee67c2d93c0a15162e0f764516a65515bff074
data/fake/500/1 (24).jpg,1,FAKE,500,.jpg,2232,1014,RGB,90892fcb533fa6ace4a6aa1fa2ee67c2d93c0a15162e0f764516a65515bff074
data/fake/500/1 (7).jpg,1,FAKE,500,.jpg,4000,2225,RGB,a9524d3594020aa5bb028fb720e7021b59bfa0d87746986bf3f7913a234a5b89
data/fake/500/1 (74).jpg,1,FAKE,500,.jpg,4000,2123,RGB,b894ae6fbc3dd2497fd666e533ccc4d31cab7ba1e2b9d894111f68cb78d98afd
data/fake/500/1 (78).jpg,1,FAKE,500,.jpg,4000,2123,RGB,0e49d5f29e7f91e7c3e9cbd1c80bc6a34a66508b4bbdcf39ff697c27f7832383
data/fake/500/1 (8).jpg,1,FAKE,500,.jpg,4000,2225,RGB,a9524d3594020aa5bb028fb720e7021b59bfa0d87746986bf3f7913a234a5b89
data/fake/500/1 (80).jpg,1,FAKE,500,.jpg,4000,2123,RGB,0e49d5f29e7f91e7c3e9cbd1c80bc6a34a66508b4bbdcf39ff697c27f7832383
data/fake/500/1 (82).jpg,1,FAKE,500,.jpg,1200,637,RGB,5ca61731fad4e8799c34fe890d54e52da4a38d9a312663c628b58b1f9cb9be6d
data/fake/500/1 (83).jpg,1,FAKE,500,.jpg,1200,637,RGB,5ca61731fad4e8799c34fe890d54e52da4a38d9a312663c628b58b1f9cb9be6d
data/fake/500/1 (87).jpg,1,FAKE,500,.jpg,4000,2100,RGB,d9662ff8d594d172eea73255f5ee1deeff8b8362a953103837954e3b61f4c646
data/fake/500/1 (89).jpg,1,FAKE,500,.jpg,4000,2100,RGB,d9662ff8d594d172eea73255f5ee1deeff8b8362a953103837954e3b61f4c646
data/fake/500/1 (98).jpg,1,FAKE,500,.jpg,3900,2094,RGB,f7ff81965eeba27e48d11490152e07204eae28fe39db5af675d509654540e3ee
data/fake/500/1 (99).jpg,1,FAKE,500,.jpg,3900,2094,RGB,f7ff81965eeba27e48d11490152e07204eae28fe39db5af675d509654540e3ee
data/fake/500/1018170-rs-500.jpg,1,FAKE,500,.jpg,1181,667,RGB,17039a34597ce10094f294be82e77c41eb95131efb4bada481d5f090d4ed95fe
data/fake/500/500_f1.jpg,1,FAKE,500,.jpg,1746,750,RGB,123ae438a634d7f5de267e680f0baeb6287c7190bddd4fefb7cd6544a82a863c
data/fake/500/500_f3.jpg,1,FAKE,500,.jpg,2232,1014,RGB,90892fcb533fa6ace4a6aa1fa2ee67c2d93c0a15162e0f764516a65515bff074
data/fake/500/71geI1wLcOL._UF10001000_QL80_.jpg,1,FAKE,500,.jpg,1000,1000,RGB,8efb0409d6344f6d6af37cb77ae35cee0880bc0c04672e934f81501ea97b1a22
data/fake/500/71geI1wLcOL._UF10001000_QL80__aug1.jpg,1,FAKE,500,.jpg,224,224,RGB,a2c0ce7a4be593f3aac165bbffdcd62e1fd87aa9005fbc77a29e3df6f163ab51
data/fake/500/71geI1wLcOL._UF10001000_QL80__aug2.jpg,1,FAKE,500,.jpg,224,224,RGB,68c3c7f4e56586e31f3084b307f7d5328820365a711bda03a43f01c6ec2b17cc
data/fake/500/IMG-20250717-WA0129.jpg,1,FAKE,500,.jpg,225,225,RGB,9334ecfc0e857d65b1d966d7733472849bb90733b6acc3bcf94ed55b61fde858
data/fake/500/IMG-20250717-WA0129_aug0.jpg,1,FAKE,500,.jpg,224,224,RGB,f2fdd2d84111958414be00011b942d7a6333f31340c5bf9ae6365786b1f59f41
data/fake/500/IMG-20250717-WA0129_aug1.jpg,1,FAKE,500,.jpg,224,224,RGB,583032050b0fce0036c2793b70adbf0897f961d98b6d37f2be8f3eb5fb2be4e3
data/fake/500/IMG-20250717-WA0129_aug2.jpg,1,FAKE,500,.jpg,224,224,RGB,1d4a252b3a46d277aa7aa1c79001accf3bbaa28fb16bfd36757ebff38d3f5566
data/fake/500/IMG-20250717-WA0130_aug0.jpg,1,FAKE,500,.jpg,224,224,RGB,dad341434a0f6a8ef28b55a6e9f0617d2246400166c074927e377c39559964cc
data/fake/500/IMG-20250717-WA0130_aug1.jpg,1,FAKE,500,.jpg,224,224,RGB,c4b146c996112f754d36f884ca7d0f352ab82413e15c1f15e3cdf69a8a56adfc
data/fake/500/IMG-20250717-WA0131.jpg,1,FAKE,500,.jpg,236,213,RGB,94fbd0a9978a8483c8d64998b5432d6f7f5c9a0a86a67d47cb8098cde7f2bc71
data/fake/500/IMG-20250717-WA0131_aug2.jpg,1,FAKE,500,.jpg,224,224,RGB,2a08943de88d6d015445be4f170a9e7cd12a3002cbbe238c6c8cd248187faa2f
data/fake/500/IMG-20250717-WA0132.jpg,1,FAKE,500,.jpg,242,207,RGB,957ff2c2e06d7ff9bffce278872de0ba064eb40d092b97ca6a85b81babc37b55
data/fake/500/IMG-20250717-WA0132_aug0.jpg,1,FAKE,500,.jpg,224,224,RGB,e3f1aa425f9de64ccc13ded87e0562864047f6531386e09ce73d9f4f6d802de4
data/fake/500/IMG-20250717-WA0132_aug1.jpg,1,FAKE,500,.jpg,224,224,RGB,238844c4c7dd41834e8983b67e15774a59024d34882990e6c715327908f53564
data/fake/500/IMG-20250717-WA0133.jpg,1,FAKE,500,.jpg,219,230,RGB,2792e23b8617cb4c8ef509a59f2ff971dd69c8ed859cd1002d539ea1ce779380
data/fake/500/IMG-20250717-WA0133_aug1.jpg,1,FAKE,500,.jpg,224,224,RGB,bfeeb3c0192c8254a6f699bc5056bf23260becb47ec40dba928a60260526ca71
data/fake/500/IMG-20250717-WA0133_aug2.jpg,1,FAKE,500,.jpg,224,224,RGB,c79032ed58b5929c200925305e17a54e2a9f5507fb00148188183f069925409a
data/fake/500/IMG-20250717-WA0134.jpg,1,FAKE,500,.jpg,226,222,RGB,bb2f541986b7648457bcd6e149b54944a6b35ebf2809253aaa5cd4af34bcb2fc
data/fake/500/IMG-20250717-WA0134_aug1.jpg,1,FAKE,500,.jpg,224,224,RGB,cfc22510587e5a28936c1c51d057f952316af3d495c6570471bd3dfbd18c1b9c
data/fake/500/IMG-20250717-WA0135.jpg,1,FAKE,500,.jpg,335,150,RGB,8fde4d7ab04de11236ba800ad5758312a613f96ef65a23a30ef4630897307708
data/fake/500/IMG-20250717-WA0135_aug0.jpg,1,FAKE,500,.jpg,224,224,RGB,45fda483d41f28135b10d4f981ef006e8cafd37d052e5a72b40d0ac94dd64d71
data/fake/500/IMG-20250717-WA0135_aug2.jpg,1,FAKE,500,.jpg,224,224,RGB,9502417c707b080c2f61452f4473406925fefbc46d71a3891c10f04d3281e06a
data/fake/500/IMG-20250717-WA0136.jpg,1,FAKE,500,.jpg,219,230,RGB,0ab3c888d2ee7a67fd784614b70a1890bcd873624eafc300ea454f13c15721d1
data/fake/500/IMG-20250717-WA0136_aug0.jpg,1,FAKE,500,.jpg,224,224,RGB,5f7bda29e7eba04e89afc477fe089bda36c15cbb05567c58578cf38f786b1ad6
data/fake/500/IMG-20250717-WA0136_aug1.jpg,1,FAKE,500,.jpg,224,224,RGB,8cf15d0efb24f20956a55ef519941fd95ab4e91b2611522c48aa9fb8d82215d8
data/fake/500/IMG-20250717-WA0137_aug0.jpg,1,FAKE,500,.jpg,224,224,RGB,39eb7d37896691a7d85a99e3deb34bc32cb3cee9c0f28b96c0b0e4b4872a8f0c
data/fake/500/IMG-20250717-WA0137_aug1.jpg,1,FAKE,500,.jpg,224,224,RGB,6f4d74e1ce6d1a84583caca699fc93b84b4ada0db6019ec34827e2f11a06b85c
data/fake/500/IMG-20250717-WA0137_aug2.jpg,1,FAKE,500,.jpg,224,224,RGB,47db97d727b9b67d2e21a074ae466c7f475378736868f2d5c85e74fda9f15b84
data/fake/500/IMG-20250717-WA0138_aug0.jpg,1,FAKE,500,.jpg,224,224,RGB,9b3ee7c3287ec4c49839da8a1af433e1629a0267fd3b6b7e0fc8dd62322ca673
data/fake/500/IMG-20250717-WA0138_aug1.jpg,1,FAKE,500,.jpg,224,224,RGB,3bd44d68955ac966bc5e0bdb3f2a44c1ec4dbc5ffab8b57d38d5d010feec88fb
data/fake/500/IMG-20250717-WA0138_aug2.jpg,1,FAKE,500,.jpg,224,224,RGB,a2d3c4647225fb9391c9d2401cc7e909f0dd7a8eb9b44bef59e81b545622f169
data/fake/500/IMG-20250717-WA0139_aug1.jpg,1,FAKE,500,.jpg,224,224,RGB,1295b52bfb49ca80e9fca0ed50b4bcf8d66b96a9d5f1c8c6902fad6178db6cae
data/fake/500/IMG-20250717-WA0139_aug2.jpg,1,FAKE,500,.jpg,224,224,RGB,b799ee19c5b0b5a0520592ce66b1ca28be59ddb938cc048b063559fbd0f47c8e
data/fake/500/IMG-20250717-WA0140.jpg,1,FAKE,500,.jpg,725,1600,RGB,3d95eb6e9b9eaeb05b601da572d38a9f430200a938f780bd396d64f45c540198
data/fake/500/IMG-20250717-WA0140_aug2.jpg,1,FAKE,500,.jpg,224,224,RGB,b34418400532329326fa9003c7f092b51787d64dd5789174c642529de1952f20
data/fake/500/IMG-20250717-WA0141.jpg,1,FAKE,500,.jpg,712,1600,RGB,b96c99b793de7fb315cc8b419e85368c2ac771f0ddaee53fabf669b929ebe4df
data/fake/500/IMG-20250717-WA0141_aug0.jpg,1,FAKE,500,.jpg,224,224,RGB,be0537afa0907b749109e614a287ef96fa277b3a7d2597629cd74d4e8f90e36c
data/fake/500/IMG-20250717-WA0141_aug1.jpg,1,FAKE,500,.jpg,224,224,RGB,21f3c3809891066238e12c5b99de3deac876df37c2d37b83fa7c3d1f6831c097
data/fake/500/IMG-20250717-WA0141_aug2.jpg,1,FAKE,500,.jpg,224,224,RGB,15ef4652aedb975031d09fc3e39233345858e50829073320afdf5cb18f16ef7b
data/fake/500/IMG-20250717-WA0142_aug2.jpg,1,FAKE,500,.jpg,224,224,RGB,b324ff161296bebda632f209a5e3872c26d0a0f3192bfe93bc0d8c2b5d2955e4
data/fake/500/IMG-20250717-WA0143.jpg,1,FAKE,500,.jpg,1142,1600,RGB,0cf45856747f08e871de7acfefde96c0ee3a3229014bf0256bd22bc878222ff7
data/fake/500/IMG-20250717-WA0143_aug0.jpg,1,FAKE,500,.jpg,224,224,RGB,27157b4d30062b327250ff119e7cc2cd693bc12f6feccd2d673b1344a5249c20
data/fake/500/IMG-20250717-WA0143_aug1.jpg,1,FAKE,500,.jpg,224,224,RGB,a5c9d19c1c3035b19dd2485c118a8cf08a5687c88ce75fc063d1fb5ee4650271
data/fake/500/IMG-20250717-WA0143_aug2.jpg,1,FAKE,500,.jpg,224,224,RGB,6c71b3cbfdbda747de485f869f0796dac7da372302e6010d9ca243cc89084a8d
data/fake/500/IMG-20250717-WA0144_aug1.jpg,1,FAKE,500,.jpg,224,224,RGB,204a3aafc226ea3c6dddde7e81466d70565698e2fccdcffd0ecb60f35e43b42a
data/fake/500/IMG-20250717-WA0144_aug2.jpg,1,FAKE,500,.jpg,224,224,RGB,c156cc004223db21dfdaa58bbfbbaea19a2ea149098f6f22cee76224d15cacd9
data/fake/500/IMG-20250717-WA0145.jpg,1,FAKE,500,.jpg,932,1305,RGB,520ae987fa46a94ab5992d4c651e1131fb67cbe2ff0cfa9f7f3576fac8001f78
data/fake/500/IMG-20250717-WA0145_aug0.jpg,1,FAKE,500,.jpg,224,224,RGB,7ba78452915b11c49ef6ab8143315184d2c5c73bb0babd92cc587a9535bb2d15
data/fake/500/IMG-20250717-WA0145_aug1.jpg,1,FAKE,500,.jpg,224,224,RGB,11009f3d6b2242a5e15a4172787bafa5bf2c3981197d1abd8d54a859d57d9aec
data/fake/500/IMG-20250717-WA0145_aug2.jpg,1,FAKE,500,.jpg,224,224,RGB,705ee56bb9c750cbc1b468eb627b6559efbb30cbc54b82d6e434a7f6b05191b6
data/fake/500/IMG-20250717-WA0146.jpg,1,FAKE,500,.jpg,1490,619,RGB,3c53d482392a58267c3620dbe448dc7281531e5f657d11c72d2f8adff822dee2
data/fake/500/IMG-20250717-WA0147_aug0.jpg,1,FAKE,500,.jpg,224,224,RGB,5912d496929036454911c2067e89c3ca4a44c557b03a68ab48969051f266ac66
data/fake/500/IMG-20250717-WA0147_aug1.jpg,1,FAKE,500,.jpg,224,224,RGB,4557687e97ab2740a7d01cf4d6daf8b9430f2e290ff6d3bd8d32a8e9a507e6e8
data/fake/500/IMG-20250717-WA0147_aug2.jpg,1,FAKE,500,.jpg,224,224,RGB,fcd7c45c7a17d08afa91aad354a64e8cefc9aa999801bb8e08cb14f392b1a93f
data/fake/500/IMG-20250717-WA0148.jpg,1,FAKE,500,.jpg,1004,1600,RGB,703782a60a65023a407f4075978eed45316f3a43fbc527b53a93ff5f8b9fa9eb
data/fake/500/IMG-20250717-WA0148_aug2.jpg,1,FAKE,500,.jpg,224,224,RGB,e166822d69ce3c4c3a9d0aa042fd341f233f5046f58e0a87ba9b388479a2280c
data/fake/500/IMG-20250717-WA0149.jpg,1,FAKE,500,.jpg,1219,1600,RGB,9c697660bc0a36b3eb98ca2fbd97f2f8ea6b73179becfd6a7bd5f6868ec82ffc
data/fake/500/IMG-20250717-WA0149_aug0.jpg,1,FAKE,500,.jpg,224,224,RGB,c568f1f2141796b29ee3657d16c4a29e4f62abe35ea35b86f9fa4ab02d789a3b
data/fake/500/IMG-20250717-WA0149_aug1.jpg,1,FAKE,500,.jpg,224,224,RGB,97653835173dc924cb04fb7b20ac9006e2760a98220e0975b5073b714b2f2b47
data/fake/500/IMG-20250717-WA0149_aug2.jpg,1,FAKE,500,.jpg,224,224,RGB,d056b97086659a0ad03ff81062ff1a0626639e5b26ea2fe94b171f7527449c50
data/fake/500/IMG-20250717-WA0150.jpg,1,FAKE,500,.jpg,838,1280,RGB,9790f4d840bd2bcc5471fee82b8575fa1eaf04d297dfdadd9498ab30ee711ec6
data/fake/500/IMG-20250717-WA0150_aug0.jpg,1,FAKE,500,.jpg,224,224,RGB,c13afb8bfa5e478f03e75c323308f5648465e3c1808524bc6c2a86732a9fa1d2
data/fake/500/IMG-20250717-WA0150_aug1.jpg,1,FAKE,500,.jpg,224,224,RGB,8a48d3e34286c9a733180b0e4687f5b011a99a7d672faab8a4044690cde58623
data/fake/500/IMG-20250717-WA0150_aug2.jpg,1,FAKE,500,.jpg,224,224,RGB,1c139e13f13c3983f9f646d0ed416edf3f35ec7c5dace63c95d6b72f129ad983
data/fake/500/IMG-20250717-WA0151_aug0.jpg,1,FAKE,500,.jpg,224,224,RGB,153b3e79de45f434d9c98dc233810668da82af99537d383370cca9acfdf60983
data/fake/500/IMG-20250717-WA0152_aug1.jpg,1,FAKE,500,.jpg,224,224,RGB,179d28a721b2c4fb5d9181caf1ecbb41e2560af8f0207e3d579e17c3a8917714
data/fake/500/IMG-20250717-WA0153.jpg,1,FAKE,500,.jpg,1530,622,RGB,ad4cac085673820ea451baa431b5098e8cba295404a9d70e8d5a41154a7a2394
data/fake/500/IMG-20250717-WA0153_aug1.jpg,1,FAKE,500,.jpg,224,224,RGB,dd214fc640717c90f8d773754fe42b93d5f8cf77ea7426d2f0b5c46e6c5878ae
data/fake/500/IMG-20250717-WA0153_aug2.jpg,1,FAKE,500,.jpg,224,224,RGB,c1d4f0b64e4c51e4f5392118c50075fc6749eec839fbc49c3c459db2438cc516
data/fake/500/IMG-20250717-WA0154.jpg,1,FAKE,500,.jpg,585,1280,RGB,09bb87fd35aa11abb48e8ff74ff73b7619c28910570199cbdd30d0efb29ca35a
data/fake/500/IMG-20250717-WA0154_aug0.jpg,1,FAKE,500,.jpg,224,224,RGB,3243689011f28acbd54b3b78af4310c58666158ea5dc891f33b29f45dd193122
data/fake/500/IMG-20250717-WA0154_aug2.jpg,1,FAKE,500,.jpg,224,224,RGB,a3f9dc6c26bfef8cd8a1c6a3c7498db763643631ceda3ab0063e5db34bbb6e46
data/fake/500/IMG-20250717-WA0155.jpg,1,FAKE,500,.jpg,1094,1280,RGB,0556809fac71ce6a73f3e66f5d8fe3894ff69c40d491e2ba27bb2cbb931e4034
data/fake/500/IMG-20250717-WA0155_aug1.jpg,1,FAKE,500,.jpg,224,224,RGB,32339f24fc5d270986c5fdd506d4dab995b01d9fb2c47cf68815f5c831b55e0d
data/fake/500/IMG-20250717-WA0156.jpg,1,FAKE,500,.jpg,911,1280,RGB,d6d42f3f343a52b21977ec58ad8585de0bab6a02872fe1ea93f9ce3f2902d165
data/fake/500/IMG-20250717-WA0156_aug2.jpg,1,FAKE,500,.jpg,224,224,RGB,0a3c8567192bf33b7896a59b4942c16797480eb3369a7add7a2699d2fb0359b4
data/fake/500/IMG-20250717-WA0157.jpg,1,FAKE,500,.jpg,799,1280,RGB,b158b350192248ae759ba4eedecf9dca5f0db5a88e8c16a3be80bb0177d1c6c5
data/fake/500/IMG-20250717-WA0157_aug0.jpg,1,FAKE,500,.jpg,224,224,RGB,417cd0bbed9cb207141782e9620e64784be33f53e05c349ebfe0ea70034e0a2f
data/fake/500/IMG-20250717-WA0157_aug2.jpg,1,FAKE,500,.jpg,224,224,RGB,247a5b93e4155568c038f9eb3b52da1e391575bd0314c3e7de0f76f20a73cfab
data/fake/500/IMG-20250717-WA0158_aug0.jpg,1,FAKE,500,.jpg,224,224,RGB,a5f8bf283236e4fec36d1640ae8cd0632d910a97ef117f0f0f0a72fd9b542799
data/fake/500/IMG-20250717-WA0158_aug1.jpg,1,FAKE,500,.jpg,224,224,RGB,ebb3092425f5444f5a2c003a42c5f2dce3b4e4314ddaa63274aa51dd5c42b493
data/fake/500/IMG-20250717-WA0158_aug2.jpg,1,FAKE,500,.jpg,224,224,RGB,82d14b1216ca83f183a8094cd289bc2bf86fb1e80e5c0fc2e5c1982ea37000dd
data/fake/500/IMG-20250717-WA0159.jpg,1,FAKE,500,.jpg,965,1280,RGB,adca9d69ffefe3678fced038a834d5bf9e8c7310e69bc1086e5210e58a02d52e
data/fake/500/IMG-20250717-WA0159_aug0.jpg,1,FAKE,500,.jpg,224,224,RGB,74509630a1ed9d4cf7ccb72897e7da2f564c02571d3290682fe8788f5e5df143
data/fake/500/IMG-20250717-WA0159_aug1.jpg,1,FAKE,500,.jpg,224,224,RGB,c7b40315d57d7c08ce0676e11a2ff82ad57a508f69eb71d7b635db9061c57cc0
data/fake/500/IMG-20250717-WA0160.jpg,1,FAKE,500,.jpg,1037,1280,RGB,94cfd32e2aad7d691e47771227467ac6885ef1fe77b100b61e705431fff37528
data/fake/500/IMG-20250717-WA0160_aug0.jpg,1,FAKE,500,.jpg,224,224,RGB,f8e183247c5392cfbe0d36932cc9a3a30f60db636eed63258ee1b4035cc1db22
data/fake/500/IMG-20250717-WA0160_aug2.jpg,1,FAKE,500,.jpg,224,224,RGB,9e4a4d026c84f34e0a652f8e3d55fec4a1997e2542ef0470386b54f82d9b328d
data/fake/500/IMG-20250717-WA0161.jpg,1,FAKE,500,.jpg,911,1280,RGB,dee94b34a8bf1209faed24b83ba57c6353985449c3ec49afd057e50e19b7f87e
data/fake/500/IMG-20250717-WA0162_aug2.jpg,1,FAKE,500,.jpg,224,224,RGB,ad425e218ffa2a06370a448a073320d23272a3488765bed1cd43dabd7aa9f4bf
data/fake/500/IMG-20250717-WA0164_aug0.jpg,1,FAKE,500,.jpg,224,224,RGB,e457eab70a68fce5bd7685268f82acd08691c2825c171f586e68462d269a8ac6
data/fake/500/IMG-20250717-WA0164_aug1.jpg,1,FAKE,500,.jpg,224,224,RGB,deb7d360a12f9341d8b9a92ef8f96eea675662993bd4a2468e6675a6489956af
data/fake/500/IMG-20250717-WA0165.jpg,1,FAKE,500,.jpg,1185,1280,RGB,8b48686be534b23c5f822c20a17abf7a23ac2838e2e9e772f375bb783935b648
data/fake/500/IMG-20250717-WA0165_aug0.jpg,1,FAKE,500,.jpg,224,224,RGB,bd02e8500575e99361cbff3b91473121dfa5cba50244a9d014a496131e03dbc1
data/fake/500/IMG-20250717-WA0165_aug2.jpg,1,FAKE,500,.jpg,224,224,RGB,92d2ea5f71f054f2d65ff4bb8a22f9ac4f081814a9a88d43cd33fd165a51805a
data/fake/500/IMG-20250717-WA0166.jpg,1,FAKE,500,.jpg,1053,1280,RGB,142bb01dc7b472444dec19b45d15957f22b36a83c28576ca14d13949c4b551da
data/fake/500/IMG-20250717-WA0166_aug1.jpg,1,FAKE,500,.jpg,224,224,RGB,bdacfa2bc174a32648655e8a96d753e42e29e601be1b1c87d1378286f77d6326
data/fake/500/IMG-20250717-WA0166_aug2.jpg,1,FAKE,500,.jpg,224,224,RGB,2d1734cdf278c5194956214b6fe2f037e1868c45541892e937a589c4a9b3ce5b
data/fake/500/IMG-20250717-WA0168.jpg,1,FAKE,500,.jpg,681,1280,RGB,6dda16f5620a95b7f71282bed18ade6e03c4cfa89ae7082321e972e08aa18809
data/fake/500/IMG-20250717-WA0168_aug0.jpg,1,FAKE,500,.jpg,224,224,RGB,de6556e5999810c24d98d1218e6a57c2ab340497cf4edf53a2240886ce18ea70
data/fake/500/IMG-20250717-WA0168_aug1.jpg,1,FAKE,500,.jpg,224,224,RGB,e6e49a6d05a36bd018efbd2e0edb1e0497d99368aa9ab5930f79bc922f562c97
data/fake/500/IMG-20250717-WA0168_aug2.jpg,1,FAKE,500,.jpg,224,224,RGB,5757195e3aede1a0ad2aa9bb5b7382116d6f32d792377df30597e7edd0ee4530
data/fake/500/IMG-20250717-WA0169.jpg,1,FAKE,500,.jpg,1280,964,RGB,fef0a357d500514f810ec9221c20f5f3eab6cba9bafeed4946df6ebb0f2e041b
data/fake/500/IMG-20250717-WA0169_aug0.jpg,1,FAKE,500,.jpg,224,224,RGB,c7f5e2f8713ace198a152228b26f8df6243e3297f3413acfbe8181c358a3e9db
data/fake/500/IMG-20250717-WA0169_aug1.jpg,1,FAKE,500,.jpg,224,224,RGB,be1e8315493148184940115469697d447af179d5829acc9f4e871f2b9d32c485
data/fake/500/IMG-20250717-WA0170.jpg,1,FAKE,500,.jpg,960,1280,RGB,7847fd4f7aca7625e9be3412879629b78f77ad935d5bd4b32fe5846c9a967fc1
data/fake/500/IMG-20250717-WA0170_aug1.jpg,1,FAKE,500,.jpg,224,224,RGB,c6793352a938bad7070b9fef30d785ece401b12636189212118a0e536c87992f
data/fake/500/IMG-20250717-WA0171.jpg,1,FAKE,500,.jpg,1280,1156,RGB,505fda2dbfa75748eb641216baaa3eaeafe7cdd12b94716677850f5f60b11580
data/fake/500/IMG-20250717-WA0171_aug0.jpg,1,FAKE,500,.jpg,224,224,RGB,660e5b782fb3121fce45344ba594c207c7f6366de56fcd47f5778a77a9b1562f
data/fake/500/IMG-20250717-WA0171_aug2.jpg,1,FAKE,500,.jpg,224,224,RGB,8163d1f256de33f4a4d431f7dfe05124c6a3b2cd626ed77bbbce4443d7169681
data/fake/500/IMG-20250717-WA0172.jpg,1,FAKE,500,.jpg,866,1280,RGB,e2983762c802f0a2209c9f8908e38c1fb7d7330bf5969cc096e5ba476b3e4d63
data/fake/500/IMG-20250717-WA0172_aug0.jpg,1,FAKE,500,.jpg,224,224,RGB,4cec6ff7f730bc10b5e9b744c6eb353117d63abcfb507f641333763790271554
data/fake/500/IMG-20250717-WA0172_aug1.jpg,1,FAKE,500,.jpg,224,224,RGB,0739439bec5bce18caf22a519104127fd96143d214b26abe32589dfb4ad86052
data/fake/500/IMG-20250717-WA0173_aug2.jpg,1,FAKE,500,.jpg,224,224,RGB,f10693663017d3a0506ac2d0d429eb62695e95de77222a81ca7f80f8983eaded
data/fake/500/IMG-20250717-WA0174.jpg,1,FAKE,500,.jpg,841,1280,RGB,142aea881ab37575960d6738feb12f5e0b653e9cf0080926a65a8edf9972e177
data/fake/500/IMG-20250717-WA0174_aug0.jpg,1,FAKE,500,.jpg,224,224,RGB,ce6d48e00ebd1124c727d999dd1c2989df0ad27e5ba315c9d140ea22979aee6c
data/fake/500/IMG-20250717-WA0174_aug1.jpg,1,FAKE,500,.jpg,224,224,RGB,c14365b280b5abf1e6ee087d4b8a8dfabc41cd9daf1cd2a5350c4b037081924b
data/fake/500/IMG-20250717-WA0175.jpg,1,FAKE,500,.jpg,956,1280,RGB,f522e4b54fe2c415fbbce9e0ce637b5d909a745beb44e87c40a44f4946e1ad17
data/fake/500/IMG-20250717-WA0175_aug0.jpg,1,FAKE,500,.jpg,224,224,RGB,9764c29b9bdad7feb4e67559f76d4523e24377568a10be65260b9ae1fbca678a
data/fake/500/IMG-20250717-WA0176.jpg,1,FAKE,500,.jpg,841,1280,RGB,58d91ae5b49f6c0384776efa66ba40ec1e1804654c767182a584c77d12767983
data/fake/500/IMG-20250717-WA0176_aug0.jpg,1,FAKE,500,.jpg,224,224,RGB,03cfdc9551b13df4e02dae2c8937730536dd87b73de7710a071fe09ce92d4e0b
data/fake/500/IMG-20250717-WA0176_aug2.jpg,1,FAKE,500,.jpg,224,224,RGB,ae165f8d726c3f7321df79a980c346ccd2d5c331b041f468785a434f4a9b339a
data/fake/500/IMG-20250717-WA0178.jpg,1,FAKE,500,.jpg,960,1280,RGB,d48879a66903a02e693d8ceeedd497ae150a24ddc980e53e61fce2709c4bfc14
data/fake/500/IMG-20250717-WA0179_aug0.jpg,1,FAKE,500,.jpg,224,224,RGB,c03351bc47e63b30de5fa16f9013191ef736a36c85a041cdca1c840af26bd5a3
data/fake/500/IMG-20250717-WA0179_aug2.jpg,1,FAKE,500,.jpg,224,224,RGB,eb92245514b6d2dd6ca2f776c080dccd1344475fcc8070f5b88385f584d14cfd
data/fake/500/IMG-20250717-WA0180.jpg,1,FAKE,500,.jpg,1280,999,RGB,e0d8a7bbe137b5bff3c76dafce6e97049b029d298ab9e9383752d152071b4528
data/fake/500/IMG-20250717-WA0180_aug1.jpg,1,FAKE,500,.jpg,224,224,RGB,70355cd78258ad06289a86e0d6b71810764ec1a65407c3dd8c4d5776c6d2f484
data/fake/500/IMG-20250717-WA0181_aug1.jpg,1,FAKE,500,.jpg,224,224,RGB,4a0ef52b756af3a53ba221b35db21e033310e39f8c162cc242e7dbf18111e6db
data/fake/500/IMG-20250717-WA0181_aug2.jpg,1,FAKE,500,.jpg,224,224,RGB,17e8b5ce9b650756324be6823279fe83c680d756519a19cfb062e33cd9a42ecb
data/fake/500/IMG-20250717-WA0182.jpg,1,FAKE,500,.jpg,960,1280,RGB,482f7eb8b02b706cad817e72caf6d24ab792645391b752a2c3edb00e553d0a4c
data/fake/500/IMG-20250717-WA0182_aug0.jpg,1,FAKE,500,.jpg,224,224,RGB,8483100dd53360dc4cf988bd0875ddad64324c98424f8b82b322a137b7b43313
data/fake/500/IMG-20250717-WA0182_aug1.jpg,1,FAKE,500,.jpg,224,224,RGB,0324ac0cd886b30220d21870198fa2117099d32050673b34d25e1a52cd6db161
data/fake/500/IMG-20250717-WA0183.jpg,1,FAKE,500,.jpg,1031,1280,RGB,1b09955b17b2d9dd3e91878edbe0c8cd82cd192186b1a075eb1e6b7b621bd4dc
data/fake/500/IMG-20250717-WA0183_aug0.jpg,1,FAKE,500,.jpg,224,224,RGB,3333993df77cea86c00813ccb1697e4aac7143978d961de5db1d3482e0008b02
data/fake/500/IMG-20250717-WA0183_aug2.jpg,1,FAKE,500,.jpg,224,224,RGB,c2e7b781cd6c03b3c955398887b0053f2e40cba2d589691cbf5ea5b1257ae295
data/fake/500/IMG-20250717-WA0184.jpg,1,FAKE,500,.jpg,960,1280,RGB,f0fa359d7604a097c3e22ca24fd803ddaa06a175ec44b8f4e8fe0feee5d64506
data/fake/500/IMG-20250717-WA0184_aug0.jpg,1,FAKE,500,.jpg,224,224,RGB,9cba4893602e8553f39ef91f4a6eca1835c626e6117558a8dd08b2c62dd86ed1
data/fake/500/IMG-20250717-WA0184_aug1.jpg,1,FAKE,500,.jpg,224,224,RGB,ad5eb6e07a87bc5c8426edc974bb54f1518a36ff9d607e3b02c548ce41c87f27
data/fake/500/IMG-20250717-WA0184_aug2.jpg,1,FAKE,500,.jpg,224,224,RGB,b8d51204a9e89c67ddde19676ebe2e99b264953c9915c5d1588bf9c9c306b677
data/fake/500/IMG-20250717-WA0185.jpg,1,FAKE,500,.jpg,960,1280,RGB,249cac2155e9b10a75565dfad8957e83e99255fecd63cabe840ae919fce6c3ac
data/fake/500/IMG-20250717-WA0185_aug0.jpg,1,FAKE,500,.jpg,224,224,RGB,0abfcac5ff35208568b642229cf00d46e86872627a36fd73674657144202231f
data/fake/500/IMG-20250717-WA0185_aug2.jpg,1,FAKE,500,.jpg,224,224,RGB,ec33586bf82877349c5f5b937b608071879f3cd47677e968aa9749cecf1387a2
data/fake/500/IMG-20250717-WA0186.jpg,1,FAKE,500,.jpg,960,1280,RGB,4f4bce2bc381829d1f4cbf0f00372a908133a0b270bb96a5ff5f19e9e81f7f82
data/fake/500/IMG-20250717-WA0186_aug0.jpg,1,FAKE,500,.jpg,224,224,RGB,0a3a8654e8c2a7fac7853c9d6e95e615b80dc34006275ff0a383a30c04ceeed1
data/fake/500/IMG-20250717-WA0186_aug1.jpg,1,FAKE,500,.jpg,224,224,RGB,f2670d45d1529d4bfb973c8fef71cc0bb7a1987d1ceab6048d31e569ac5ea11a
data/fake/500/IMG-20250717-WA0187.jpg,1,FAKE,500,.jpg,960,1280,RGB,864492f66f41d90ed46561fb4ee46056d2381fed8dc7e0a9b457d1f4a83e0a19
data/fake/500/IMG-20250717-WA0187_aug2.jpg,1,FAKE,500,.jpg,224,224,RGB,a49b0719ed87a4003867d5f0c2fe1abe0af7229b6e933362030efeacdf06ea06
data/fake/500/IMG-20250717-WA0188_aug1.jpg,1,FAKE,500,.jpg,224,224,RGB,7b1fd9e4bbe7ab1eabf548c299c78f2c6abc18b7c421da25020cf53c0bfc0a33
data/fake/500/IMG-20250717-WA0189.jpg,1,FAKE,500,.jpg,960,1280,RGB,f442b9261e99f7ade8b792b76ebfce77bed6175508f5e0473155b88c25e790b3
data/fake/500/IMG-20250717-WA0189_aug1.jpg,1,FAKE,500,.jpg,224,224,RGB,2c60f4532adee02487154177762a4a5bd911ef5cce3c31b9c3f4debefb8ca943
data/fake/500/IMG-20250717-WA0189_aug2.jpg,1,FAKE,500,.jpg,224,224,RGB,3a428cc9c4a246b18f5fc2bc5114742df4f4bd7dae471d799823bc6c50db3885
data/fake/500/IMG-20250717-WA0190.jpg,1,FAKE,500,.jpg,960,1280,RGB,50e8102ca20534509b80ab755bcd47f2f709dcb23c293dfe63750c066ca4d2a1
data/fake/500/IMG-20250717-WA0190_aug0.jpg,1,FAKE,500,.jpg,224,224,RGB,9aa21e605001c8082e9930d217e3887b9cd57f580da9b7ca070b2249137ca2fb
data/fake/500/IMG-20250717-WA0190_aug1.jpg,1,FAKE,500,.jpg,224,224,RGB,053a6866ecd1395bf5f259ac6ef19ab2bcdfebf2a109ec5dc95dc9fa0c19ec30
data/fake/500/IMG-20250717-WA0191.jpg,1,FAKE,500,.jpg,960,1280,RGB,2aa02f83194616205e5d507788d3e4d1afe609e4682b0291449df419d4bf1d0c
data/fake/500/IMG-20250717-WA0191_aug0.jpg,1,FAKE,500,.jpg,224,224,RGB,054a952cac08d648a7adbd4d4095e2a5025ba13e959323a8ca06b41efca06f5d
data/fake/500/IMG-20250717-WA0191_aug2.jpg,1,FAKE,500,.jpg,224,224,RGB,d3e6598d1c01b4ea824f90ffbc5949ae26c7fa36676f1b7bc9d45a490135522b
data/fake/500/IMG-20250717-WA0192.jpg,1,FAKE,500,.jpg,960,1280,RGB,d886c8a044614dc051b23270f168207a3183f519ee7dde714186bc7b05b42549
data/fake/500/IMG-20250717-WA0192_aug1.jpg,1,FAKE,500,.jpg,224,224,RGB,32152572b505df26ab3a5454f16b5be39a1b371007d57c4ca80d0a1c60636741
data/fake/500/IMG-20250717-WA0192_aug2.jpg,1,FAKE,500,.jpg,224,224,RGB,db3116e9a809223de296a8a3fb49a08d1877c18f01dcd9f9f416b83ec0fbdc2c
data/fake/500/IMG-20250717-WA0193.jpg,1,FAKE,500,.jpg,960,1280,RGB,379ad9cf043e8089e969b80593b68642ef7538a62d10f8ecd9d38c539753ab16
data/fake/500/IMG-20250717-WA0194.jpg,1,FAKE,500,.jpg,960,1280,RGB,42bdcadfb8170a9222c4291bfc1dd1a56d20edde717128705385afb110e957e9
data/fake/500/IMG-20250717-WA0194_aug1.jpg,1,FAKE,500,.jpg,224,224,RGB,b50ecdb62ff8ae78d0f6d4048c50bfb86fb5b7a8022e90a8d45d7da6ca33c14b
data/fake/500/IMG-20250717-WA0195.jpg,1,FAKE,500,.jpg,960,1280,RGB,7ae66e699d306f40b27740232d445a6d80236cb4e176e4e72e72fd5faf6bc468
data/fake/500/IMG-20250717-WA0195_aug0.jpg,1,FAKE,500,.jpg,224,224,RGB,d22855065cb2316e275075123ddbaf6e1d427f65293b912e42e0fcce16732d79
data/fake/500/IMG-20250717-WA0195_aug2.jpg,1,FAKE,500,.jpg,224,224,RGB,fb259027319b8f4009d0ae4f8d278a09a00dc2d4de9b139fdcef1fe395c66709
data/fake/500/IMG-20250717-WA0196.jpg,1,FAKE,500,.jpg,960,1280,RGB,af665e407288e296e80ceb5170bf1fd9ff19da91338a6f4cf345787f7d29e528
data/fake/500/IMG-20250717-WA0196_aug0.jpg,1,FAKE,500,.jpg,224,224,RGB,9b37d4019b63defbfdc59b23f1cbbd3445820683489198abd75eac6ac2434996
data/fake/500/IMG-20250717-WA0196_aug2.jpg,1,FAKE,500,.jpg,224,224,RGB,67c1dbd518013564d643a8b011f71f9d490bed13d5437bba7b7660c837954092
data/fake/500/IMG-20250717-WA0197.jpg,1,FAKE,500,.jpg,960,1280,RGB,544976927b1a2a19ba49fd0d710e173497250c2b99f1891d77af9cedbea49e03
data/fake/500/IMG-20250717-WA0197_aug0.jpg,1,FAKE,500,.jpg,224,224,RGB,7506de5caa738f06eec234758db4c1d22032c5ce27cdbd2557913a6f1d2cc424
data/fake/500/IMG-20250717-WA0197_aug2.jpg,1,FAKE,500,.jpg,224,224,RGB,2dfa217f923b4cf90c52867a6836cdc4f8f2a6933c2a03945887c9663a8d2052
data/fake/500/IMG-20250717-WA0198_aug0.jpg,1,FAKE,500,.jpg,224,224,RGB,348ade60aeb3f6433a5d66d79a30a3814853e1326b00f419a94efc5f5115331c
data/fake/500/IMG-20250717-WA0198_aug1.jpg,1,FAKE,500,.jpg,224,224,RGB,6bb7003c07a238f51877a580691a7695585258fba78cce740fd943299456d837
data/fake/500/IMG-20250717-WA0198_aug2.jpg,1,FAKE,500,.jpg,224,224,RGB,3bba3a0ccc02aa3333ee8452bfc81a0a0b04320e33ae85c397f80f44b3e66255
data/fake/500/IMG-20250717-WA0199.jpg,1,FAKE,500,.jpg,960,1280,RGB,ff3e3d1fb2b9e52cc799a068d6121d0d48dd58e17e12d36c6ed40fd0ccacd65f
data/fake/500/IMG-20250717-WA0199_aug1.jpg,1,FAKE,500,.jpg,224,224,RGB,6ad5dd0756be3ebc87b4f76b5ed2702cb2c092068ca9393f5a985360fa19a68a
data/fake/500/IMG-20250717-WA0200_aug1.jpg,1,FAKE,500,.jpg,224,224,RGB,a4bd9bead88f2210ed3457f5be9305a06f1cbb6435d350a7243866bbe27fcf35
data/fake/500/IMG-20250717-WA0200_aug2.jpg,1,FAKE,500,.jpg,224,224,RGB,2f5f10ea82d3341213081519d2af631c71e2363bf3262146c086a3a5b8da7a99
data/fake/500/IMG-20250717-WA0201.jpg,1,FAKE,500,.jpg,960,1280,RGB,3612554d0921ab1b4a5058dcf0f77e61145c62179c3b251247e3832464411578
data/fake/500/IMG-20250717-WA0201_aug0.jpg,1,FAKE,500,.jpg,224,224,RGB,7c359a77e6a06828f3c898b299fa66086859e30003f654c5c05388b92fe33ed4
data/fake/500/IMG-20250717-WA0201_aug1.jpg,1,FAKE,500,.jpg,224,224,RGB,d5be8b022fe7d321ad77ea51a1b6e3f4cfb91a3df74dfaedd9181e22cffee7d3
data/fake/500/IMG-20250717-WA0201_aug2.jpg,1,FAKE,500,.jpg,224,224,RGB,c8452a641ff1af4cd605bf98e23359669bb55674a2bdae70b7acd9a19ad2c57c
data/fake/500/IMG-20250717-WA0202.jpg,1,FAKE,500,.jpg,960,1280,RGB,9ac8f9762a17d18769a5da0cb5a744161290ae334a73c2a2e08a9578f45104b4
data/fake/500/IMG-20250717-WA0203.jpg,1,FAKE,500,.jpg,960,1280,RGB,5fdf40708a1654eeae92dec823928cba8ff12a5cd37cd58bffbad531c3ff5d96
data/fake/500/IMG-20250717-WA0203_aug1.jpg,1,FAKE,500,.jpg,224,224,RGB,69bf909fe46001ea3dc5e99bd249dd00a71b5f32698db60aa244edff017238d8
data/fake/500/IMG-20250717-WA0204.jpg,1,FAKE,500,.jpg,960,1280,RGB,001e5ca14ba2730ccee19fa5c8196916aac66ea27c9cfebba468e229a24afd33
data/fake/500/IMG-20250717-WA0204_aug0.jpg,1,FAKE,500,.jpg,224,224,RGB,6f16441ddcbe18cdec470abbddbd5939719fda71de8cb50d7852a4cbda063e46
data/fake/500/IMG-20250717-WA0204_aug1.jpg,1,FAKE,500,.jpg,224,224,RGB,fa2f8d0542283ceb8bf03c395744b33b22e5b72e920c13b5fa9b4cce9299380a
data/fake/500/IMG-20250717-WA0204_aug2.jpg,1,FAKE,500,.jpg,224,224,RGB,c12e17b87d13de3b556fffd784fd3a2a8497a009e60ab28b7f5197ba1234c5e4
data/fake/500/IMG-20250717-WA0205_aug1.jpg,1,FAKE,500,.jpg,224,224,RGB,1c6d077e7bf0561e200f9801ce86c7fe7d05d968324112059efb85f6e9a5d2b4
data/fake/500/IMG-20250717-WA0206.jpg,1,FAKE,500,.jpg,960,1280,RGB,2c9ff357700d1954473584cda4600ecd8736c513f554a5fdd4094343e00d54c4
data/fake/500/IMG-20250717-WA0206_aug1.jpg,1,FAKE,500,.jpg,224,224,RGB,d238804547c3f06930c69bd8f55ed9822487003283c2b67513515ad150432d1c
data/fake/500/IMG-20250717-WA0207.jpg,1,FAKE,500,.jpg,960,1280,RGB,2511aacbeaef9a99283458e4bf0ee56ac04a657c19f84955375ebcb0374cfb0b
data/fake/500/IMG-20250717-WA0207_aug1.jpg,1,FAKE,500,.jpg,224,224,RGB,d7a0cfae56abef5b4bf37e37ac64e326b4ee7c9fb20c7fff590625fc8fb3542a
data/fake/500/IMG-20250717-WA0207_aug2.jpg,1,FAKE,500,.jpg,224,224,RGB,70c34dea7568a1bc5319d574e98889ec5cc6dfc4e438bab0327be5fd64dee89a
data/fake/500/IMG-20250717-WA0208.jpg,1,FAKE,500,.jpg,960,1280,RGB,c063cc0b1164968a0b015f746818dc2b4c23288606dd24f6d5632b8a5366207c
data/fake/500/IMG-20250717-WA0208_aug0.jpg,1,FAKE,500,.jpg,224,224,RGB,39fb96f0cc9740ce5e51ee32269a4672d7d1ff3df3675fe6b3106be789b31b23
data/fake/500/IMG-20250717-WA0209.jpg,1,FAKE,500,.jpg,960,1280,RGB,7feb7b8e95b46b02506c72f047c3ea0f77c79fae0cfae729a3b04b81d57afc65
data/fake/500/IMG-20250717-WA0209_aug2.jpg,1,FAKE,500,.jpg,224,224,RGB,761dd7430e0286dda6b5815a977d6e5f41d0cb1cf8cb95798c471be75e8df15e
data/fake/500/IMG-20250717-WA0210.jpg,1,FAKE,500,.jpg,960,1280,RGB,a5c8af17b632256b2e2168e6c53036ad80da307a49e661c47e809f88ebdb8ecf
data/fake/500/IMG-20250717-WA0210_aug0.jpg,1,FAKE,500,.jpg,224,224,RGB,4d2960fdb23cb864088c79482f7b1b9c196d797ff9afdd5c8f6fc4206b10e322
data/fake/500/IMG-20250717-WA0210_aug2.jpg,1,FAKE,500,.jpg,224,224,RGB,2777aa2d30b13525d1fbe110bfad47533ac3da4f9e9989c0e891087af76559f8
data/fake/500/IMG-20250717-WA0211.jpg,1,FAKE,500,.jpg,927,1280,RGB,84a39417190f438bd381ba7a779c945bc2b9d60e4faae55506e8c0c47cf71c18
data/fake/500/IMG-20250717-WA0211_aug0.jpg,1,FAKE,500,.jpg,224,224,RGB,bca536d0dda69342aa4744174a70b1fee23db144182420a6ab56ef23946e9ec9
data/fake/500/IMG-20250717-WA0211_aug1.jpg,1,FAKE,500,.jpg,224,224,RGB,405e4c2378a5e19e9e5010ef2d1feff6e21cf68c78b28acd45b30bfd23061f96
data/fake/500/IMG-20250717-WA0212.jpg,1,FAKE,500,.jpg,960,1280,RGB,c1a6f1b4fdc973c7ab75dd72ed481b96c14fb59a49e14493bd03fd4074acadd6
data/fake/500/IMG-20250717-WA0212_aug2.jpg,1,FAKE,500,.jpg,224,224,RGB,c6b9207a91ab4c4f1e3179012d68c1ea77709a85caf6f025971a0fdde782fc2d
data/fake/500/IMG-20250717-WA0213.jpg,1,FAKE,500,.jpg,960,1280,RGB,e2e0b4cfad30507aff06880e4c30c1fb36929f30da74b8489612f855f29980ef
data/fake/500/IMG-20250717-WA0213_aug0.jpg,1,FAKE,500,.jpg,224,224,RGB,9db9d99dcb21e0d88709995dd6b9dfb9ef8df7831b308014fa472dfb66e42423
data/fake/500/IMG-20250717-WA0213_aug1.jpg,1,FAKE,500,.jpg,224,224,RGB,2b705cc2c1c0a80c2df7a4c41330cdaea6b7f77275a4f2dbfb23576cbfd6e26a
data/fake/500/IMG-20250717-WA0213_aug2.jpg,1,FAKE,500,.jpg,224,224,RGB,a1cad1644266aa8944961c8fcc46461054d1e2871d91ebf770489bb156923848
data/fake/500/IMG-20250717-WA0214.jpg,1,FAKE,500,.jpg,960,1280,RGB,519710e042c71ba4fa4fedc51f66e59eda326193826a01aa15d696b0526773c1
data/fake/500/IMG-20250717-WA0214_aug1.jpg,1,FAKE,500,.jpg,224,224,RGB,6e0119ff33821d57e5e1a40e2b4aa6402c5438e27fe9d9ba86022e10c66f4552
data/fake/500/IMG-20250717-WA0215.jpg,1,FAKE,500,.jpg,960,1280,RGB,208cd4dbd657ca65c62a48287e31ac4553917ec94c7b03b8acb6c46860ed6be4
data/fake/500/IMG-20250717-WA0215_aug0.jpg,1,FAKE,500,.jpg,224,224,RGB,d1bd40c0f4a1b4dc5711cb71d1602f1ac696b5753c07c8d995d1bd2194dea497
data/fake/500/IMG-20250717-WA0215_aug1.jpg,1,FAKE,500,.jpg,224,224,RGB,6e4ff7185023df28c09a94457317c024708af88d1ff1acbf6c10089c5ec18717
data/fake/500/IMG-20250717-WA0215_aug2.jpg,1,FAKE,500,.jpg,224,224,RGB,e5d047b783b3025939e9d0ebcc2a9d32d6d1e3805bc3d05873ed02742b89083c
data/fake/500/IMG-20250717-WA0216_aug0.jpg,1,FAKE,500,.jpg,224,224,RGB,26564d70db444ad8f497ad2dc23edf8f61fede884c2b2dd165fa8e18aecde090
data/fake/500/IMG-20250717-WA0218.jpg,1,FAKE,500,.jpg,960,1280,RGB,10fdf1bedda74e86c58bfa8324a4276b97f9a4f0867545203d16b51eb0514044
data/fake/500/IMG-20250717-WA0219.jpg,1,FAKE,500,.jpg,960,1280,RGB,88761bb60247d73177985313854bba8530a43fae1c2cdb88ca2d95dcc50173e4
data/fake/500/IMG-20250717-WA0219_aug0.jpg,1,FAKE,500,.jpg,224,224,RGB,e7d4aa952172ab312a8feea37ee919f4e4c7de0196e08a0e1130ab987c6e7e37
data/fake/500/IMG-20250717-WA0219_aug1.jpg,1,FAKE,500,.jpg,224,224,RGB,262d659dce5c8f4705866303943ca5f71cfc29a9ba84b34d246867f9918fd87d
data/fake/500/IMG-20250717-WA0219_aug2.jpg,1,FAKE,500,.jpg,224,224,RGB,3674329a0e2964a4b91fddfa88ec3e5d160a21656bff346465881a2bea309668
data/fake/500/IMG-20250717-WA0220.jpg,1,FAKE,500,.jpg,960,1280,RGB,b4d7c40fac8c1441ac8b6167bec4aa053bef5b4e460854f780bac926a4d466d2
data/fake/500/IMG-20250717-WA0220_aug0.jpg,1,FAKE,500,.jpg,224,224,RGB,eb21fd2cd194e5bd0e579b8518578f761cc6510420513a6aaf1186952647e659
data/fake/500/IMG-20250717-WA0220_aug2.jpg,1,FAKE,500,.jpg,224,224,RGB,a319aef1c92f54c950b58076d099e6342a329be13d42b001264c4308b892b122
data/fake/500/IMG-20250717-WA0221.jpg,1,FAKE,500,.jpg,960,1280,RGB,aa21ca4815fea3fa59a23f50b0370982d13256833afaf97c8194ac938e953c99
data/fake/500/IMG-20250717-WA0221_aug0.jpg,1,FAKE,500,.jpg,224,224,RGB,77bfb05fce47ad0a3ff13bed590f8e408ba7519db8bcca08e6fe893534ce561c
data/fake/500/IMG-20250717-WA0221_aug1.jpg,1,FAKE,500,.jpg,224,224,RGB,1db4207aabd69b84855c093341f98ffbf9fb36270e222eb33ee1b9ab8678a1a0
data/fake/500/IMG-20250717-WA0222.jpg,1,FAKE,500,.jpg,960,1280,RGB,2b2a3ff3f21d6c2ebfa914d6d65db2c246d160d67fd6e2c2a144c6bf534665aa
data/fake/500/IMG-20250717-WA0222_aug2.jpg,1,FAKE,500,.jpg,224,224,RGB,bd85966ed8ace85f4d92c9c88d4dd00010575e47dfe5f6ff64de4c3f1e5506c0
data/fake/500/IMG-20250717-WA0223_aug0.jpg,1,FAKE,500,.jpg,224,224,RGB,d03ff297b465c81524728a6b1b90b5c352f1a9314d274e6f94c1f5d80d80607b
data/fake/500/IMG-20250717-WA0223_aug1.jpg,1,FAKE,500,.jpg,224,224,RGB,d21bc7753708b43b8003192eeee208dfa7bf3ccd5896c3063eebf49c8e745d94
data/fake/500/IMG-20250717-WA0223_aug2.jpg,1,FAKE,500,.jpg,224,224,RGB,15c517591fcf300c7aad7b713fd96eaa0f1fb5ce7443eedca4e8bd60fd355e0c
data/fake/500/IMG-20250717-WA0224.jpg,1,FAKE,500,.jpg,960,1280,RGB,85478cb7ce2173e4fd20712a4b5ca794a76dc06580b12cd3ae253d01d865a88f
data/fake/500/IMG-20250717-WA0224_aug0.jpg,1,FAKE,500,.jpg,224,224,RGB,8024d61412957c8b618f886498b2648a25e472d3dd36fb08864016f09c693c01
data/fake/500/IMG-20250717-WA0225_aug0.jpg,1,FAKE,500,.jpg,224,224,RGB,fd8677b150c12d0df3262977638d2aa8b0f92bbc7e32a4cd878f52f60d5a7765
data/fake/500/IMG-20250717-WA0225_aug1.jpg,1,FAKE,500,.jpg,224,224,RGB,27be1b1e7e389f0727e0da25f80d2339f3a72ec5e080b81069fc457076426919
data/fake/500/IMG-20250717-WA0225_aug2.jpg,1,FAKE,500,.jpg,224,224,RGB,58d7da86cf7372f309e422e4b195c88df614abbf696c4b6bec0a6b998402ab1e
data/fake/500/IMG-20250717-WA0226.jpg,1,FAKE,500,.jpg,960,1280,RGB,c17df657f91d31ce44da127003e7aecdb156c56e5fcaf5440db2f090a893c62e
data/fake/500/IMG-20250717-WA0226_aug2.jpg,1,FAKE,500,.jpg,224,224,RGB,cdb9b3e0cd90418dd04759cab1332641e4d5eee0e6cfc0a3c7a907657e376feb
data/fake/500/IMG-20250717-WA0227.jpg,1,FAKE,500,.jpg,680,1280,RGB,2aac0661fbd6bd7d988910408ae0399cffd643c491cff4a4cba56485c4a53abc
data/fake/500/IMG-20250717-WA0228.jpg,1,FAKE,500,.jpg,960,1280,RGB,ea5a4f6f3e60e415c44053edbfa53f16fb2f0f212101bf54015980b354b71351
data/fake/500/IMG-20250717-WA0228_aug0.jpg,1,FAKE,500,.jpg,224,224,RGB,3fd245ea2a2e5e98b885644de4b56c603e6daca2dce94a7ed90d0131740a359c
data/fake/500/IMG-20250717-WA0228_aug1.jpg,1,FAKE,500,.jpg,224,224,RGB,c15700ba9f018e5844e2c8843d683d88437aca0cf456dd5281b8ef38073d0b43
data/fake/500/IMG-20250717-WA0228_aug2.jpg,1,FAKE,500,.jpg,224,224,RGB,84e3e7c9800b33de7d79fa393126b4478d42ba7b7e36e841fd8daeb19af13deb
data/fake/500/IMG-20250717-WA0229.jpg,1,FAKE,500,.jpg,960,1280,RGB,27b2e73054a439d04ee0da23ab7acb36b4aab763edffb6d69fa0cfd40d26f7cf
data/fake/500/IMG-20250717-WA0229_aug0.jpg,1,FAKE,500,.jpg,224,224,RGB,e146656c5857d3bfbd1f9aad8dcca0d25914470ef0f71f7a9d86db0f65ac2419
data/fake/500/IMG-20250717-WA0229_aug1.jpg,1,FAKE,500,.jpg,224,224,RGB,b8b5195430599a542f20a36b1995ab1c4e0705cda8c47682fcee81137414d113
data/fake/500/IMG-20250717-WA0230.jpg,1,FAKE,500,.jpg,960,1280,RGB,4b6cec7f74e7d4b63f07eb18aa2d4bd3b33ff81c43b2f21665e6af39076fe7ea
data/fake/500/IMG-20250717-WA0230_aug0.jpg,1,FAKE,500,.jpg,224,224,RGB,5af0ccfb587eba7ace95ded92b25f146e019ebc43d90709d89bc1c8e86f06e61
data/fake/500/IMG-20250717-WA0230_aug1.jpg,1,FAKE,500,.jpg,224,224,RGB,acd5874cd9fbdd62883f628f95c066772c89f3ec8df258f63ccbfd4cad34bc66
data/fake/500/IMG-20250717-WA0231_aug1.jpg,1,FAKE,500,.jpg,224,224,RGB,8d597d979836eebb4c8af6b3eed8412d3a4cebcc79f733e4163fc8290adb49c4
data/fake/500/IMG-20250717-WA0232_aug0.jpg,1,FAKE,500,.jpg,224,224,RGB,7a4ff6d0ed8eab22fecae7e06380fe400575d7c074009a54196469e3cebd93e9
data/fake/500/IMG-20250717-WA0233.jpg,1,FAKE,500,.jpg,960,1280,RGB,83791a9c1cfbf983300399e650d384748745552eee1fdafb431853a95bc4e736
data/fake/500/IMG-20250717-WA0233_aug0.jpg,1,FAKE,500,.jpg,224,224,RGB,f0b1fdf77a85674c7a1f4e0c69ccd8c3abf5c4fe8ef70aa724c81135563d94f8
data/fake/500/IMG-20250717-WA0233_aug1.jpg,1,FAKE,500,.jpg,224,224,RGB,ab19e363deadd82c9247cb02ce33094f74785ceff5c87c6f2b14f4f9e671d67c
data/fake/500/IMG-20250717-WA0234.jpg,1,FAKE,500,.jpg,960,1280,RGB,a61a5a2c23b6b0bbcb58268286b84f17050c6128cceb32f41155ec43f018a8d8
data/fake/500/IMG-20250717-WA0234_aug0.jpg,1,FAKE,500,.jpg,224,224,RGB,a04b13648c86a5bddc21250b3722208ee5485b4855311810ca3bf03eb81e3f1d
data/fake/500/IMG-20250717-WA0234_aug1.jpg,1,FAKE,500,.jpg,224,224,RGB,c66bce22ff01cf04d4072701746fde7181d70ba23e9edda2997355bde1fad48f
data/fake/500/IMG-20250717-WA0234_aug2.jpg,1,FAKE,500,.jpg,224,224,RGB,9c081935be6815b395b7d15a3f57f39a3b5f689c714b731913eea1e57d3cdc0a
data/fake/500/IMG-20250717-WA0235.jpg,1,FAKE,500,.jpg,960,1280,RGB,ce0bf94a18f400e349836b342387dfe15c1fae64a420f9c3eba3d2ca80db69f4
data/fake/500/IMG-20250717-WA0235_aug0.jpg,1,FAKE,500,.jpg,224,224,RGB,6d4a1b473b19663458464dda256cf265782f27bf721363aba9278bd05f54e12f
data/fake/500/IMG-20250717-WA0235_aug2.jpg,1,FAKE,500,.jpg,224,224,RGB,f1c3415eca438ba76eca758befb9e0144134ff92afefd89e29c78c1d08141895
data/fake/500/IMG-20250717-WA0236.jpg,1,FAKE,500,.jpg,960,1280,RGB,450311d5703a30a3e79a25428d2e92c72545d4be1ebcfb1f7ebe874e47cec546
data/fake/500/IMG-20250717-WA0236_aug0.jpg,1,FAKE,500,.jpg,224,224,RGB,4995bb3a9194e6db7c75757af8feb6563a9a0aecb262eb2a77631ee221f24046
data/fake/500/IMG-20250717-WA0237_aug1.jpg,1,FAKE,500,.jpg,224,224,RGB,39df1553f004d2275401cef51ed49eebd48910bd74a683b03682620a82a72a8d
data/fake/500/IMG-20250717-WA0237_aug2.jpg,1,FAKE,500,.jpg,224,224,RGB,9963d6dd5f8ec895eb636707f528e3036bf93791afd5f59619a6f677ab164fbe
data/fake/500/IMG-20250717-WA0238.jpg,1,FAKE,500,.jpg,960,1280,RGB,13ad5d328b7d9705036dfdd4fc40d6356707d03ba2fee455942ca4280a01e829
data/fake/500/IMG-20250717-WA0238_aug1.jpg,1,FAKE,500,.jpg,224,224,RGB,0ce0d64377d38bf4c1271c2a89e36e176a6086e1180e21b385e02df5dfa21e34
data/fake/500/IMG-20250717-WA0238_aug2.jpg,1,FAKE,500,.jpg,224,224,RGB,f2e6e13d66a02b9b29e2c1a0f096bdb8fe2e75b2c51035fb6620798df909a14a
data/fake/500/aug_1000_WhatsApp Image 2025-04-05 at 10.48.42.jpeg,1,FAKE,500,.jpeg,200,387,RGB,24880d59f299f61f0fe416e737c4b4d0d24f3e692c96577d4b0501e07b93a48e
data/fake/500/aug_1003_WhatsApp Image 2025-04-05 at 10.48.42.jpeg,1,FAKE,500,.jpeg,200,387,RGB,f629380edd24e3fe93e53e67addf5b00dc2ff2cc0e162fe879cff2399115462f
data/fake/500/aug_1005_WhatsApp Image 2025-04-05 at 10.48.42.jpeg,1,FAKE,500,.jpeg,100,100,RGB,78d2e41eb5995d6ade984ff5868f3c93500eb80f8d4760b877bbbbac9d3ab2a6
data/fake/500/aug_1007_WhatsApp Image 2025-04-05 at 10.48.42.jpeg,1,FAKE,500,.jpeg,200,387,RGB,1241262c06cc28bdc0db30410a1d197e697d69b520d539dc655cf7ab426da6e7
data/fake/500/aug_1008_WhatsApp Image 2025-04-05 at 10.48.42.jpeg,1,FAKE,500,.jpeg,200,387,RGB,8e352b5b3729a24722b7093892c918514bd61cc0e4792d200916aae744845e83
data/fake/500/aug_1009_WhatsApp Image 2025-04-05 at 10.48.42.jpeg,1,FAKE,500,.jpeg,100,100,RGB,f5c6e49d0c234206b615027e789e23a73d5283ff0adddbd47fd9a1e71ce30da3
data/fake/500/aug_100_WhatsApp Image 2025-04-05 at 10.48.35 (1).jpeg,1,FAKE,500,.jpeg,100,100,RGB,8756ab71a1b976109d92d94196cb33b5e3b43d8a3ad8e93ab2bbe612c892ed2a
data/fake/500/aug_1011_WhatsApp Image 2025-04-05 at 10.48.42.jpeg,1,FAKE,500,.jpeg,200,387,RGB,2112cb8b16a9f9302b2c847ad53aaeb3928e59ccd88d1108468f055807147ae6
data/fake/500/aug_1012_WhatsApp Image 2025-04-05 at 10.48.42.jpeg,1,FAKE,500,.jpeg,200,387,RGB,859e89bb48a4675e61e65d4bb2c324bd151ea0d40121de29879f3b06709405f5
data/fake/500/aug_1016_WhatsApp Image 2025-04-05 at 10.48.42.jpeg,1,FAKE,500,.jpeg,100,100,RGB,052f1946463338f30823e4bdf50fb89b9b3ab0035635e6a77a6ecb61a6292027
data/fake/500/aug_1017_WhatsApp Image 2025-04-05 at 10.48.42.jpeg,1,FAKE,500,.jpeg,100,100,RGB,5d3ca57791fcae51122796cee8ac37b4ea7fee332a36c980fd2f80aedc2a8536
data/fake/500/aug_1018_WhatsApp Image 2025-04-05 at 10.48.42.jpeg,1,FAKE,500,.jpeg,200,387,RGB,157d3a307f528e26bc0bf486c2ee06b69307e8f28b6c1994b33de4aa266769b2
data/fake/500/aug_1019_WhatsApp Image 2025-04-05 at 10.48.42.jpeg,1,FAKE,500,.jpeg,100,100,RGB,4ac11cb424efefffbce449aacf6cdafcf8b4e42a581a533b6557ed666eb920f4
data/fake/500/aug_101_WhatsApp Image 2025-04-05 at 10.48.35 (1).jpeg,1,FAKE,500,.jpeg,200,403,RGB,286a89e53f6da20bef96a8d8daadd679dc7fc08b6c7b959b9b7b03c0452ac726
data/fake/500/aug_1020_WhatsApp Image 2025-04-05 at 10.48.42.jpeg,1,FAKE,500,.jpeg,100,100,RGB,838e9a5909f597aacb2758ef5e45f86223676dfc74e4c9b46bcacad33f01a157
data/fake/500/aug_1021_WhatsApp Image 2025-04-05 at 10.48.42.jpeg,1,FAKE,500,.jpeg,200,387,RGB,9771f58c6c5fed8075c3d5684897b1c954710d8b199c099fdee7a63b3db4a285
data/fake/500/aug_1022_WhatsApp Image 2025-04-05 at 10.48.42.jpeg,1,FAKE,500,.jpeg,200,387,RGB,4c1698225789bccc283142fd6e1a0ae25c0edf2506a16b65666fe42d26722785
data/fake/500/aug_1023_WhatsApp Image 2025-04-05 at 10.48.42.jpeg,1,FAKE,500,.jpeg,200,387,RGB,2112cb8b16a9f9302b2c847ad53aaeb3928e59ccd88d1108468f055807147ae6
data/fake/500/aug_1024_WhatsApp Image 2025-04-05 at 10.48.42.jpeg,1,FAKE,500,.jpeg,100,100,RGB,1ff6a924e083edbdb940544864388b94b04e353524c8e53124441649fc8d9981
data/fake/500/aug_102_WhatsApp Image 2025-04-05 at 10.48.35 (1).jpeg,1,FAKE,500,.jpeg,100,100,RGB,5d37fa32723e7327c18cb0bb9b050a8b0315eaf2b2010a8d54a2a23012fdf9e9
data/fake/500/aug_103_WhatsApp Image 2025-04-05 at 10.48.35 (1).jpeg,1,FAKE,500,.jpeg,100,100,RGB,6c7a57ddfd2681d3711f74fe1fdf99d82b7358489949d6b26ee5802c7b77da59
data/fake/500/aug_104_WhatsApp Image 2025-04-05 at 10.48.35 (1).jpeg,1,FAKE,500,.jpeg,200,403,RGB,fe11cf248b1294aa95b745602422ef74a051b6c191971586d759e78114baa393
data/fake/500/aug_105_WhatsApp Image 2025-04-05 at 10.48.35 (1).jpeg,1,FAKE,500,.jpeg,100,100,RGB,505648bbbc56cb3788c7ed7bb12bb6f165ec928e1c0e9ca237ef599f49d05249
data/fake/500/aug_106_WhatsApp Image 2025-04-05 at 10.48.35 (1).jpeg,1,FAKE,500,.jpeg,200,403,RGB,ea38055c45491a9128ae99396d89dfb4b15e8bb1f4023bbeb848f356454ffa06
data/fake/500/aug_107_WhatsApp Image 2025-04-05 at 10.48.35 (1).jpeg,1,FAKE,500,.jpeg,100,100,RGB,395237678b4e491980f937273d1a1b509ee01d7b72456c4356bf3d066aa07db1
data/fake/500/aug_108_WhatsApp Image 2025-04-05 at 10.48.35 (1).jpeg,1,FAKE,500,.jpeg,100,100,RGB,0eac1d689d5d02d7d7684d0138afe0032269be34bd166be2785a12ccb16581c1
data/fake/500/aug_110_WhatsApp Image 2025-04-05 at 10.48.35 (1).jpeg,1,FAKE,500,.jpeg,200,403,RGB,a3d2aef8bd6325eee589cdf578848506595672f20bc7ba2c6d41d977351e7e27
data/fake/500/aug_113_WhatsApp Image 2025-04-05 at 10.48.35 (1).jpeg,1,FAKE,500,.jpeg,200,403,RGB,b1e6346c4ca71c4e814813c40a01cc516fa3157cb20e7e0ecd15a85e08eb1996
data/fake/500/aug_114_WhatsApp Image 2025-04-05 at 10.48.35 (1).jpeg,1,FAKE,500,.jpeg,200,403,RGB,ad46f1f08d76f41bb8efc574a8dcf8d5ad5554a5560a23ece673c38eae6bb321
data/fake/500/aug_115_WhatsApp Image 2025-04-05 at 10.48.35 (1).jpeg,1,FAKE,500,.jpeg,100,100,RGB,00a2bc5e7b2045ed1fcf143b0affd2ed6048f8d0e9ea3d7f461296aaca9492ec
data/fake/500/aug_116_WhatsApp Image 2025-04-05 at 10.48.35 (1).jpeg,1,FAKE,500,.jpeg,200,403,RGB,887cd926f794f3c6b32048453f50a3256b94adfd0fa66f7c89f49b1ba962c0f3
data/fake/500/aug_117_WhatsApp Image 2025-04-05 at 10.48.35 (1).jpeg,1,FAKE,500,.jpeg,100,100,RGB,ad4db5e5c82c3072266673e7c12d5bafea3b1f55f16c47a5b7830c62f16ddabe
data/fake/500/aug_118_WhatsApp Image 2025-04-05 at 10.48.35 (1).jpeg,1,FAKE,500,.jpeg,200,403,RGB,c072a3c0a31c1fcc902bc499e4f8823d64ca95bd1eeb334e9541c082d285e30c
data/fake/500/aug_119_WhatsApp Image 2025-04-05 at 10.48.35 (1).jpeg,1,FAKE,500,.jpeg,100,100,RGB,f20d54f405ade6d8c3936f9409769008c899c2c3e268c1c53505f3abd12c71b9
data/fake/500/aug_120_WhatsApp Image 2025-04-05 at 10.48.35 (1).jpeg,1,FAKE,500,.jpeg,200,403,RGB,046d333f56f70b0bcad81f882cec647aa21b7e0f7043cd3243c6ee846dbbdfc2
data/fake/500/aug_121_WhatsApp Image 2025-04-05 at 10.48.35 (1).jpeg,1,FAKE,500,.jpeg,200,403,RGB,4c2a62c3e837f71562db00833d3050efb7ea23952f7d57be6f7a729c571d99a3
data/fake/500/aug_122_WhatsApp Image 2025-04-05 at 10.48.35 (1).jpeg,1,FAKE,500,.jpeg,200,403,RGB,5420dc60d05a77119cf44996a285fa2a8543affaaf6d5313d7b6048974baff5d
data/fake/500/aug_123_WhatsApp Image 2025-04-05 at 10.48.35 (1).jpeg,1,FAKE,500,.jpeg,200,403,RGB,f8d1106c52e567e0c66c33b0b7871d5e6ae01e8324d871aa61364a5f0c306d09
data/fake/500/aug_1249_WhatsApp Image 2025-04-05 at 10.59.17 (1).jpeg,1,FAKE,500,.jpeg,100,100,RGB,4473f462df4d86f5b93146c424226e110ac73ad1098e48ddb78b9b6d55ec1066
data/fake/500/aug_1252_WhatsApp Image 2025-04-05 at 10.59.16 (1).jpeg,1,FAKE,500,.jpeg,100,100,RGB,7b3191c40578dc96d6b46940eac1fc37d224392dc1c77043dbead1644b31597a
data/fake/500/aug_1254_WhatsApp Image 2025-04-05 at 10.59.16 (1).jpeg,1,FAKE,500,.jpeg,100,100,RGB,f4a4961f1cabababaf91629114996c04b69bfca6d685a21e45545b64d663ac28
data/fake/500/aug_1255_WhatsApp Image 2025-04-05 at 10.59.16 (1).jpeg,1,FAKE,500,.jpeg,100,100,RGB,ba3d483b9c0860aa3471bccfc5589e77790429efd0b7f896f0a75c8f00a5dd00
data/fake/500/aug_1256_WhatsApp Image 2025-04-05 at 10.59.16 (1).jpeg,1,FAKE,500,.jpeg,100,100,RGB,07f619142eda1034ed03f704b76d4c23d620b621582034da88707b1917ba33c5
data/fake/500/aug_1257_WhatsApp Image 2025-04-05 at 10.59.16 (1).jpeg,1,FAKE,500,.jpeg,200,406,RGB,3d58944ba685fa622c39a80200976ce6a840949d2f682d2309814c0b9cd8f0cc
data/fake/500/aug_1260_WhatsApp Image 2025-04-05 at 10.59.16 (1).jpeg,1,FAKE,500,.jpeg,100,100,RGB,e531fd8a6c07af5056cca06bc9e2f83b91514fc311747dcec7313c6c7accd84b
data/fake/500/aug_1261_WhatsApp Image 2025-04-05 at 10.59.16 (1).jpeg,1,FAKE,500,.jpeg,200,406,RGB,e42ddfec24b598fbbba66f8f114fdcc1707dc952c82d0135f5ce8676421508c6
data/fake/500/aug_1262_WhatsApp Image 2025-04-05 at 10.59.16 (1).jpeg,1,FAKE,500,.jpeg,100,100,RGB,a0dd7ba3e6dd62396f1a69d28651e5a153b1ed06ae03698afc4e0b75eafe0ad2
data/fake/500/aug_1266_WhatsApp Image 2025-04-05 at 10.59.16 (1).jpeg,1,FAKE,500,.jpeg,200,406,RGB,cf2ba6b9fc1b550880a87327740ddb6561a4908fe4e7a422c4729263634b3470
data/fake/500/aug_1267_WhatsApp Image 2025-04-05 at 10.59.16 (1).jpeg,1,FAKE,500,.jpeg,200,406,RGB,993ce0b9d2b5b24f45146e120cfca8bf86096959b6b7adb813ba4aee22c0111a
data/fake/500/aug_1268_WhatsApp Image 2025-04-05 at 10.59.16 (1).jpeg,1,FAKE,500,.jpeg,200,406,RGB,a660aebb82d6a55038f68de641af48037ff68a401199e8aed52816f7d5dc647f
data/fake/500/aug_1270_WhatsApp Image 2025-04-05 at 10.59.16 (1).jpeg,1,FAKE,500,.jpeg,200,406,RGB,428cf0a88769a187b8c140930d254e0615023ac7efca0962f4d8b4e1ad3cf034
data/fake/500/aug_1271_WhatsApp Image 2025-04-05 at 10.59.16 (1).jpeg,1,FAKE,500,.jpeg,200,406,RGB,a08bbd5326fb2c3f06ae38cf9d06a36fce2a119a6e96f1a94d1e17ae52c5ed83
data/fake/500/aug_1272_WhatsApp Image 2025-04-05 at 10.59.16 (1).jpeg,1,FAKE,500,.jpeg,200,406,RGB,28c4d91f068b6b1ed0526e50d91aeff380f7c7f7aa289412d3c148731dba4336
data/fake/500/aug_1273_WhatsApp Image 2025-04-05 at 10.59.16 (1).jpeg,1,FAKE,500,.jpeg,100,100,RGB,ce080d7bf8a7b78a8406a4feade41abe7fe3e22e0cf7899b3893c0ad09f210bc
data/fake/500/aug_1274_WhatsApp Image 2025-04-05 at 10.59.16 (1).jpeg,1,FAKE,500,.jpeg,200,406,RGB,44eca87e2bd8a135eeb2d0b5c431a9afb204a5d88a331464d550fe5b4ac27547
data/fake/500/aug_1326_WhatsApp Image 2025-04-05 at 10.55.41.jpeg,1,FAKE,500,.jpeg,100,100,RGB,774ae91f4808bb59517d0e5de7335f16314d3f5fa4336b02a20d551f86746c7e
data/fake/500/aug_1327_WhatsApp Image 2025-04-05 at 10.55.41.jpeg,1,FAKE,500,.jpeg,100,100,RGB,d9d66267b35ffcd8dd2ea64fc7bdc57e3b48b540a5d9bee0ade7578635722cb4
data/fake/500/aug_1328_WhatsApp Image 2025-04-05 at 10.55.41.jpeg,1,FAKE,500,.jpeg,200,395,RGB,867908fc5e9a3854ad6af55e56d5c70cc551589a7c35000f81d12f531e791a35
data/fake/500/aug_1331_WhatsApp Image 2025-04-05 at 10.55.41.jpeg,1,FAKE,500,.jpeg,200,395,RGB,1f3a2b8105559fdfcf5dac3f04a810501df0d86a4df8722d147a749f362bb686
data/fake/500/aug_1332_WhatsApp Image 2025-04-05 at 10.55.41.jpeg,1,FAKE,500,.jpeg,200,395,RGB,78854796d77fc857a52fc56cb280e08adf1649ec34a4cb53cb7a2207780f6105
data/fake/500/aug_1333_WhatsApp Image 2025-04-05 at 10.55.41.jpeg,1,FAKE,500,.jpeg,100,100,RGB,b6ee8a99800968576b28a5a9280a287346115daaad91be2101cd49e7b05f8aae
data/fake/500/aug_1334_WhatsApp Image 2025-04-05 at 10.55.41.jpeg,1,FAKE,500,.jpeg,100,100,RGB,8d1956a9e5f8a6e9f5106d526c3c6e7819695e1d8be50c48f8d2a45dc0ad1297
data/fake/500/aug_1335_WhatsApp Image 2025-04-05 at 10.55.41.jpeg,1,FAKE,500,.jpeg,200,395,RGB,545e83df899528a678b2b36b330cb018cce226d266f4a397443d7adc9df67215
data/fake/500/aug_1336_WhatsApp Image 2025-04-05 at 10.55.41.jpeg,1,FAKE,500,.jpeg,100,100,RGB,488f94ce7a521b20348a02440189a9d565a4834aa98d7ffb4edc696aaa288b3b
data/fake/500/aug_1337_WhatsApp Image 2025-04-05 at 10.55.41.jpeg,1,FAKE,500,.jpeg,200,395,RGB,0754c3bc061ffc111bffe1f0be634dc5d27d18d70a9f1aeeaccb78b684ca1973
data/fake/500/aug_1340_WhatsApp Image 2025-04-05 at 10.55.41.jpeg,1,FAKE,500,.jpeg,200,395,RGB,fca76fd851d8ed51ade30f22708b082699931500b333e6322a25f5a2a7e3816f
data/fake/500/aug_1344_WhatsApp Image 2025-04-05 at 10.55.41.jpeg,1,FAKE,500,.jpeg,100,100,RGB,b4ee8de51d6c4679ab91821aa3634eb057168dc442fe359d38f30f9bd2bddda5
data/fake/500/aug_1345_WhatsApp Image 2025-04-05 at 10.55.41.jpeg,1,FAKE,500,.jpeg,200,395,RGB,1c87ba00d6a1ab106748c8a22ebefdb04dafdd2995a4aaf95e345c537341ce70
data/fake/500/aug_1349_WhatsApp Image 2025-04-05 at 10.55.41.jpeg,1,FAKE,500,.jpeg,100,100,RGB,2e29779ceec8abf0c7f61cdcd1c48ea5bcbdb06cae51d9975786002f898b846c
data/fake/500/aug_1675_WhatsApp Image 2025-04-05 at 10.48.33.jpeg,1,FAKE,500,.jpeg,100,100,RGB,d8ddf8facded873d94f5e765555f8b9097fcb028e2d70578ddb12df04cbd4a4d
data/fake/500/aug_1676_WhatsApp Image 2025-04-05 at 10.48.33.jpeg,1,FAKE,500,.jpeg,100,100,RGB,51a1a79b700302b905f0113dac966551ed5e6a7abcd2363833fee9bf63f82436
data/fake/500/aug_1679_WhatsApp Image 2025-04-05 at 10.48.33.jpeg,1,FAKE,500,.jpeg,433,200,RGB,1c1c310a07d3f76840fc9df022d271f06dce61bd842b1f7d42ff8c46c031062d
data/fake/500/aug_1680_WhatsApp Image 2025-04-05 at 10.48.33.jpeg,1,FAKE,500,.jpeg,100,100,RGB,b0d317a7c52af301d7b5737fc10cdbe2df1063845a983dd7f901772c5041c30e
data/fake/500/aug_1681_WhatsApp Image 2025-04-05 at 10.48.33.jpeg,1,FAKE,500,.jpeg,100,100,RGB,158c4cc2aad3c452a9b76363304b716fbde9d6e72b224890a270834a70f80956
data/fake/500/aug_1683_WhatsApp Image 2025-04-05 at 10.48.33.jpeg,1,FAKE,500,.jpeg,433,200,RGB,29e13b91fcef895577fffc6137db06f752191a752f1879301a48c6213b4ca832
data/fake/500/aug_1685_WhatsApp Image 2025-04-05 at 10.48.33.jpeg,1,FAKE,500,.jpeg,433,200,RGB,2f7f0dac7a8aaae3ac5ab2b8bc4e4a5246bdd2891b7b3b5ec1fe6895dfe03067
data/fake/500/aug_1686_WhatsApp Image 2025-04-05 at 10.48.33.jpeg,1,FAKE,500,.jpeg,433,200,RGB,a0103d5b9accf8d8a9a3fa567dcd14a45c0577054c1eb2f49776c104de9501eb
data/fake/500/aug_1687_WhatsApp Image 2025-04-05 at 10.48.33.jpeg,1,FAKE,500,.jpeg,433,200,RGB,53e64e65c4be7ac9c2cfba36449b65378dbc662deff65f3c21b0d450df026ac8
data/fake/500/aug_1688_WhatsApp Image 2025-04-05 at 10.48.33.jpeg,1,FAKE,500,.jpeg,100,100,RGB,52fdb58a5678ded1098572088a79a657e96003945cf6ea29d42f1ccc0d808453
data/fake/500/aug_1690_WhatsApp Image 2025-04-05 at 10.48.33.jpeg,1,FAKE,500,.jpeg,433,200,RGB,a941cbccd34b7a80562e482dedfd290989fe4fdd768b7aaed8b09d448c15a5f6
data/fake/500/aug_1692_WhatsApp Image 2025-04-05 at 10.48.33.jpeg,1,FAKE,500,.jpeg,100,100,RGB,c636ccb4de9eb0bbee179b553ff8140beb1c70fc66f9676ff3afda9f409a61ad
data/fake/500/aug_1693_WhatsApp Image 2025-04-05 at 10.48.33.jpeg,1,FAKE,500,.jpeg,433,200,RGB,4ed09e7abe5aa2633830fe47598d18b565b5951087f12377ffff65a501980873
data/fake/500/aug_1694_WhatsApp Image 2025-04-05 at 10.48.33.jpeg,1,FAKE,500,.jpeg,100,100,RGB,6186cdfbc0821ade21f0fd5a58ef0f258b1c7ec946c3b5a25296a71ac6082ba2
data/fake/500/aug_1695_WhatsApp Image 2025-04-05 at 10.48.33.jpeg,1,FAKE,500,.jpeg,100,100,RGB,93760881489d4dba4b98f68e8e110a3bc74ba102d0da41b07edb8a3db141168c
data/fake/500/aug_1696_WhatsApp Image 2025-04-05 at 10.48.33.jpeg,1,FAKE,500,.jpeg,433,200,RGB,8011cdbe53ed149e27428d3f3b97bb45ed76cf6e1f8467c8919f4074f5236d2f
data/fake/500/aug_1698_WhatsApp Image 2025-04-05 at 10.48.33.jpeg,1,FAKE,500,.jpeg,100,100,RGB,25088d081d1982b695ca630b0282c216e5a39a239bda763a5e95aca6b532b03f
data/fake/500/aug_1699_WhatsApp Image 2025-04-05 at 10.48.33.jpeg,1,FAKE,500,.jpeg,433,200,RGB,52332b12bf53990da2d228c14d112f72b82324d4bb7f6002dacdbe01ebdefed2
data/fake/500/aug_1850_WhatsApp Image 2025-04-05 at 10.48.45.jpeg,1,FAKE,500,.jpeg,100,100,RGB,b16127d75108b49d9732f874b71a90120e7ae5b14bd0ac5629b95111dfd272b8
data/fake/500/aug_1853_WhatsApp Image 2025-04-05 at 10.48.45.jpeg,1,FAKE,500,.jpeg,200,406,RGB,6c4557f301672bb4b3e999d55c8c8b9047b8cf7752546d255f87b85b4eaf7882
data/fake/500/aug_1854_WhatsApp Image 2025-04-05 at 10.48.45.jpeg,1,FAKE,500,.jpeg,200,406,RGB,c647f854725f81169d25a04e412e2225ae260fd274ea72a1f015facdccf14749
data/fake/500/aug_1857_WhatsApp Image 2025-04-05 at 10.48.45.jpeg,1,FAKE,500,.jpeg,200,406,RGB,cb1311d9c4bb5bd18371e24cc1c37aed405bb92b905123209f01b9003bd0e7f5
data/fake/500/aug_1860_WhatsApp Image 2025-04-05 at 10.48.45.jpeg,1,FAKE,500,.jpeg,200,406,RGB,390dfc5d63d12622b3c35c4f12aca0fade79a0a5e784be749367556937910d4d
data/fake/500/aug_1861_WhatsApp Image 2025-04-05 at 10.48.45.jpeg,1,FAKE,500,.jpeg,200,406,RGB,3030a8b4c1a8757638b097ada96675875bff694338c2e83bd963050119315d78
data/fake/500/aug_1862_WhatsApp Image 2025-04-05 at 10.48.45.jpeg,1,FAKE,500,.jpeg,200,406,RGB,f9057dd0447fc78ddbdef0e7b95397356b112d2c2c49f6093d8601148963b001
data/fake/500/aug_1863_WhatsApp Image 2025-04-05 at 10.48.45.jpeg,1,FAKE,500,.jpeg,200,406,RGB,e08f318c52905f794dfdda8af2a238af0f3c37b34b4301ff2038811a7e689a7b
data/fake/500/aug_1864_WhatsApp Image 2025-04-05 at 10.48.45.jpeg,1,FAKE,500,.jpeg,100,100,RGB,b9256502322d6cabcbf31517ac4d6c490c2692d600399a020b7b7262483b828b
data/fake/500/aug_1865_WhatsApp Image 2025-04-05 at 10.48.45.jpeg,1,FAKE,500,.jpeg,100,100,RGB,2f690bb8b0c3ed21162d5026492ded26a96dd5ee15383dcce3039feb67bb0e3e
data/fake/500/aug_1866_WhatsApp Image 2025-04-05 at 10.48.45.jpeg,1,FAKE,500,.jpeg,100,100,RGB,4c8e9a6acf06f3f09d493ea4f75fd929d5f793ef45f8e67236116f4b2e010203
data/fake/500/aug_1867_WhatsApp Image 2025-04-05 at 10.48.45.jpeg,1,FAKE,500,.jpeg,200,406,RGB,08b0a8940156015f689a76002e7aea600389e76368586c6bfe00017016446ea3
data/fake/500/aug_1868_WhatsApp Image 2025-04-05 at 10.48.45.jpeg,1,FAKE,500,.jpeg,100,100,RGB,66f8c219e8fd847d5d9318965969dc68c2118950b8673edf46994ebd7386f325
data/fake/500/aug_1869_WhatsApp Image 2025-04-05 at 10.48.45.jpeg,1,FAKE,500,.jpeg,200,406,RGB,5769560f6242c462e879ced76093f4634f581ec713ebcca0d004b29559e17d38
data/fake/500/aug_1871_WhatsApp Image 2025-04-05 at 10.48.45.jpeg,1,FAKE,500,.jpeg,100,100,RGB,f734805bb4ecfd316548f58b25ba9177403f368917f75837c78df4f141c682d5
data/fake/500/aug_1873_WhatsApp Image 2025-04-05 at 10.48.45.jpeg,1,FAKE,500,.jpeg,200,406,RGB,ff49871c151132c6036ce3ff4d0f42442866f02629cbce28cacd2d999083443c
data/fake/500/aug_1874_WhatsApp Image 2025-04-05 at 10.48.45.jpeg,1,FAKE,500,.jpeg,200,406,RGB,c7fb2389cc86ebc9b111b6b2806f5363e1705438f56747da6f2257d2822e6dd2
data/fake/500/aug_1875_WhatsApp Image 2025-04-05 at 10.48.32.jpeg,1,FAKE,500,.jpeg,423,200,RGB,350023f756ac85dcda1fceda6762a2cd7fdfd33c5fbddca45561a017ad97022b
data/fake/500/aug_1876_WhatsApp Image 2025-04-05 at 10.48.32.jpeg,1,FAKE,500,.jpeg,423,200,RGB,33146da69847ea175a0e8aaaff35adb35945ab112299760b03995d7746bf23d3
data/fake/500/aug_1878_WhatsApp Image 2025-04-05 at 10.48.32.jpeg,1,FAKE,500,.jpeg,423,200,RGB,d6067312269dd65b63a6674bf04e4b153da690297017246dd10f864c9ded9c8e
data/fake/500/aug_1879_WhatsApp Image 2025-04-05 at 10.48.32.jpeg,1,FAKE,500,.jpeg,100,100,RGB,9af594d55888b3a61fcab633e85e3ec5eb53fc2d3b2314867b651ede5789c581
data/fake/500/aug_1881_WhatsApp Image 2025-04-05 at 10.48.32.jpeg,1,FAKE,500,.jpeg,100,100,RGB,cd77117f57aee7641deb953229917be9bf5a4f0ad9d05a627ef9f08b308c4ff3
data/fake/500/aug_1882_WhatsApp Image 2025-04-05 at 10.48.32.jpeg,1,FAKE,500,.jpeg,423,200,RGB,00dc72d81c5d171fe804d42cc4a2fa46cb3796a4bbda3fe25a1a8170b180562c
data/fake/500/aug_1883_WhatsApp Image 2025-04-05 at 10.48.32.jpeg,1,FAKE,500,.jpeg,100,100,RGB,3b995aa71ffb4c8b7f2d43ef871a75a5d8465602334884a00f1f931ad96e7a06
data/fake/500/aug_1884_WhatsApp Image 2025-04-05 at 10.48.32.jpeg,1,FAKE,500,.jpeg,423,200,RGB,fc878f61482671b6575254504c0c596fe72708252f67055715c0026ff6f2558b
data/fake/500/aug_1885_WhatsApp Image 2025-04-05 at 10.48.32.jpeg,1,FAKE,500,.jpeg,423,200,RGB,c243729fc6e4ce274b2877290f65c78bf20a57f6c4f464ef670ace522273e29f
data/fake/500/aug_1886_WhatsApp Image 2025-04-05 at 10.48.32.jpeg,1,FAKE,500,.jpeg,100,100,RGB,27aad62a0c115d28535722b348cf35fb621db4ba036446f98d1a165cc07139c7
data/fake/500/aug_1887_WhatsApp Image 2025-04-05 at 10.48.32.jpeg,1,FAKE,500,.jpeg,100,100,RGB,2b1fa2e8648ff020d48e8800ba3828056685081075d913d254210856ae5495d3
data/fake/500/aug_1888_WhatsApp Image 2025-04-05 at 10.48.32.jpeg,1,FAKE,500,.jpeg,423,200,RGB,a1f7303b3a20ec8e514dc07731274db138659f6aaab7fa6cce3f7ff85a00b701
data/fake/500/aug_1889_WhatsApp Image 2025-04-05 at 10.48.32.jpeg,1,FAKE,500,.jpeg,100,100,RGB,4adad789f8332cae9371eb934fa80398c7ccf5b59a07a7df1d2ae7f7921b2f1a
data/fake/500/aug_1890_WhatsApp Image 2025-04-05 at 10.48.32.jpeg,1,FAKE,500,.jpeg,100,100,RGB,f2ffe50a4f4e88b12ab6244f6b4c9b1eff006aa830a32ca629684973c85b9fce
data/fake/500/aug_1891_WhatsApp Image 2025-04-05 at 10.48.32.jpeg,1,FAKE,500,.jpeg,100,100,RGB,216d44021122d308a5ae602e3c466e7d50b1336a23a3a10667e677686b6b33ad
data/fake/500/aug_1893_WhatsApp Image 2025-04-05 at 10.48.32.jpeg,1,FAKE,500,.jpeg,423,200,RGB,927b8a578d0e56090c5fa90b4b3afbcba6d695d0297bc367e7b4919677b83b00
data/fake/500/aug_1894_WhatsApp Image 2025-04-05 at 10.48.32.jpeg,1,FAKE,500,.jpeg,100,100,RGB,f774125167ab291a96480be3aecdd4b30f0963a975e4589a6510f5529b825c42
data/fake/500/aug_1895_WhatsApp Image 2025-04-05 at 10.48.32.jpeg,1,FAKE,500,.jpeg,100,100,RGB,54b3ae785c481d4a3b2931f93791acb362c12c1ff8398b3de018d22d584eae6b
data/fake/500/aug_1897_WhatsApp Image 2025-04-05 at 10.48.32.jpeg,1,FAKE,500,.jpeg,423,200,RGB,980de5cd56d53643d226d3cb3c3d8a11ec0567d644a3a87e79ca09dd88052225
data/fake/500/aug_1898_WhatsApp Image 2025-04-05 at 10.48.32.jpeg,1,FAKE,500,.jpeg,100,100,RGB,b2546a4786715cfb86a5b2c93e041789228f097da6c701b0c2c9e9fdecc9b58e
data/fake/500/aug_1899_WhatsApp Image 2025-04-05 at 10.48.32.jpeg,1,FAKE,500,.jpeg,100,100,RGB,c75fa2f88f0d7692979b7c0904062ca5b48a3a3920bb8c608b005478a0556b3c
data/fake/500/aug_275_WhatsApp Image 2025-04-05 at 10.48.46.jpeg,1,FAKE,500,.jpeg,200,395,RGB,d697bb3138e4b6c152ebc14de1ea6c846c02315600ad0a3ae2b2a25b9cc0fea4
data/fake/500/aug_276_WhatsApp Image 2025-04-05 at 10.48.46.jpeg,1,FAKE,500,.jpeg,200,395,RGB,1e5ecade5b17c0c987fdc522a5e7134d786327386a66ac6ccfe7f928b86681f5
data/fake/500/aug_277_WhatsApp Image 2025-04-05 at 10.48.46.jpeg,1,FAKE,500,.jpeg,200,395,RGB,bef0982bd2a0217013599d0483db647195d44956325132ebefb4f0391a4f9a1a
data/fake/500/aug_278_WhatsApp Image 2025-04-05 at 10.48.46.jpeg,1,FAKE,500,.jpeg,200,395,RGB,199e928bd1b5618b4f8de58d3705b7fdf9b7448600e232011353d6f82000fa0d
data/fake/500/aug_280_WhatsApp Image 2025-04-05 at 10.48.46.jpeg,1,FAKE,500,.jpeg,100,100,RGB,bed6a0c7e6f1b39bed72fe56e48683b9408e5c6873bcfee9850c88221c26b325
data/fake/500/aug_282_WhatsApp Image 2025-04-05 at 10.48.46.jpeg,1,FAKE,500,.jpeg,100,100,RGB,bff9104fa652f4cb80a65c74e8028d37bc16ba8f00cc267df050f4adb579221b
data/fake/500/aug_283_WhatsApp Image 2025-04-05 at 10.48.46.jpeg,1,FAKE,500,.jpeg,100,100,RGB,0c91ff81dc9ea1010afc3c7c1e16cf2d16a0b49be7ae88491ee1341f04101d83
data/fake/500/aug_284_WhatsApp Image 2025-04-05 at 10.48.46.jpeg,1,FAKE,500,.jpeg,200,395,RGB,1a92ba096c3db338233d3d3340160a51076f93fa5aed611629eb34db00c07ebc
data/fake/500/aug_285_WhatsApp Image 2025-04-05 at 10.48.46.jpeg,1,FAKE,500,.jpeg,100,100,RGB,91282839ea695602830dafbf16a86a5855caf5eb55e666ea064eb9f5a333c1a2
data/fake/500/aug_286_WhatsApp Image 2025-04-05 at 10.48.46.jpeg,1,FAKE,500,.jpeg,200,395,RGB,573f8251f9ea9b02679ba8a218b8a1150aa6de00337ad4d58757f9de8ea3b164
data/fake/500/aug_288_WhatsApp Image 2025-04-05 at 10.48.46.jpeg,1,FAKE,500,.jpeg,200,395,RGB,6e3d26dbca05d19893b297d9662c99a271be6a141903b079d6ad477d2ecd16e2
data/fake/500/aug_289_WhatsApp Image 2025-04-05 at 10.48.46.jpeg,1,FAKE,500,.jpeg,200,395,RGB,8915d1bfdea8cfc6615ea6a2c38c46c5cbbab77c96325339d22ab762e949fae5
data/fake/500/aug_291_WhatsApp Image 2025-04-05 at 10.48.46.jpeg,1,FAKE,500,.jpeg,200,395,RGB,d6543d82590bb7b91b1e2a2a4bcfb07f2772747e9a560f256c051430b4024b65
data/fake/500/aug_295_WhatsApp Image 2025-04-05 at 10.48.46.jpeg,1,FAKE,500,.jpeg,200,395,RGB,6db31f7630705a0f701a605a8cc4d6b4312cc94cb8759c386fcb0edf97d5c8b3
data/fake/500/aug_297_WhatsApp Image 2025-04-05 at 10.48.46.jpeg,1,FAKE,500,.jpeg,200,395,RGB,8f51af79c204d6e0df11d5bc08e65e5181b09c665b4304aac3fc91d0d5af6056
data/fake/500/aug_298_WhatsApp Image 2025-04-05 at 10.48.46.jpeg,1,FAKE,500,.jpeg,100,100,RGB,25f13a6ff51aae9704785dce613c3926256b9756bbfc93b4833de69f75a56b7e
data/fake/500/aug_327_WhatsApp Image 2025-04-05 at 10.55.49.jpeg,1,FAKE,500,.jpeg,200,425,RGB,7c5927d36a044da6ac3ff4ea22acb756e8e3a0a1e77b6ac252c100fcea5ed7d8
data/fake/500/aug_330_WhatsApp Image 2025-04-05 at 10.55.49.jpeg,1,FAKE,500,.jpeg,100,100,RGB,f34d35284d5a97db322a632eecfaaf76d0e27af80fd448565f9b41ca4fff4671
data/fake/500/aug_332_WhatsApp Image 2025-04-05 at 10.55.49.jpeg,1,FAKE,500,.jpeg,100,100,RGB,6297421a10a8ae30c616b02d1fba93f0eea27dff3308fb6fdbe7ab0546ad492a
data/fake/500/aug_333_WhatsApp Image 2025-04-05 at 10.55.49.jpeg,1,FAKE,500,.jpeg,200,425,RGB,c24214c449e281638d6210fcbafe587327f4f3ffeb6520e7e09776768ed9c8ab
data/fake/500/aug_334_WhatsApp Image 2025-04-05 at 10.55.49.jpeg,1,FAKE,500,.jpeg,100,100,RGB,448581a95f1a2e2badbb56fd03ea5873589f42c5fd3effa54d187055b92bf67d
data/fake/500/aug_335_WhatsApp Image 2025-04-05 at 10.55.49.jpeg,1,FAKE,500,.jpeg,200,425,RGB,fa4576746aac5e644869d6e781c60107c7266fdbc64a9307b2d1a274fac813b4
data/fake/500/aug_338_WhatsApp Image 2025-04-05 at 10.55.49.jpeg,1,FAKE,500,.jpeg,100,100,RGB,deafc1cf2f72191b9229a650a3490fa11a3df2ce2348dda67fd9900185cde7a0
data/fake/500/aug_340_WhatsApp Image 2025-04-05 at 10.55.49.jpeg,1,FAKE,500,.jpeg,100,100,RGB,a569f6f954ead5f4e87161a2f881d5e6fa0b210766966a41d1f095fe24f5d9da
data/fake/500/aug_341_WhatsApp Image 2025-04-05 at 10.55.49.jpeg,1,FAKE,500,.jpeg,200,425,RGB,31dca603650b3ff14b0eb61dd899530c372cf59c1181f22985bc0173ed7b6d82
data/fake/500/aug_344_WhatsApp Image 2025-04-05 at 10.55.49.jpeg,1,FAKE,500,.jpeg,100,100,RGB,7bb62dadc1019248310e4ec6a46a28d51e9ccb09b9319da2d849a7230e5a23dc
data/fake/500/aug_345_WhatsApp Image 2025-04-05 at 10.55.49.jpeg,1,FAKE,500,.jpeg,200,425,RGB,af2fb97d8ca5760d39439eab76fa516dd56e68fe548c64f1d4dd20e90fcd13ed
data/fake/500/aug_346_WhatsApp Image 2025-04-05 at 10.55.49.jpeg,1,FAKE,500,.jpeg,200,425,RGB,b8df9037facb950e539086f7d2f16364e9aa1924cb5d43f35045d9b0468b776e
data/fake/500/aug_347_WhatsApp Image 2025-04-05 at 10.55.49.jpeg,1,FAKE,500,.jpeg,200,425,RGB,bbdedcbc574fe9ce048b545cc75ea5532840dd5167ef3d169165f32556f352bb
data/fake/500/aug_349_WhatsApp Image 2025-04-05 at 10.55.49.jpeg,1,FAKE,500,.jpeg,200,425,RGB,f982a9b49c8831a64c75e700400f7d933b02bdde3195fb4a10ab4e21947ed319
data/fake/500/aug_401_WhatsApp Image 2025-04-05 at 10.55.35.jpeg,1,FAKE,500,.jpeg,100,100,RGB,a53a701a7db5c8c2928a0d45f34cf52b35743f0215764b5a6cfd8453e523a03d
data/fake/500/aug_403_WhatsApp Image 2025-04-05 at 10.55.35.jpeg,1,FAKE,500,.jpeg,100,100,RGB,cc990e3c54e2ff20cb97c9b9d7d67b2cbe75527b1e9adb18faf3b5daff93911d
data/fake/500/aug_404_WhatsApp Image 2025-04-05 at 10.55.35.jpeg,1,FAKE,500,.jpeg,100,100,RGB,969a18dae0e8e1be959f7cd3830e908c705d61e162d234df0c40aefe1a0357a7
data/fake/500/aug_405_WhatsApp Image 2025-04-05 at 10.55.35.jpeg,1,FAKE,500,.jpeg,200,401,RGB,775f9706fef6574cfe322d9d0d9f08b0052df5102fc67bafe578ba8337df50b3
data/fake/500/aug_408_WhatsApp Image 2025-04-05 at 10.55.35.jpeg,1,FAKE,500,.jpeg,100,100,RGB,635611bcba9b8589b745f28390379a47af35bf38ea296fa95605bed648a21d9f
data/fake/500/aug_409_WhatsApp Image 2025-04-05 at 10.55.35.jpeg,1,FAKE,500,.jpeg,200,401,RGB,07780a7fe38178606c456f8ebc718cc5912622fa73ef1643394bf2465b51525a
data/fake/500/aug_410_WhatsApp Image 2025-04-05 at 10.55.35.jpeg,1,FAKE,500,.jpeg,200,401,RGB,8f709553a02be96cfd7fc7c84c7965cbb6014cb5dd78f8891e1ce37502f7745a
data/fake/500/aug_412_WhatsApp Image 2025-04-05 at 10.55.35.jpeg,1,FAKE,500,.jpeg,100,100,RGB,dfc01d0745e97ed96de71dd87c6d02ef98ddaee2a182387633d6d3c1c58d52c8
data/fake/500/aug_413_WhatsApp Image 2025-04-05 at 10.55.35.jpeg,1,FAKE,500,.jpeg,100,100,RGB,8d8a94fd7d0d930625f813f4d92ab8456d30c2fc86c34a56e533d439b04c492c
data/fake/500/aug_414_WhatsApp Image 2025-04-05 at 10.55.35.jpeg,1,FAKE,500,.jpeg,200,401,RGB,b49d9ce44a6dda1658dddd73ac920f0ae168568176307e8542a1c3c3fa8b374e
data/fake/500/aug_415_WhatsApp Image 2025-04-05 at 10.55.35.jpeg,1,FAKE,500,.jpeg,200,401,RGB,5c0ca50ed5651e9c1bb3a7f4403b2f9f99062ae9b36103ba99cbaa80cffc0681
data/fake/500/aug_416_WhatsApp Image 2025-04-05 at 10.55.35.jpeg,1,FAKE,500,.jpeg,100,100,RGB,f3d9b894da1c72023e5c2bd6fd31f4a104395bf1f86933f1de97bbb79b871746
data/fake/500/aug_418_WhatsApp Image 2025-04-05 at 10.55.35.jpeg,1,FAKE,500,.jpeg,200,401,RGB,be29767edd1c81bcc83f61a30ffa3ba8d0059a9d7e8639459d2f0d26e6b5bcf4
data/fake/500/aug_420_WhatsApp Image 2025-04-05 at 10.55.35.jpeg,1,FAKE,500,.jpeg,200,401,RGB,0bc35e29e595470ccbcedde420d933a0b873c8885f30dc1d922b7a7706120343
data/fake/500/aug_421_WhatsApp Image 2025-04-05 at 10.55.35.jpeg,1,FAKE,500,.jpeg,200,401,RGB,89922d773ab6dc9419ad1acb8f50677470b3015be83d169a23c2bd6bdb81a46f
data/fake/500/aug_422_WhatsApp Image 2025-04-05 at 10.55.35.jpeg,1,FAKE,500,.jpeg,100,100,RGB,d82a421580200051e5c4b4bbf46939e9990a058a8bd800cf190a5f85f1ed41d5
data/fake/500/aug_50_WhatsApp Image 2025-04-05 at 10.48.42 (1).jpeg,1,FAKE,500,.jpeg,200,460,RGB,0f07ce3915fd58951ba94cae35b5f2dafa70df32b6f8f1b5e208bdea1e90423a
data/fake/500/aug_51_WhatsApp Image 2025-04-05 at 10.48.42 (1).jpeg,1,FAKE,500,.jpeg,100,100,RGB,a5a54e663ba4c460036162ac9bfa9e853d5bcfb2f2798bb310a4195be42c9909
data/fake/500/aug_550_WhatsApp Image 2025-04-05 at 10.55.42.jpeg,1,FAKE,500,.jpeg,100,100,RGB,eecad2b0c1944c19c5960259ac29e58e4ccadcdc9d32402ee8af9862fdf435dc
data/fake/500/aug_551_WhatsApp Image 2025-04-05 at 10.55.42.jpeg,1,FAKE,500,.jpeg,200,396,RGB,1f11b68a45bf1a2d37d1275402d99e9d26b16525bcb39424a6512d011f1f38eb
data/fake/500/aug_552_WhatsApp Image 2025-04-05 at 10.55.42.jpeg,1,FAKE,500,.jpeg,100,100,RGB,1e3cda5cc5f7f208cbc74a07a45090955db32c58f6ef14c8a127737df64bd149
data/fake/500/aug_554_WhatsApp Image 2025-04-05 at 10.55.42.jpeg,1,FAKE,500,.jpeg,200,396,RGB,edea23a7df4826fb64031ae51b0f04502a4c4411be2daf148412786e863a85a0
data/fake/500/aug_555_WhatsApp Image 2025-04-05 at 10.55.42.jpeg,1,FAKE,500,.jpeg,200,396,RGB,901565448b2a4fc7c959122e32023e7e6ba392748d9f885f43d0712e9c5f100f
data/fake/500/aug_558_WhatsApp Image 2025-04-05 at 10.55.42.jpeg,1,FAKE,500,.jpeg,200,396,RGB,658b2da76de58dbfa56ae245e5a25b1c6db2153fb6a177923aa66379a5066ca2
data/fake/500/aug_563_WhatsApp Image 2025-04-05 at 10.55.42.jpeg,1,FAKE,500,.jpeg,200,396,RGB,5eba518a0f9643942773d6e6b77bb877fad492e6f1b1f1528755210f4db84bfb
data/fake/500/aug_564_WhatsApp Image 2025-04-05 at 10.55.42.jpeg,1,FAKE,500,.jpeg,100,100,RGB,fd4eac94486dc0e8b2b07f386e895783268447b5973d3f3b9272b89d43a4c936
data/fake/500/aug_565_WhatsApp Image 2025-04-05 at 10.55.42.jpeg,1,FAKE,500,.jpeg,200,396,RGB,c5dc3b3a85d517a5bbada48b05fd7e9d635e1857c8a1c476171e33e603161bd8
data/fake/500/aug_567_WhatsApp Image 2025-04-05 at 10.55.42.jpeg,1,FAKE,500,.jpeg,200,396,RGB,f549355244c17c27ceed11e548bed5358e29d7d24b094229cd0ee75362bdb595
data/fake/500/aug_568_WhatsApp Image 2025-04-05 at 10.55.42.jpeg,1,FAKE,500,.jpeg,100,100,RGB,707425587de251cd4186cfb70a601625d206ea85989f88f05358beedd0a2e5e9
data/fake/500/aug_56_WhatsApp Image 2025-04-05 at 10.48.42 (1).jpeg,1,FAKE,500,.jpeg,200,460,RGB,f8c17600a524052da3d5eeb13b21b8b304250e05832c80488d87cd78e68f203d
data/fake/500/aug_570_WhatsApp Image 2025-04-05 at 10.55.42.jpeg,1,FAKE,500,.jpeg,200,396,RGB,f68924d6354fd7eb8666fd4a4d5655328c45215e3d1fbe376b2840757e6076cf
data/fake/500/aug_571_WhatsApp Image 2025-04-05 at 10.55.42.jpeg,1,FAKE,500,.jpeg,100,100,RGB,e56d506310756e26a57863a41e6ad974afb59aaa117892bf0b59a8fb3e238d77
data/fake/500/aug_572_WhatsApp Image 2025-04-05 at 10.55.42.jpeg,1,FAKE,500,.jpeg,100,100,RGB,1c54d2bddc137ca24e863ad2477c25b8ae5e1a1fe485be213fc6ef7b1a1f3acd
data/fake/500/aug_573_WhatsApp Image 2025-04-05 at 10.55.42.jpeg,1,FAKE,500,.jpeg,100,100,RGB,d5a06362f02eec17eb1ce4dbd889a8f22d366834018dc519dbd975552e4f4878
data/fake/500/aug_574_WhatsApp Image 2025-04-05 at 10.55.42.jpeg,1,FAKE,500,.jpeg,200,396,RGB,fc687939824cb6842ecef87db448ff0a6729faf3d8764ad4837b9fb03123c59d
data/fake/500/aug_58_WhatsApp Image 2025-04-05 at 10.48.42 (1).jpeg,1,FAKE,500,.jpeg,200,460,RGB,f735aa69772662246fef20f399c5727c8c17053f264c43948b73b7a78fe98b20
data/fake/500/aug_60_WhatsApp Image 2025-04-05 at 10.48.42 (1).jpeg,1,FAKE,500,.jpeg,100,100,RGB,4444021c153d9e92edb91963822d99edfba325cd9fcfc241f446144f72aea943
data/fake/500/aug_61_WhatsApp Image 2025-04-05 at 10.48.42 (1).jpeg,1,FAKE,500,.jpeg,200,460,RGB,c93b46a7d1e5293ccbd7d1f48da03ca057b92666f828b8f5456346efc0761638
data/fake/500/aug_62_WhatsApp Image 2025-04-05 at 10.48.42 (1).jpeg,1,FAKE,500,.jpeg,100,100,RGB,39aab998664c28c6bb5576a2b69a6eadbf83d31bde919a684006f89e36858c3a
data/fake/500/aug_63_WhatsApp Image 2025-04-05 at 10.48.42 (1).jpeg,1,FAKE,500,.jpeg,200,460,RGB,368dd38fce907a521d1560630ae7e369c88937361b5774a366b20725d9903000
data/fake/500/aug_64_WhatsApp Image 2025-04-05 at 10.48.42 (1).jpeg,1,FAKE,500,.jpeg,200,460,RGB,5430a62f40a70b6a54b061d2b82b2df8eb209aa6006a2eac23082156a6bf7b02
data/fake/500/aug_65_WhatsApp Image 2025-04-05 at 10.48.42 (1).jpeg,1,FAKE,500,.jpeg,100,100,RGB,de24ab74bb5d4c9edbf417cb9ab092d5a89f6ec9ef86312a0290df91ba97ffe9
data/fake/500/aug_675_WhatsApp Image 2025-04-05 at 10.48.45 (1).jpeg,1,FAKE,500,.jpeg,200,386,RGB,bf3188c0a46e3ed6e5e686829329e59b993d50065eec19ad900602affed34b38
data/fake/500/aug_676_WhatsApp Image 2025-04-05 at 10.48.45 (1).jpeg,1,FAKE,500,.jpeg,200,386,RGB,bf3188c0a46e3ed6e5e686829329e59b993d50065eec19ad900602affed34b38
data/fake/500/aug_677_WhatsApp Image 2025-04-05 at 10.48.45 (1).jpeg,1,FAKE,500,.jpeg,100,100,RGB,45aff4f7ccf89fd7fff831611254a73a84cc5a54d4b31ee654b6938b3c077a29
data/fake/500/aug_678_WhatsApp Image 2025-04-05 at 10.48.45 (1).jpeg,1,FAKE,500,.jpeg,200,386,RGB,032af94167d10fb6d1f41cd066dd96f60bceccf536bba50b216b1e513f9bb42c
data/fake/500/aug_67_WhatsApp Image 2025-04-05 at 10.48.42 (1).jpeg,1,FAKE,500,.jpeg,200,460,RGB,97e73623c80bf2c739ad2c65421fe42ea3930f0c2fb7556eda1f3c4c9d50cd9c
data/fake/500/aug_680_WhatsApp Image 2025-04-05 at 10.48.45 (1).jpeg,1,FAKE,500,.jpeg,100,100,RGB,f164faae21cfa15d7eb3ad43bef23b6e5f35620a12f11baaba97c0b3b3be8883
data/fake/500/aug_681_WhatsApp Image 2025-04-05 at 10.48.45 (1).jpeg,1,FAKE,500,.jpeg,100,100,RGB,27fbbb046724e77fee7391ac68dc8ab120f1815d2e891d856efb7889e88e5ed1
data/fake/500/aug_684_WhatsApp Image 2025-04-05 at 10.48.45 (1).jpeg,1,FAKE,500,.jpeg,200,386,RGB,23462fc155a02ed68dd7106d12b8baa5f0c7f87284c36299e59a1113e6ab5912
data/fake/500/aug_685_WhatsApp Image 2025-04-05 at 10.48.45 (1).jpeg,1,FAKE,500,.jpeg,200,386,RGB,4a3649ddc25d2770116e1b8825849511236e10c4b67ec22624dbd9d7068a2217
data/fake/500/aug_688_WhatsApp Image 2025-04-05 at 10.48.45 (1).jpeg,1,FAKE,500,.jpeg,100,100,RGB,9d2f9a635c00fce751131bfd83a05574fd327dd8d31d54601599b4f193ce323e
data/fake/500/aug_689_WhatsApp Image 2025-04-05 at 10.48.45 (1).jpeg,1,FAKE,500,.jpeg,200,386,RGB,883f7db2b07d7e260e1f0d423819384e38ee39ee2641a40cd969083d59925652
data/fake/500/aug_690_WhatsApp Image 2025-04-05 at 10.48.45 (1).jpeg,1,FAKE,500,.jpeg,100,100,RGB,87210a55fefd8620722f4ad9a2a76c2d3a1bb2de22767c1932f686a099a1d180
data/fake/500/aug_692_WhatsApp Image 2025-04-05 at 10.48.45 (1).jpeg,1,FAKE,500,.jpeg,200,386,RGB,cec72a463cd5b4c4cdbd15ca5d00736aab23e69f395cddad7e1b935bfb6ab083
data/fake/500/aug_693_WhatsApp Image 2025-04-05 at 10.48.45 (1).jpeg,1,FAKE,500,.jpeg,200,386,RGB,01b6dd8f378dd3cc442660070878c9868ababed57f61c4d9fe3f14a2e21c9921
data/fake/500/aug_694_WhatsApp Image 2025-04-05 at 10.48.45 (1).jpeg,1,FAKE,500,.jpeg,100,100,RGB,0063553dd7a8611d2b70f0caa090eddee920fec5e7d5e187c77d636518b8533c
data/fake/500/aug_695_WhatsApp Image 2025-04-05 at 10.48.45 (1).jpeg,1,FAKE,500,.jpeg,100,100,RGB,f22dffca489b4932f8727be96374b48b560062ef35ccd74791ffb5a742c5e779
data/fake/500/aug_696_WhatsApp Image 2025-04-05 at 10.48.45 (1).jpeg,1,FAKE,500,.jpeg,200,386,RGB,815245668eaa245ffd7740f9d85b082119de5e870e145551fadc4d0cfd3061b3
data/fake/500/aug_697_WhatsApp Image 2025-04-05 at 10.48.45 (1).jpeg,1,FAKE,500,.jpeg,200,386,RGB,852ffe9b2a36a6996b24cc81645399ce748df551607e5d08379a456148ba9f73
data/fake/500/aug_698_WhatsApp Image 2025-04-05 at 10.48.45 (1).jpeg,1,FAKE,500,.jpeg,200,386,RGB,362ba3ed510b67205642cf2a9eada111ae7e831630a3b9ac7f0623856c16a151
data/fake/500/aug_699_WhatsApp Image 2025-04-05 at 10.48.45 (1).jpeg,1,FAKE,500,.jpeg,200,386,RGB,6a2648031205bc12b41853ade92aeee76c7560056bf365a65fdc51d66e49f8e0
data/fake/500/aug_69_WhatsApp Image 2025-04-05 at 10.48.42 (1).jpeg,1,FAKE,500,.jpeg,100,100,RGB,06f5e8df06febc66b93e9149652a4a7f5af17fff03c4077c353f872e68962c44
data/fake/500/aug_70_WhatsApp Image 2025-04-05 at 10.48.42 (1).jpeg,1,FAKE,500,.jpeg,200,460,RGB,197fa295189644cbd8fe697b2a037495806a080556698b215b7119abdee81e30
data/fake/500/aug_71_WhatsApp Image 2025-04-05 at 10.48.42 (1).jpeg,1,FAKE,500,.jpeg,100,100,RGB,770b5623c27667732304f59c75f4b3a2661810aabadedcd10037f9575f047b76
data/fake/500/aug_73_WhatsApp Image 2025-04-05 at 10.48.42 (1).jpeg,1,FAKE,500,.jpeg,200,460,RGB,b83627048fcad2a8eba60c35d43cdf4ace7f7a140e693942330dc8763e261d4a
data/fake/500/aug_74_WhatsApp Image 2025-04-05 at 10.48.42 (1).jpeg,1,FAKE,500,.jpeg,200,460,RGB,6ac2ebc3b18d509143c48041f15e4a2f7f39f69b9fffea0d6fb92ab7e7ae7f77
data/fake/500/aug_754_WhatsApp Image 2025-04-05 at 10.59.18 (1).jpeg,1,FAKE,500,.jpeg,200,423,RGB,5078ff62e4afe36947a7cb4dd621c9d5655e6c8d6404ee594dc9f4977d642890
data/fake/500/aug_755_WhatsApp Image 2025-04-05 at 10.59.18 (1).jpeg,1,FAKE,500,.jpeg,200,423,RGB,6378619623d84a22b78a6e6b5991bf9c14fc826272e4b57a17c5fcc6720e8595
data/fake/500/aug_756_WhatsApp Image 2025-04-05 at 10.59.18 (1).jpeg,1,FAKE,500,.jpeg,200,423,RGB,7d22a23b961d910e40d641a3149fe2ebbef4e4542c4d1615571d05ab47e61a6a
data/fake/500/aug_757_WhatsApp Image 2025-04-05 at 10.59.18 (1).jpeg,1,FAKE,500,.jpeg,100,100,RGB,e1f55aaa9eabf942e9f20ec883917d7a07352bd69a48fdfc4816aaf090dc55cb
data/fake/500/aug_759_WhatsApp Image 2025-04-05 at 10.59.18 (1).jpeg,1,FAKE,500,.jpeg,200,423,RGB,69a2de1385fe51d5358f4bd6d121675a574bacf28e4ba8d73e17825ff0361d4a
data/fake/500/aug_761_WhatsApp Image 2025-04-05 at 10.59.18 (1).jpeg,1,FAKE,500,.jpeg,100,100,RGB,bfe6a0be2ef93ec4eb5f68b2d92b878059bb8917f6e3d732123f838ad12543ec
data/fake/500/aug_762_WhatsApp Image 2025-04-05 at 10.59.18 (1).jpeg,1,FAKE,500,.jpeg,100,100,RGB,0c11a62412472b74f5dc198439b353a9484a3503b4fc1316c2df07cb55a63a00
data/fake/500/aug_763_WhatsApp Image 2025-04-05 at 10.59.18 (1).jpeg,1,FAKE,500,.jpeg,100,100,RGB,e3fae449e94e5cf16b24b3dc65013de7b0d274e9b59cca10daa8811df974df13
data/fake/500/aug_766_WhatsApp Image 2025-04-05 at 10.59.18 (1).jpeg,1,FAKE,500,.jpeg,200,423,RGB,5058edeacb2a5e022812c8c9424a51087e33a7c961a88a9c3c7c79bde951ba9f
data/fake/500/aug_768_WhatsApp Image 2025-04-05 at 10.59.18 (1).jpeg,1,FAKE,500,.jpeg,200,423,RGB,d8eb044d86cbdcc775cbcbf376e7b4d9ad004cf39e34f24beaeb3134168605df
data/fake/500/aug_769_WhatsApp Image 2025-04-05 at 10.59.18 (1).jpeg,1,FAKE,500,.jpeg,100,100,RGB,f17fcf69ac9a1737a1f600ef182aa7687f7d4e541bcba1195bdc3baff68cf678
data/fake/500/aug_770_WhatsApp Image 2025-04-05 at 10.59.18 (1).jpeg,1,FAKE,500,.jpeg,100,100,RGB,6438f7bb0333308556d360cfb832caef3109fa15348be622304053ff97f89d54
data/fake/500/aug_771_WhatsApp Image 2025-04-05 at 10.59.18 (1).jpeg,1,FAKE,500,.jpeg,200,423,RGB,18aa2d8808d5ebaa2ad400d36baaa2932e44290107211a4641a93049392b0272
data/fake/500/aug_773_WhatsApp Image 2025-04-05 at 10.59.18 (1).jpeg,1,FAKE,500,.jpeg,100,100,RGB,d6e71078c6ccf3d0cc9256822dc811d5f6009ab8c71f64d64454282a0f76582d
data/fake/500/aug_774_WhatsApp Image 2025-04-05 at 10.59.18 (1).jpeg,1,FAKE,500,.jpeg,200,423,RGB,9d911a1594f403016032517a222617232932a817a7fddfdd02cd958d523226f5
data/fake/500/aug_876_WhatsApp Image 2025-04-05 at 10.59.12 (1).jpeg,1,FAKE,500,.jpeg,200,423,RGB,420ab28a3384ae7a16e3e40ab7d2ac8414ffd516a6d944124517a8b33e4a34e9
data/fake/500/aug_878_WhatsApp Image 2025-04-05 at 10.59.12 (1).jpeg,1,FAKE,500,.jpeg,100,100,RGB,d19a492e2d360c695a2ca653bc5a5b275f40148e0aa06930d0306bec45479aac
data/fake/500/aug_879_WhatsApp Image 2025-04-05 at 10.59.12 (1).jpeg,1,FAKE,500,.jpeg,100,100,RGB,1be5090aa65429e10309e54755b3a954953855aaa5c49dc4719c58f668bfc364
data/fake/500/aug_880_WhatsApp Image 2025-04-05 at 10.59.12 (1).jpeg,1,FAKE,500,.jpeg,100,100,RGB,3077bebbc3cec38e15abfece55fd2a0e5a4a45cda13166783c16866888d2b5d0
data/fake/500/aug_881_WhatsApp Image 2025-04-05 at 10.59.12 (1).jpeg,1,FAKE,500,.jpeg,200,423,RGB,f29a0f00f2e9e790994208349abfc9e967500dc3132860faec3a339c2c924427
data/fake/500/aug_886_WhatsApp Image 2025-04-05 at 10.59.12 (1).jpeg,1,FAKE,500,.jpeg,200,423,RGB,c8d3840ce2a2c9a88cbe07e856c1ac463e208a808f78d22672348108dad1e311
data/fake/500/aug_887_WhatsApp Image 2025-04-05 at 10.59.12 (1).jpeg,1,FAKE,500,.jpeg,100,100,RGB,ce1a172bc389391865bdbca2f2393255fe460d6ae5c53d027ffc8ec312ba7f74
data/fake/500/aug_888_WhatsApp Image 2025-04-05 at 10.59.12 (1).jpeg,1,FAKE,500,.jpeg,100,100,RGB,159bab8a3201ed008f7f3eed9d4ed0996f4e6bda86d7d8a600de83f691171a26
data/fake/500/aug_889_WhatsApp Image 2025-04-05 at 10.59.12 (1).jpeg,1,FAKE,500,.jpeg,100,100,RGB,2edd5cfc38ee2392a3aacca7ce1cc67565d674903ca0e8246f31db0cb7734db7
data/fake/500/aug_890_WhatsApp Image 2025-04-05 at 10.59.12 (1).jpeg,1,FAKE,500,.jpeg,100,100,RGB,4439ef9f46417bda5dab92ad1203e270ec32cb8165b10b37c92f4a8c46bb9ad1
data/fake/500/aug_893_WhatsApp Image 2025-04-05 at 10.59.12 (1).jpeg,1,FAKE,500,.jpeg,200,423,RGB,2da08fed55954b853c4fd0996a882d0e3e0ba3706370e54cede746327213358b
data/fake/500/aug_896_WhatsApp Image 2025-04-05 at 10.59.12 (1).jpeg,1,FAKE,500,.jpeg,100,100,RGB,f85ec1090a3ad32f3a8242226f4046ea79eb84f5465196ff8cdb3220c1a9b6f6
data/fake/500/aug_898_WhatsApp Image 2025-04-05 at 10.59.12 (1).jpeg,1,FAKE,500,.jpeg,200,423,RGB,6bfd02979b165dd1c758b5bc5c25b57c43f6fbcbf1bbe11432773be4eb8aeb9f
data/fake/500/aug_899_WhatsApp Image 2025-04-05 at 10.59.12 (1).jpeg,1,FAKE,500,.jpeg,100,100,RGB,d0309284a1cc2da538a79cd3b461a0cd4a75097ad60bfbf8b33f235086a4e013
data/fake/500/demo-7-768x397.avif,1,FAKE,500,.avif,768,397,RGB,a1aea5fe61c9ed2e0a5a9e35f58a02f0a013c2f9258a94501bd8d625a4f1b9ef
data/fake/500/dsfasdfasdf.png,1,FAKE,500,.png,601,267,RGBA,b734b2993232bd10bc430da1bac233db137f87137fe1b43d1da027ecf0156d85
data/fake/500/fake1.png,1,FAKE,500,.png,738,124,RGBA,59dd2c06f262cb960c2ea4cf74d5599a888f0c493a93a6a9a171fde11a54d725
data/fake/500/fake3.png,1,FAKE,500,.png,1330,158,RGBA,5a3fb716d1573a05dcce0e9ba7ab182b347468dda538be8709ff8c9c173dcf36
data/fake/500/fiprqjno_rs-500-reverse-side_625x300_14_December_22.webp,1,FAKE,500,.webp,1200,738,RGB,0edbbc321755d2aab6ec25581a87fa84009e55d33d622b23cd0e0af2272b58d4
data/fake/500/g-1-380x214.jpg,1,FAKE,500,.jpg,380,214,RGB,89b95736c24114d5c27bc5afef85d6c90f8466cf26e2e0ef1995510a42ac0fac
data/fake/500/images.jpg,1,FAKE,500,.jpg,310,163,RGB,d8d99970e7c7cb024aa88d53b25bda319bda75372c25d8db293767635b17c584
data/real/10/1.jpg,0,REAL,10,.jpg,482,280,RGB,884029b55df27223b0eac23971ff0e2a05283b93fa540ab79b0d21ecad4cc759
data/real/10/10.jpg,0,REAL,10,.jpg,626,197,RGB,9077f4c44e2e2f2a4a8bc066cc16af4fd5d7b5b4fb386cabda94c7363da7c87e
data/real/10/100.jpg,0,REAL,10,.jpg,1300,956,RGB,0dfd0111b6a03ea740cbe586d13b2f68f189a197e538b231f62744ad64f1403a
data/real/10/102.jpg,0,REAL,10,.jpg,1600,747,RGB,a1a86484e75a33af6e24fc1acb22b2e2d8de7526d85be67a278dd53f4a444f7d
data/real/10/11.jpg,0,REAL,10,.jpg,602,275,RGB,566e46023864f31f007c6da63a2689b028621ca39a0556998fc7cb1219370eee
data/real/10/12.jpg,0,REAL,10,.jpg,584,364,RGB,52fcf3ef4053e9b3e28dd90d5c297e646297ea856594767f839f57bfc9f82322
data/real/10/13.jpg,0,REAL,10,.jpg,1300,947,RGB,e1f3cf6c75cc94cda14290b2ca60baaec3d45e2e15309594fd81a62d6b3ceecd
data/real/10/16.jpg,0,REAL,10,.jpg,311,162,RGB,d779915c4d5fe272ecb8a13bd28e298ef72dd258f42971789173577a53316440
data/real/10/17.jpg,0,REAL,10,.jpg,4032,3024,RGB,709f699d64804d9ff2cfd5b0490df606d78775f17d9dffd3f68b71260ad0911d
data/real/10/18.jpg,0,REAL,10,.jpg,300,251,RGB,548ba846d543de3e1b68127977513d96941ccde31222dd5e717ad70ade1b7a88
data/real/10/19.jpg,0,REAL,10,.jpg,1300,956,RGB,43ad22fcf9f21db8bdb03eeae99f04fe03a15a69f6573fc2ae8e9e449e3abdd1
data/real/10/20.jpg,0,REAL,10,.jpg,759,422,RGB,2b4a5f911180729a66235c552906075fa231ad49a6e931a6a5cf4d99792f57d9
data/real/10/21.jpg,0,REAL,10,.jpg,4032,3024,RGB,4e83aecf3f399eba9e6b04e59d4d9472fcdef31530a8f736bfe04cfcba7b0302
data/real/10/22.jpg,0,REAL,10,.jpg,1280,720,RGB,d4cca74799df830d4fa925193ddb7c2d73a3c432b6334dbad1474a2d95f6471a
data/real/10/24.jpg,0,REAL,10,.jpg,584,326,RGB,aee762a68f600893ca6fa803444ebda9666de963c64221b9b7de3e15d7d5e410
data/real/10/25.jpg,0,REAL,10,.jpg,4032,3024,RGB,88d69ad0f320776e5c84c17173105d4d1d212c0ef243c29e0de376fca093885d
data/real/10/26.jpg,0,REAL,10,.jpg,4032,3024,RGB,e5f43ab714dfa4f2d6d975bf08b0ba13ed45ff9c839cd5a0a27f77ed7aa634b1
data/real/10/28.jpg,0,REAL,10,.jpg,4032,3024,RGB,b07b98719f70ccad4ab7647353cecf9061dfe8a4fbd51125ba3a4fbfb99f5de5
data/real/10/32.jpg,0,REAL,10,.jpg,400,191,RGB,57e136f80f920caf0d9693ef77abcfff8389d6c68310e051a7be2cb0dda59283
data/real/10/34.jpg,0,REAL,10,.jpg,1267,631,RGB,663486b9da474583f2f77d9d08dd683a3ada0f8024de44e521c6f23643ec5e48
data/real/10/36.jpg,0,REAL,10,.jpg,643,305,RGB,3b9286adb6aebdc51773537fd963de0b6a84956c7bf9b059b3c7ce2104ae6769
data/real/10/39.jpg,0,REAL,10,.jpg,1280,720,RGB,20c83371c52daea4b03d470f214221a1f265cf3d6202b0bb5219436d2de4e05d
data/real/10/4.jpg,0,REAL,10,.jpg,4032,3024,RGB,a2d87965978c1aed4e6ca9a46db9d6d7d86c543b73bd46d5102ff9ffb873443b
data/real/10/41.jpg,0,REAL,10,.jpg,621,414,RGB,6706c45f2819ba279d22941c29e0f5161ee3c026f3aef03346711b798814b69a
data/real/10/42.jpg,0,REAL,10,.jpg,4032,3024,RGB,3a43536390ed033575e9ca5958cbe725cc3d2e8a98f5a5f5f7644fcb252e855e
data/real/10/43.jpg,0,REAL,10,.jpg,1300,954,RGB,5f35efb4ad2ac76760347c4e701ecc6fd7dfbe0f5f8877a0945f50d7e921ac0d
data/real/10/44.jpg,0,REAL,10,.jpg,647,404,RGB,cd24b12ea2115cdd82d6139beb0ef16280e455c47216aa6ada5a8346e5dbf946
data/real/10/45.jpg,0,REAL,10,.jpg,1341,648,RGB,af47a3414b03bcb6f40f892c3c3f381be40e117aabe90b8f912960ed167e98d5
data/real/10/47.jpg,0,REAL,10,.jpg,1300,731,RGB,f218c6af5141a6395d7c1cea3814c6f703aa11b2327b28d6950865096c158e23
data/real/10/48.jpg,0,REAL,10,.jpg,600,480,RGB,59f0f0c2a0222a8dd5a128f31cdbc81e722b5275e20c996debce0958ef8b6916
data/real/10/50.jpg,0,REAL,10,.jpg,728,336,RGB,220c7e343da477124fdb75a66b3670455c313bdd6f4fd3c024f2e00a3019db5d
data/real/10/53.jpg,0,REAL,10,.jpg,1300,956,RGB,4198bb672848d57a130cdde301807e55ffaaae7a95c550795bbf82153039cc3e
data/real/10/54.jpg,0,REAL,10,.jpg,640,282,RGB,c2833ed77b9f514e8126610ac9d1dca0045458e02273b1a89d0aec95700afa75
data/real/10/57.jpg,0,REAL,10,.jpg,336,124,RGB,f6f5efbce45cd8e5256e94a2f3c71aa1b16f94e6bd6b180c953441870c778b62
data/real/10/6.jpg,0,REAL,10,.jpg,1394,872,RGB,480f50b5158ad1787366260e70ef7caab0dead7edb431555331d6ca0ed1c1286
data/real/10/60.jpg,0,REAL,10,.jpg,4032,3024,RGB,8aa6aa4ee8894b65ec6f26207c1eb7f1d74296b6b23bad87d25f97bad1245dc0
data/real/10/63.jpg,0,REAL,10,.jpg,4032,3024,RGB,2a8085c24e57da8d86f8db44fd58dbb8c09b9d9a72fb17f15e034ce60138591a
data/real/10/64.jpg,0,REAL,10,.jpg,1267,761,RGB,4bd7d5f72ead540cb15c7da66344ecfdaf89972f379c1e1c506c73aee0869117
data/real/10/66.jpg,0,REAL,10,.jpg,1600,1289,RGB,dd3eedb8b9b0e5de9d0032372ef11474807d754701438b4cb5dd15b347f51406
data/real/10/67.jpg,0,REAL,10,.jpg,4032,3024,RGB,972ff76a860aa543aadf9be4240f53ecac63d673fbbefdaff6c46931f6e00c61
data/real/10/68.jpg,0,REAL,10,.jpg,287,143,RGB,0fef4b665fb1a483e0988723cedd71ec257134c9c093ff33153fe657ef9689e0
data/real/10/69.jpg,0,REAL,10,.jpg,1280,720,RGB,1526a62edd8ccb12fd52cc22e9cfa19565ba9e296ccd703901d5635b7066846c
data/real/10/70.jpg,0,REAL,10,.jpg,4032,3024,RGB,201aa37bebac3e4596d6ea67cf375c04eb045dd26b0b4358c25ead55608d10c4
data/real/10/72.jpg,0,REAL,10,.jpg,654,583,RGB,85a285b061a25b97b18e0c4c7223dae2c19a60c4a65109956ed0f5f764594be2
data/real/10/75.jpg,0,REAL,10,.jpg,647,404,RGB,8a1aa92a54272678fab7e916527cddfefff698c50e42ff0974bdf23a7046919d
data/real/10/76.jpg,0,REAL,10,.jpg,600,480,RGB,296afd1ded1dfaca069653a5df661f7efb6b294f950a58a78565b00b7ad177af
data/real/10/77.jpg,0,REAL,10,.jpg,403,129,RGB,0b58635cd544c9f745acddd7a5e636bf7868fe2a3ab57a1890369c3bfbeb102b
data/real/10/8.jpg,0,REAL,10,.jpg,4032,3024,RGB,f5487799c17e6cd5aa58b3b813ce6cb2223ae01e21f0dda5cee358462d5cf6f4
data/real/10/80.jpg,0,REAL,10,.jpg,702,336,RGB,f4d04b9a2fc37d0f5f3c8d3bc2381f4040c10dd7296aeb32547005577f461d59
data/real/10/81.jpg,0,REAL,10,.jpg,473,188,RGB,d927f9114250708eb29434dcf15f931979d2431c158c448e5db0d74563fba74d
data/real/10/82.jpg,0,REAL,10,.jpg,4032,3024,RGB,c58a90e776d51fd483c336e6d4b0ecfc36d5c7e6b9cbe0558a4a7e7ef42e7a5d
data/real/10/83.jpg,0,REAL,10,.jpg,640,480,RGB,bee7e9ddb89a89535854f3f25594d48a6d0857a8548fd70ff82ffceabbd072e3
data/real/10/88.jpg,0,REAL,10,.jpg,4032,3024,RGB,2508286598833724556632f53fddf402ce3a0bbf0c433b4b455843b52414323c
data/real/10/89.jpg,0,REAL,10,.jpg,631,214,RGB,20b182f167dc299be59e200d5289b19809fb7f981b354ebed9e5285175077383
data/real/10/9.jpg,0,REAL,10,.jpg,1200,628,RGB,2feb6681abf6460781bfc2c26d55c5607c20eb6d6331b6a5f0a532c165e4b276
data/real/10/90.jpg,0,REAL,10,.jpg,643,229,RGB,27a17fa83a4222576376db3d70dfea0ad3eb7db56e7be91198ed0926bfa99631
data/real/10/91.jpg,0,REAL,10,.jpg,500,232,RGB,2d0fce5379dad7e8358d50b87cad04de8037646e9e2bb657e55fffb60a3e1c9f
data/real/10/93.jpg,0,REAL,10,.jpg,1200,675,RGB,1f2274c638589b7149d704546b7ec02e34bf46fa464332d23a2eddc54e47cbe1
data/real/10/95.jpg,0,REAL,10,.jpg,510,340,RGB,f7bba23f718d5f6eb8e57cc692bb2d137897952afb589755d093013c6f96cbf2
data/real/10/98.jpg,0,REAL,10,.jpg,643,345,RGB,f3c6d8c7d383cafe5ed8310d121755abb8ec8ab1a6b20d0cdbb496a39af6f889
data/real/10/IMG20220901124250.jpg,0,REAL,10,.jpg,4608,3456,RGB,5443618ee1808f145ac6a3640aec4289af5d3e5327920eb23585cba7c0bbb0f0
data/real/10/IMG20220901133336.jpg,0,REAL,10,.jpg,4608,3456,RGB,052d0337b7556e8e040a6bea3d0b11d779db0231ada9db12f51b8f661b9971f5
data/real/10/IMG20220901133340.jpg,0,REAL,10,.jpg,4608,3456,RGB,cf9ef40ebf5851b1ba3fc6bc8a287e5654031596c9306fe592b825299108daba
data/real/10/IMG20220901133350.jpg,0,REAL,10,.jpg,4608,3456,RGB,7d1a55d14eb31f4280ea222312ca4fd3fa04147bd791ebe71c6656a564a350a4
data/real/10/IMG20220901133405.jpg,0,REAL,10,.jpg,4608,3456,RGB,1fc6655e276b3094129b79de33b4a1999fa14f548fd3074777673af404ead87b
data/real/10/IMG20220901133408.jpg,0,REAL,10,.jpg,4608,3456,RGB,2cf202ef71b07b17b3ff9c1753302fe501a800dfbf3ef06536e4c127fe8ce2b7
data/real/10/IMG20221025194539.jpg,0,REAL,10,.jpg,4608,2080,RGB,b8998613b6d083e5b53e88d18df1f39b6198c351b031685cffa735631f76208d
data/real/10/IMG20221025194540.jpg,0,REAL,10,.jpg,4608,2080,RGB,8fccef6e777349c7c2f6889bf74d5686965cc3fe22e636bc31098cf29dcc571a
data/real/10/IMG20221025194542.jpg,0,REAL,10,.jpg,4608,2080,RGB,83c312e3b30c8ea1f3ca9b5bf0e6a483ff8fcb3f2338f5e9ba3bc2c7d449913e
data/real/10/IMG20221025194543.jpg,0,REAL,10,.jpg,4608,2080,RGB,26354e82a623d72e8fb1a344d2db2ef1f3f0da5606923b7f2d1e73fcb844e2d4
data/real/10/IMG20221025194545.jpg,0,REAL,10,.jpg,4608,2080,RGB,e440625013eebbe6a608787a2df04733116902c1418051be5c281bc8a7e85a77
data/real/10/IMG20221025194550.jpg,0,REAL,10,.jpg,4608,2080,RGB,dd08d0ccea236a63bcdc153506230b08eca7f02ee92456d6d549b6b6407757ba
data/real/10/IMG20221025194554.jpg,0,REAL,10,.jpg,4608,2080,RGB,fb78221d81498a8449a824ba384136874856a63b046f21c40c830dd0366266be
data/real/10/IMG20221025194555.jpg,0,REAL,10,.jpg,4608,2080,RGB,6f5359e340401efd102c661b71e1677dc9ae15d8a8e53795ac3345871f75ce1d
data/real/10/IMG20221025194603.jpg,0,REAL,10,.jpg,4608,3456,RGB,c02eb9e18d04beb97670839d9ced220b2caf2b557edf988deeb5a4f31bdfdf9a
data/real/10/IMG20221025194613.jpg,0,REAL,10,.jpg,4608,3456,RGB,b2d4c3f5971e33c6ab4448823a5732a3c827544975f773fb29e7b314631af937
data/real/10/IMG20221025194614.jpg,0,REAL,10,.jpg,4608,3456,RGB,9e5111fb66178bcb7a844ae688164d66ca567166863bf4fcfff2658360e16cdb
data/real/10/IMG20221025194619.jpg,0,REAL,10,.jpg,4608,3456,RGB,a3c276ea37b416d8f80f5f2a856d304f65caabffb7fa725335b93dad1f2ee576
data/real/10/IMG20221025194620.jpg,0,REAL,10,.jpg,4608,3456,RGB,c36cc4f37273ad242260341ce0ff140faef952fabbc1f4f85e8de30aabdb2f9a
data/real/10/IMG20221025194631.jpg,0,REAL,10,.jpg,4608,3456,RGB,5a389ae8115b1b3a308962fd5c2887fc033ffdffd77547ce7d34982c04a08caa
data/real/10/IMG20221025194633.jpg,0,REAL,10,.jpg,4608,3456,RGB,c6dbee203c6fbaf31091c15a17c82ed8e25c74fbe22ecf1283f887cba1397735
data/real/10/IMG20221025194634.jpg,0,REAL,10,.jpg,4608,3456,RGB,7520e9b6b445b14b81907aa98d85aeb3ae6760cf4ebcbe549031037a7efb4ee0
data/real/10/IMG20221025194636.jpg,0,REAL,10,.jpg,4608,3456,RGB,37fe0549e8edd7f6d25ff7ea4d0525a55c354bb8e942e0226b190e803fdb8b57
data/real/10/IMG20221025194640.jpg,0,REAL,10,.jpg,4608,3456,RGB,37efe7a4754e578739c658f2f1f7256432fd9969c225b35722eb0139e00fc9a6
data/real/10/IMG20221025194642.jpg,0,REAL,10,.jpg,4608,3456,RGB,5fbe8310e9f104e14153381802f9c874db6ccbd8fadbcad8408ade28402ee854
data/real/10/IMG20221025194647.jpg,0,REAL,10,.jpg,4608,3456,RGB,ca623515c2a1ce6b6ea66996d5e78f459a287b4f8e4d8e8be676337f64bce04a
data/real/10/IMG20221025194648.jpg,0,REAL,10,.jpg,4608,3456,RGB,8661abdad62ffcfc9cf37c439d2912b588b4963a67319d82b94c4c4e548fa5d8
data/real/10/IMG20221025194651.jpg,0,REAL,10,.jpg,4608,3456,RGB,66daf78659607530e9528a6069f6b3ea386b0c8986a3f80c25e25bf6324914b2
data/real/10/IMG20221025194654.jpg,0,REAL,10,.jpg,4608,3456,RGB,49f9c7aff422d45185c26647dab6c7fa31169c2b8b4dc3f9c114d00c2f4b84ad
data/real/10/IMG20221025194704.jpg,0,REAL,10,.jpg,4608,3456,RGB,d1bbaffd9d96d928488fedc7a549e3723b8bf8699079332448e3e929ce6bb4fd
data/real/10/IMG20221025194706.jpg,0,REAL,10,.jpg,4608,3456,RGB,941902d2e68ef5563770a9211b5465ce5bbcfd15a0501c3797031a51226599ab
data/real/10/IMG20221025194708.jpg,0,REAL,10,.jpg,4608,3456,RGB,607858f80bb05fe7d2e6c219a852d25ce5a856d312c507af4d531cd564ce8188
data/real/10/IMG20221025194713.jpg,0,REAL,10,.jpg,4608,3456,RGB,c6b84e154e1d3db07d952a7e8dfae01f6037cee67dfd10d24b16decab8d89c66
data/real/10/IMG20221025194714.jpg,0,REAL,10,.jpg,4608,3456,RGB,66de5c58a599c52376d9334ca13137960ee976f8c57b8ce96ba999d5c9ecb85f
data/real/10/IMG20221025194716.jpg,0,REAL,10,.jpg,4608,3456,RGB,43f2cde173b99d6ed26c7879c954872c01e5c5e4706b363d4f1ffbc1844b5800
data/real/10/IMG20221025194717.jpg,0,REAL,10,.jpg,4608,3456,RGB,aeb99b9d49241d0be2c2b18a3e874fa419f7700c386c48df93c31b21d8e605fc
data/real/10/IMG20221025194725.jpg,0,REAL,10,.jpg,4608,3456,RGB,5f275eae7e7681c126102dacd635ad4ceb714a22c2dd973a10ec62367075ba97
data/real/10/IMG20221025194741.jpg,0,REAL,10,.jpg,4608,3456,RGB,bd97e9f40b9d9f5759ea9239ab3d72a09396447e55e39d38befad16031957743
data/real/10/IMG20221025194747.jpg,0,REAL,10,.jpg,4608,3456,RGB,f30ecca1dafc433bf7e62bb570e35c3f91484ea04a46e552d8c9cc07eb738fef
data/real/10/IMG20221025194757.jpg,0,REAL,10,.jpg,4608,3456,RGB,0778375e0604ab5ce5fa9fd089827a97e9f04d237954965cc305adab86553dd2
data/real/10/IMG20221025194800.jpg,0,REAL,10,.jpg,4608,3456,RGB,5ee2b2a73749e112e27a2ae8654c4394e14ad36bb3de81fe88ba84145fa943c2
data/real/10/IMG20221025194808.jpg,0,REAL,10,.jpg,4608,3456,RGB,1b3ea98823ca44d621e4d43e8360254cc19ac6ca3e94a26de421121d15416bfa
data/real/10/IMG20221025194809.jpg,0,REAL,10,.jpg,4608,3456,RGB,30e24e46dd798168552ba15ac4d2b7dcb25bd7a04e7aae963c348cb44dcfc99a
data/real/10/IMG20221025194812.jpg,0,REAL,10,.jpg,4608,3456,RGB,cd46b0815ad52bdad8adb9dc566ac578841c2252b9fe373139a01cd1b579a15b
data/real/10/IMG20221025194821.jpg,0,REAL,10,.jpg,4608,3456,RGB,b24a6eead1663c65987f1ae08f0367ca785534110ed6982121d4ba21ea9722ca
data/real/10/IMG20221025194822.jpg,0,REAL,10,.jpg,4608,3456,RGB,f345d8b93f64fb74170fd778105f4de8f5399a302a76323eff33f5bf3c4524e5
data/real/10/IMG20221025194823.jpg,0,REAL,10,.jpg,4608,3456,RGB,48ffbb16476df6eeb5f9f001da438e26d838fc53103715d5c8968bdfec2bb382
data/real/10/IMG20221025195534.jpg,0,REAL,10,.jpg,4608,3456,RGB,0fb1ee0e35353252beccef397697a45bac38a81b0c5dd942c6d7f4fa0be5c304
data/real/10/IMG20221025195541.jpg,0,REAL,10,.jpg,4608,3456,RGB,e1507640408aadd94f09ac5ac31e9982adc2adc323c04f5a98d870410ffc9040
data/real/10/IMG20221025195548.jpg,0,REAL,10,.jpg,4608,3456,RGB,e0c8271685fcee2da740707aec5098d21a9adcf57cedfda260c2a83790f7af27
data/real/10/IMG20221025195550.jpg,0,REAL,10,.jpg,4608,3456,RGB,c647b56313519deccacd6080d2319b6e09c6b7f9d09ce6718fb9dd0e15d6b59f
data/real/10/IMG20221025195552.jpg,0,REAL,10,.jpg,4608,3456,RGB,04c9c13a0ed926d04d001a4127c0b00d050a88cfb087eeb63e7d7a808ae387e7
data/real/10/IMG20221025195554.jpg,0,REAL,10,.jpg,4608,3456,RGB,daa074b593cd9f9f08ace04329e98da8129ec5cd11439875bb208b51ddb792a8
data/real/10/IMG20221025195555.jpg,0,REAL,10,.jpg,4608,3456,RGB,fc8ce80f45ee2bc6f0ee26dd9d9aba44f7d9a39fa44f24f75ee2179aacbaaf68
data/real/10/IMG20221025195558.jpg,0,REAL,10,.jpg,4608,3456,RGB,f422ffa52802a34706e3134e08892b469bc98329e09609b013f789e6e1a632f4
data/real/10/IMG20221025195602.jpg,0,REAL,10,.jpg,4608,3456,RGB,4320f51d7d30e0d218825a86df7044fd64f83717adbf04b39ddbb1ba40ad0a4c
data/real/10/IMG20221025195604.jpg,0,REAL,10,.jpg,4608,3456,RGB,3ebd0ba495b961dbb70556ecce938d170ae65a3fe4e2d234c4c8907572e75b66
data/real/10/IMG20221025195607.jpg,0,REAL,10,.jpg,4608,3456,RGB,7a116937f3d9484e5f31b67ff187923c5d0dcbabdbde5f194a892e6d16127fc2
data/real/10/IMG20221025195609.jpg,0,REAL,10,.jpg,4608,3456,RGB,cfa876acfa509fac5ba1de1c46e9d46e9ea38c0da012db34e6baff3046617a72
data/real/10/IMG20221025195611.jpg,0,REAL,10,.jpg,4608,3456,RGB,213cd3b38fbea324f96775d74a06f1b49410dd0bd6e321dcd8794c48483c7b45
data/real/10/IMG20221025195612.jpg,0,REAL,10,.jpg,4608,3456,RGB,3ed883f865ba3c32483b01f8152dda6dfb08f5b1300c3c76f489187468960b3d
data/real/10/IMG20221025195614.jpg,0,REAL,10,.jpg,4608,3456,RGB,686a62348392c6eb1840fe9d9909ef44164bec52570d69bf04ce82dbbe664028
data/real/10/IMG20221025195638.jpg,0,REAL,10,.jpg,4608,3456,RGB,fe75f45c157cb4f734869863b3cc5f27530eeb3d3abb9352658b527f45bb8fd3
data/real/10/IMG20221025195641.jpg,0,REAL,10,.jpg,4608,3456,RGB,63b704fbacf69206b1ab1045e1f8ee284b7dddc61e244526d5cecab1a1d3cf84
data/real/10/IMG20221025195643.jpg,0,REAL,10,.jpg,4608,3456,RGB,628375bba4f17b697a4f5b8421da899d3aae5fba6211ae929f211db0534608f1
data/real/10/IMG20221025195645.jpg,0,REAL,10,.jpg,4608,3456,RGB,4e3f3c714620b799d3ef46f3fd933686374c1982837fef67880d52d9b8c82fdf
data/real/10/IMG20221025195646.jpg,0,REAL,10,.jpg,4608,3456,RGB,8ed690bac3543614717fed435d26b4805c2df7768d77c12373fea400f2f5bcf9
data/real/10/IMG20221025195652.jpg,0,REAL,10,.jpg,4608,3456,RGB,34f90e5bba2e083fc4ee32c22064efb41588c226ba094fad90d0b71a4cf3f727
data/real/10/IMG20221025195655.jpg,0,REAL,10,.jpg,4608,3456,RGB,b3295fbfb355d98bda81ad69c2ea7adc9ce82a38eaa85af1c98cf1266dad1ee7
data/real/10/IMG20221025195657.jpg,0,REAL,10,.jpg,4608,3456,RGB,4c3def8e33230d937c375ef774bb854282f2bfc5daa05b6306b3be8907c2dc26
data/real/10/IMG20221025195700.jpg,0,REAL,10,.jpg,4608,3456,RGB,8d70ec697536194cc56ecee6799c32ae11a15020a8d01639eaf748894907361d
data/real/10/IMG20221025195701.jpg,0,REAL,10,.jpg,4608,3456,RGB,a2c9b0079f9b833afe10455df75c7acdf65be85d3e780bcae0b7a070ed0557bd
data/real/10/IMG20221025195707.jpg,0,REAL,10,.jpg,4608,3456,RGB,4de7bd400f9c4008d99eae4bea946970e36cee59478801a900ecd0f40dc1d5e2
data/real/10/IMG20221025195712.jpg,0,REAL,10,.jpg,3456,4608,RGB,b081744d3ccb8f1a9f21e6aa527a1f8e69a0b75284ce083b0d74dfb7c79d6466
data/real/10/IMG20221025195715.jpg,0,REAL,10,.jpg,3456,4608,RGB,39b7c04c81bcd1f553acf950467106f07c71d3341d6d08a2f7717a8f4f7370d0
data/real/10/IMG20221025195722.jpg,0,REAL,10,.jpg,3456,4608,RGB,83b5da4b4853f706730f82570bbd93e8676773a0d4cfc77d5e3da652ed103441
data/real/10/IMG20221025195724.jpg,0,REAL,10,.jpg,3456,4608,RGB,3f975b4083f8fc3c5a84802e74b5aca7cc67555abc150d47e34f47052117a20f
data/real/10/IMG20221025195732.jpg,0,REAL,10,.jpg,3456,4608,RGB,9bbd38b504ce85570da45ed6ad812d15f954114e4ca38542d33944d0a8878577
data/real/10/IMG20221025195733.jpg,0,REAL,10,.jpg,3456,4608,RGB,65605ee849a94b613f4f3db55b7f87a371353c363350ec56363b055a25aef87c
data/real/10/IMG20221025195741.jpg,0,REAL,10,.jpg,4608,3456,RGB,598a37c84d6852d8b094c4c908902299ecc7fb7d3500e5d2575d1a235d25bd09
data/real/10/IMG20221025195745.jpg,0,REAL,10,.jpg,4608,3456,RGB,17798057c3a24ae4154f7c6c5d009b951a1bf9cc9cc23da1c2592bd7603db806
data/real/10/IMG20221025195749.jpg,0,REAL,10,.jpg,4608,3456,RGB,f1fa034468e1ab371eaa6c3826d5389d520c85f6af22dcc0ded66393e8714ebc
data/real/10/IMG_1666261417034.jpg,0,REAL,10,.jpg,640,480,RGB,68318a94fe72da800d25fba303440ee82407773c20bb41357fa68de32d336e44
data/real/10/IMG_1666261422212.jpg,0,REAL,10,.jpg,640,480,RGB,73b35be729782bbeebba88e08192c019eb26c63afa95fff2e7a2ee08878bb8d9
data/real/10/IMG_1666261461815.jpg,0,REAL,10,.jpg,480,640,RGB,6c1d9a2f6f01097b1c869f97696efb3db645d5eb1566abb32f50fc2e8bb94f49
data/real/10/IMG_1666261522441.jpg,0,REAL,10,.jpg,640,480,RGB,e9ad61d6fd511465589b12a54b2ee311b839874bc6fa925ba52ac7b0e31bf1f9
data/real/10/IMG_1666261535548.jpg,0,REAL,10,.jpg,640,480,RGB,2de38d03f3ba7c75ecab1635d4abab924a5f25b178a9ed85d6a40443ba6d8c34
data/real/10/IMG_1666261569130.jpg,0,REAL,10,.jpg,640,480,RGB,28917f3be690fe887be0ab528f2856411aa9c491b21fb87e1e0ada913531652b
data/real/10/IMG_1666261606145.jpg,0,REAL,10,.jpg,640,480,RGB,7187c56d49ea2ee3f1527001268178477640f3b044a95c5e006e598d93d44beb
data/real/10/IMG_1666261613524.jpg,0,REAL,10,.jpg,640,480,RGB,712c82593921818f17ad485f0eb17f24c756032216aed8a77170715fb9268f90
data/real/10/IMG_1666261635382.jpg,0,REAL,10,.jpg,640,480,RGB,a03e55bca21facc4f93f02d9a956634f6f3439db7e9a73c78bd965406f52a2fa
data/real/10/IMG_1666261644714.jpg,0,REAL,10,.jpg,640,480,RGB,b42908dca1de48ddc8048cbbd169dbc9cb16d4b2f23bf5defd3bc45809a7c795
data/real/10/IMG_1666261655813.jpg,0,REAL,10,.jpg,640,480,RGB,07e69c8928757859d3c1eba77591e4ef4163761344dda814f5dbce6b3e82864f
data/real/10/IMG_1666261671577.jpg,0,REAL,10,.jpg,640,480,RGB,adb5612de9a5b4449fc75d82f3b343037263eaa51be704d0c3d058b7350c2977
data/real/10/IMG_1666261676671.jpg,0,REAL,10,.jpg,640,480,RGB,06df26e41fcf2f1ebb16c851cb11c45b425cd32fd13f99e493080dc780e18bc4
data/real/10/IMG_1666261710513.jpg,0,REAL,10,.jpg,640,480,RGB,5e7fb684d8ee427270a1b3b4b031b452b204bddd64a68c0924952086fe12bcc1
data/real/10/IMG_1666261728869.jpg,0,REAL,10,.jpg,640,480,RGB,0f64d7775aabf047001b423356809aeabc8c194566f3b232629e31fe527acaea
data/real/10/IMG_1666261741357.jpg,0,REAL,10,.jpg,640,480,RGB,3a692a4c124d080b1fea7fc7ac067aa7ceb715fcbec2bad563a8a50faa5c8b33
data/real/10/IMG_1666261746982.jpg,0,REAL,10,.jpg,640,480,RGB,c77f2139270d560d1875249c05c6d4cd045a1e40528d39c91597a270bcdf5be8
data/real/10/IMG_1666261781178.jpg,0,REAL,10,.jpg,640,480,RGB,243a82876c846345424d8693aa5e9c4552e045e20a2be1e11bcf42766b81b0da
data/real/10/IMG_1666261789967.jpg,0,REAL,10,.jpg,640,480,RGB,f16b33bbc504328588d610189c7311bb9929d2dc1ae97c5024f7586dcaf58ce6
data/real/10/IMG_1666261808877.jpg,0,REAL,10,.jpg,640,480,RGB,3c1b88f479a910a44cc3534ab6eb67c484ebfffc6a6183623eecfd0b0fb05f3c
data/real/10/IMG_1666261857528.jpg,0,REAL,10,.jpg,480,640,RGB,8b80d27620d6e8137147afccdeb4a8645782be92bbc63db81eea8b6323fb0633
data/real/10/IMG_1666261861654.jpg,0,REAL,10,.jpg,480,640,RGB,f2c5b24ff2a2d64931b564a52d42f57470725955e74e0d9d39134e6a50ccf551
data/real/10/IMG_1666261868444.jpg,0,REAL,10,.jpg,480,640,RGB,b1a236916cbefa1d45fa22ef4d4cdf4b5c36ddb7e0584e78176c257089eca477
data/real/10/IMG_1666261914674.jpg,0,REAL,10,.jpg,640,480,RGB,9d3e931f86f3a82cf513f6194f24081f1cb6f2b2824a3c863e8097f9bbd5e94b
data/real/10/IMG_1666261933686.jpg,0,REAL,10,.jpg,480,640,RGB,853df612f0660e0752139f6b1f7af7ea1b6fca9aa60c5ff661749fda664eddfb
data/real/10/IMG_1666261962418.jpg,0,REAL,10,.jpg,480,640,RGB,8db842e2f16eb8b84f30f27073b8b443d0cb558b429a9be9453798523a924f45
data/real/10/IMG_1666261976083.jpg,0,REAL,10,.jpg,480,640,RGB,811f1c511fb38cabaa4220bc5ed8aff899a8cd50bd75878a1bbe129626df07fe
data/real/10/IMG_1666261996038.jpg,0,REAL,10,.jpg,640,480,RGB,7d19a9b83890403ef21f13cefc0415e4ef2cf6580c5317a0346a3a74714d1c8b
data/real/10/IMG_1666262021493.jpg,0,REAL,10,.jpg,640,480,RGB,bc8715b451733a0aacde371d7f3229eed55384f6ed93fb07d94073654c7d61ee
data/real/10/IMG_1666263542720.jpg,0,REAL,10,.jpg,640,480,RGB,35c070f2653c304dad8486aa6de87e06efca4730827edd62ce37d447489beca8
data/real/10/IMG_1666263552928.jpg,0,REAL,10,.jpg,640,480,RGB,be990c132b6c8c21eee620c7f418cecf5cb10fcf426666a846f0c5da3e1f5cfc
data/real/10/IMG_1666263557953.jpg,0,REAL,10,.jpg,640,480,RGB,b63ddbd520767415fa1aec84d24f4362b107bc0eac11aef2beaf0fa542f01c29
data/real/10/IMG_1666263584993.jpg,0,REAL,10,.jpg,640,480,RGB,a06a18734d5017f603e6bf7da8030814de72c07178a846fc9e3b5670148e22da
data/real/10/IMG_1666263616153.jpg,0,REAL,10,.jpg,640,480,RGB,81ca128d203d3989b84e667f2582f62bf3b196cee46cf0c9db333ecd25509b20
data/real/10/IMG_1666263632435.jpg,0,REAL,10,.jpg,640,480,RGB,0cb4af437170800089741d882c2490562c2a30b512d882023068a63280881ebb
data/real/10/IMG_1666263647237.jpg,0,REAL,10,.jpg,640,480,RGB,5199bb20246c598e3cb2fda5058389633222e919b92e45bc31413da9846f7392
data/real/10/IMG_1666263652901.jpg,0,REAL,10,.jpg,640,480,RGB,df2b2ab7d557b2b0d534da26333974b198043ab42f6d0a7a8fd2902366167993
data/real/10/IMG_1666263737772.jpg,0,REAL,10,.jpg,640,480,RGB,c172e87766475e6c742c9c568fe01bd6b2846dece5775a0210f013abe1b148bd
data/real/10/IMG_1666263785943.jpg,0,REAL,10,.jpg,640,480,RGB,be45fd5fec9e0b58f35bee02b16ba0a5fd041bf9bd2340e482137d0181711ac1
data/real/10/IMG_1666263795628.jpg,0,REAL,10,.jpg,640,480,RGB,98d9e1e8380be0fbe34a7458b1a80762fdaa90c591eadf22b82cd7a354c1dfec
data/real/10/IMG_1666263883795.jpg,0,REAL,10,.jpg,640,480,RGB,a3dc2e783bb7ef32e65a7ea065f79ca776eb90d0da482d2b094f7d6b506752ce
data/real/10/IMG_1666263921352.jpg,0,REAL,10,.jpg,640,480,RGB,e64a9be3e97a4f68ebcb7afa5f2696076a98b1c69217d5bb41192636a66bb16d
data/real/10/IMG_1666264045671.jpg,0,REAL,10,.jpg,640,480,RGB,a590000904f9cb5139ba1b8288de11c67a684bb7407c4b1222808e45a972af0c
data/real/10/IMG_1666264075109.jpg,0,REAL,10,.jpg,640,480,RGB,044663eab80915a3ce22719bbf12c7bd89d2070e346ba48032bb479dd14cee9a
data/real/10/IMG_1666264115273.jpg,0,REAL,10,.jpg,640,480,RGB,53d5041c6eaca28f0d55983604a20f55f15c3dee53c584f3498b28b5b84a7ebd
data/real/10/IMG_1666264140947.jpg,0,REAL,10,.jpg,640,480,RGB,42d65c6cff1b142d0a980ff44151d30143e189642d019bd911c3fb765d969531
data/real/10/IMG_1666264175124.jpg,0,REAL,10,.jpg,640,480,RGB,8307029b4aed8d56adba3ede8f8335430e4877a8e079d081c31b63767faa208e
data/real/10/IMG_1666264199047.jpg,0,REAL,10,.jpg,640,480,RGB,a3a6393032fa16c318e4874d47b8ce7895d35b88ccb4c9e154824495d015b982
data/real/10/IMG_1666264210057.jpg,0,REAL,10,.jpg,640,480,RGB,7e15f483795566dd25cdbb29c760fae967e115f3c3c377f1cddf9f88800d1064
data/real/10/IMG_1666264260260.jpg,0,REAL,10,.jpg,640,480,RGB,51bbb69bad949dfdb5789ab3175f3c402d63034aa7d61ad22abe170d732c4592
data/real/10/IMG_1666264264805.jpg,0,REAL,10,.jpg,640,480,RGB,f5de805b67a137da659c1135eea267556eb284c20190e1998eb23bd4a0f1be26
data/real/10/IMG_1666264311942.jpg,0,REAL,10,.jpg,640,480,RGB,9457af6b478f290154a37fda27d6e4b574d6c4372a562a055133c3c517463c4f
data/real/10/IMG_1666264320557.jpg,0,REAL,10,.jpg,640,480,RGB,91977675b73c485a07490e477e6ba255b8e6328bf67f2fbf263d95e78872fc97
data/real/10/IMG_1666264366136.jpg,0,REAL,10,.jpg,640,480,RGB,c8da19e66746711bffbaa8a066f0899b4d108a7cb2781a80c105e78cb4463da4
data/real/10/IMG_1666264383608.jpg,0,REAL,10,.jpg,640,480,RGB,b94b0ec0940b3cf00bf97ecad64566aad798b53d9216e0acac4020a0896f18b4
data/real/10/IMG_1666264716463.jpg,0,REAL,10,.jpg,480,640,RGB,f92673c37281a56bb12823e17986169f796593dda1e600e08c13a8bfacd0fb8e
data/real/10/IMG_1667831455069.jpg,0,REAL,10,.jpg,480,640,RGB,44702288f8af4e55a69afc8161e9d33ff61929f95a33d0046c9cadefd72d2883
data/real/10/IMG_1667831459607.jpg,0,REAL,10,.jpg,640,480,RGB,6f119cfa0fddcf1578e08d4121fe7d27d75bbc899c35c02264bbd0028c863da5
data/real/10/IMG_1667831465304.jpg,0,REAL,10,.jpg,640,480,RGB,c036bda657e69b08b90c003e98f7562642aaa97dbc8b0c6137e077587bdecc63
data/real/10/IMG_1667831483208.jpg,0,REAL,10,.jpg,640,480,RGB,16ebea401bc070fda7090ec52b253c424f64c44ec75b69156f40e90ac6aaa110
data/real/10/IMG_1667831488342.jpg,0,REAL,10,.jpg,640,480,RGB,06f894d61ce8be68e2c22622bee2f9a9118ab11207a81d65ab9ba1a57fe6b917
data/real/10/IMG_1667831492999.jpg,0,REAL,10,.jpg,640,480,RGB,c30709afc3e5def8ec15dbe06e11f183e0a7567b27d6f3fde8fc0bc58449d9c8
data/real/10/IMG_1667831496684.jpg,0,REAL,10,.jpg,640,480,RGB,5a7cd939090da89b20968877b4100ac2da26504cdad67264060d090f6773e335
data/real/10/IMG_1667831502479.jpg,0,REAL,10,.jpg,640,480,RGB,c1d962ec2bd8dd563dbb935721aa2b919590e1088359be1aa134b1e0ea500879
data/real/10/IMG_1667831506823.jpg,0,REAL,10,.jpg,640,480,RGB,1dc0d56723a2ccfbdc31a25c3e486fadf3911bb80916358517febaae3bafbfaa
data/real/10/IMG_1667831511573.jpg,0,REAL,10,.jpg,640,480,RGB,945090c607b02a7fe9911b534a3949ec0928cdf57f06b576036f3979af3caebb
data/real/10/IMG_1667831517936.jpg,0,REAL,10,.jpg,640,480,RGB,02751f2468786cf8d8846114a35b36ae3fa9bf3ffa0a9dafd55649464cae31f4
data/real/10/IMG_1667831523291.jpg,0,REAL,10,.jpg,640,480,RGB,d7ad9d08211cc16811b79e7384a453d90056ac71b604105f5aed5c92760ff266
data/real/10/IMG_1667831533100.jpg,0,REAL,10,.jpg,640,480,RGB,175d5d036ada87caddd08b15f25a67cf4239b7f68c9008b09ca6cf7a073f3e7f
data/real/10/IMG_1667831536925.jpg,0,REAL,10,.jpg,640,480,RGB,92ad1f17bc0cc71222846fc58b5ddaf46e42a19391e419a1437cfb40d179cd1f
data/real/10/IMG_1667831541900.jpg,0,REAL,10,.jpg,640,480,RGB,cc9fd876f28362a0e409d9e0609ca998d6eadd520893024c9a189b1f3752b3b9
data/real/10/IMG_1667831546376.jpg,0,REAL,10,.jpg,640,480,RGB,1fad70b2dc4fc05fc42e5c0980399a3aca16bc672a8c638e547175cfda4de9e5
data/real/10/IMG_1667831551474.jpg,0,REAL,10,.jpg,640,480,RGB,821e852e55568566968b524e1eb4bf50f3640ee02de780b196e31f9f035e10c8
data/real/10/IMG_1667831584341.jpg,0,REAL,10,.jpg,480,640,RGB,114d679a84fcea5ec0e08fd16662a5daca7ca456cc407ef3a0f525d3ecf366f4
data/real/10/IMG_1667831588602.jpg,0,REAL,10,.jpg,640,480,RGB,11ce81238c2482aa66aeb956ee4723f06205f9de9c224ee35aae3b44fdc3a7f4
data/real/10/IMG_1667831613373.jpg,0,REAL,10,.jpg,640,480,RGB,337f2c028b9fb7dbae4a8d2f960d84fd944853175e5a4caf383f365a62615bba
data/real/10/IMG_1667831620223.jpg,0,REAL,10,.jpg,480,640,RGB,c3b9d6c2b9ae2dd8731ab4e9614546fbed971ca1dd2e0a71bd6cfaf195692ad7
data/real/10/IMG_1667831632932.jpg,0,REAL,10,.jpg,640,480,RGB,6def9d6f1aba97b1bc1289148350c55ef7dcf184624f99f04eb3561430118844
data/real/10/IMG_1667831642736.jpg,0,REAL,10,.jpg,640,480,RGB,6d3a3244161ea0bd4728e41872de7ba35734d60b3cbf66860d9fbf25a9924800
data/real/10/IMG_1667831659102.jpg,0,REAL,10,.jpg,640,480,RGB,6406580dd5a676e69f435e6cb39b0c39f4e980e729b59495c19344a6dc52996f
data/real/10/IMG_1667831664334.jpg,0,REAL,10,.jpg,640,480,RGB,16fdf6f249558757ccfe1dd8263a550f4ed21706f8a04079188f9009852e1419
data/real/10/IMG_1667831675972.jpg,0,REAL,10,.jpg,640,480,RGB,f912ce28dfb48b22ae9a644e63635213489fd95afbb3bdb3dd93684993c7e7c3
data/real/10/IMG_1667831692871.jpg,0,REAL,10,.jpg,640,480,RGB,95946610b0819e4aec9d2d893ebee20ffede4e0d1bf69c48b55fe25571e60823
data/real/10/IMG_1667831698134.jpg,0,REAL,10,.jpg,640,480,RGB,a1847b925b9100241f728ff3539b931df2861c260321c6424c4c3ca6ed701c1a
data/real/10/IMG_1667831708015.jpg,0,REAL,10,.jpg,640,480,RGB,9b4c0b4cf4d89109eebb54457e50e223e9401a70f6595b904af162b562ebd133
data/real/10/IMG_1667831805159.jpg,0,REAL,10,.jpg,640,480,RGB,753514e8f4dc80df23999926d2cd7d97114288fee436472dd2a6d2ecd5277338
data/real/10/IMG_1667831813780.jpg,0,REAL,10,.jpg,640,480,RGB,26336646618b714f460c65c4015a92383e1996142aba1e2a68bcaf09cfca362a
data/real/10/IMG_1667831818225.jpg,0,REAL,10,.jpg,640,480,RGB,790bb9860358589289e3cf2f3f8446751a3f7eec03d0ce705f0fe39776f7b449
data/real/10/IMG_1667831825988.jpg,0,REAL,10,.jpg,640,480,RGB,2b3e6c0c3a60621d6c8e6c59c69e783d67d34567335d558222fd0651df7faada
data/real/10/IMG_1667831833473.jpg,0,REAL,10,.jpg,640,480,RGB,e3fbcb9763851132c8f932e12c64d386f29b1b0987ddeaef6ead2ea394d0c29e
data/real/10/IMG_1667831841117.jpg,0,REAL,10,.jpg,640,480,RGB,5b9d8e2b13956406bd16a2b811550e38ecba088976c92ed2c80d8ee8cfd4e011
data/real/10/IMG_1667831849693.jpg,0,REAL,10,.jpg,640,480,RGB,542299b93634068b61c177597f395d42aec8d69385f64d20f2f89ef78b6841a5
data/real/10/IMG_1667831854003.jpg,0,REAL,10,.jpg,640,480,RGB,91c16057e746f3f3a2543a6383a6abf4cea4fb511b51b499d8816f3db1995903
data/real/10/IMG_1667831863040.jpg,0,REAL,10,.jpg,640,480,RGB,cf2366e9b8653207d111b04f6e87aa2f7f1d51ac55017e6260c17649b3b35817
data/real/10/IMG_1667831867824.jpg,0,REAL,10,.jpg,640,480,RGB,1fd47b5ec7a3a1654576c00c4c6c8daa5be3c22211674f92a57990d1e5c37ae0
data/real/10/IMG_1667831887519.jpg,0,REAL,10,.jpg,640,480,RGB,247c7a77b36b652f7d9d0ab9f4b3402d7983d2311d24c00e335753056a0945a1
data/real/10/IMG_1667831922529.jpg,0,REAL,10,.jpg,640,480,RGB,e8bb7de38fc619da77527bf253caf701deca4f66094cfc65c7c9e07b208ec9f0
data/real/10/IMG_1667831935590.jpg,0,REAL,10,.jpg,640,480,RGB,5cd5294b47a5daa6bb8234eb7bfdd9b3db2bf2ecde3fb68ae536c740070ca0b9
data/real/10/IMG_1667831945631.jpg,0,REAL,10,.jpg,640,480,RGB,150884761abf36999fec594a9c52d54af9263a74efc074f38b7472d2973d4a17
data/real/10/IMG_1667831954036.jpg,0,REAL,10,.jpg,640,480,RGB,e09ff5537ccf0267e75a17a7a36a23754af28c5e6ea5b818c93bb5c66fbea0f4
data/real/10/IMG_1667831963030.jpg,0,REAL,10,.jpg,640,480,RGB,2bc9d939ee687070dc1f46b58aab0511828dc0775c3aa5739c33e07ba5f07f19
data/real/10/IMG_1667831966765.jpg,0,REAL,10,.jpg,640,480,RGB,ace6e7672a9574b23ce017c96f42ed83a88a80e056a74772354873a5e52e56c0
data/real/10/IMG_1667831985459.jpg,0,REAL,10,.jpg,640,480,RGB,1beba2df3c296471f14d5dbfbe38805a99732a5218fb4c5e9767223731a8bfa1
data/real/10/IMG_1667831990425.jpg,0,REAL,10,.jpg,640,480,RGB,c9647bfef29874e01908c52c26dd9894a816c1b8606cf811f4649d7bcc17e4f6
data/real/10/IMG_1667831998838.jpg,0,REAL,10,.jpg,640,480,RGB,362261923b23ef709ea71da8ad9a0f03a0d2618411ba5d56add471955b5e52b7
data/real/10/IMG_1667832012209.jpg,0,REAL,10,.jpg,640,480,RGB,7e46f935ffb0768b82524a369794a7f1ef0bb5bbb40117a00bdcbe02193110a4
data/real/10/IMG_1667832015824.jpg,0,REAL,10,.jpg,640,480,RGB,453a54820fd949bdbc1ffd487ef33ef843a2386eeec638a07ff5bd344336c50d
data/real/10/IMG_1667832022080.jpg,0,REAL,10,.jpg,640,480,RGB,70af9816fbae228d36095982ab163e31fdc9e3aae54b246d1db16455dabf2b5c
data/real/10/IMG_1667832026363.jpg,0,REAL,10,.jpg,640,480,RGB,96f98e3375763e06493a119f5f56208ab1685a6a04a9a673b668766cadf9e5f2
data/real/10/IMG_1667832031857.jpg,0,REAL,10,.jpg,640,480,RGB,84b4deb451950f8a0a3d4c5c89ba61b00822b44fe115fd3de549992d71580cdc
data/real/10/IMG_1667832209814.jpg,0,REAL,10,.jpg,640,480,RGB,25272cebaa7ea872b0caa6df2d8c95fd5f02ccc26990a085671eee3af788b2e6
data/real/10/IMG_1667832215039.jpg,0,REAL,10,.jpg,640,480,RGB,85b42708f8fca692e1ce3a4f63ab891f2ae858eb83a26e0756cd8ac04ce1e006
data/real/10/IMG_1667832225865.jpg,0,REAL,10,.jpg,640,480,RGB,6ee97ee98b230e5c15909ab4b890f0b34bdf205f3567188e965a05ba1069992e
data/real/10/IMG_1667832233795.jpg,0,REAL,10,.jpg,640,480,RGB,755498b36b64280ba02cc0a62519d681580942e716e5f42cff3ad62009a88a6b
data/real/10/IMG_1667832243487.jpg,0,REAL,10,.jpg,640,480,RGB,d93bc69b70b397f3d4ec1e55431f8aec66e458e9a7773871c8b08b34d4e7f310
data/real/10/IMG_1667832248327.jpg,0,REAL,10,.jpg,640,480,RGB,3d2cf0ba760831dac91687d807a513f35a034d0c0fe12354700cde87495344c2
data/real/10/IMG_1667832251841.jpg,0,REAL,10,.jpg,640,480,RGB,85e6b8056517c24e7c2b2167a99a3dd9dbec0e54b93667985b25944b3701cb7a
data/real/10/IMG_1667832262421.jpg,0,REAL,10,.jpg,640,480,RGB,d933b82b61d9796a668aec575e9cecf12a801959055bda685761dce603e5d62a
data/real/10/IMG_1667832266540.jpg,0,REAL,10,.jpg,640,480,RGB,10502ed97398e9432d3e430af4740b99f9ae0be9c40ab343725bdfd50f1b9b92
data/real/10/IMG_1667832272739.jpg,0,REAL,10,.jpg,640,480,RGB,481111d3616475769a4475784c377542e4a8591aa3facab8ebcd340c03564d50
data/real/10/IMG_1667832293179.jpg,0,REAL,10,.jpg,640,480,RGB,0530a59c4506960a89ff1dd7d6ce23f8a473d958bbb8f810cc8d9743e8b87610
data/real/10/IMG_1667832297692.jpg,0,REAL,10,.jpg,640,480,RGB,a81b9632439fedb0d9045fd9d906e99a7935611297c4497bdc248630761103a5
data/real/10/IMG_1667832301688.jpg,0,REAL,10,.jpg,640,480,RGB,457b93ac8e668896fa3bbce3ab5f5c07e3c86e2ad8719561c3545d2fd6ce38cb
data/real/10/IMG_1667832306624.jpg,0,REAL,10,.jpg,640,480,RGB,69c6a85f626c72c47031c2f14d9478bc12a3cab3a9d479f99580b7e6a12c31ac
data/real/10/IMG_1667832317760.jpg,0,REAL,10,.jpg,640,480,RGB,b74395ee6e48c4c2e831619ca006a96622db4a9f996ca7a2ec235e46c525ac71
data/real/10/IMG_1667832322976.jpg,0,REAL,10,.jpg,640,480,RGB,6a64e5c3a83ec38dbde6f6d60eba1785f6d5c29114afe116d044f5f9bf30f6fc
data/real/10/IMG_1667832329617.jpg,0,REAL,10,.jpg,640,480,RGB,f2d253b954ed14c909642a40465c9092ac741c7154ee19a4c205f776b1e29a2f
data/real/10/IMG_1667832348156.jpg,0,REAL,10,.jpg,480,640,RGB,1a6fc2c00e10f7f01eb98fbd29733d68223c865881d06bd6a60e85aec1c46552
data/real/10/IMG_1667832355678.jpg,0,REAL,10,.jpg,480,640,RGB,61a031e45e1f2ba27a3614e4a0f75a953fc8ffe3980a1d890203be97b16e5c16
data/real/10/IMG_1667832360377.jpg,0,REAL,10,.jpg,480,640,RGB,88fbdded47503aa5dad4a1e773cd7437412f99432d8882113449bea95d246896
data/real/10/IMG_1667832364718.jpg,0,REAL,10,.jpg,480,640,RGB,c3719bf6ab3dc7c80bc98fb93c7b3898783c46b95b7a85d3bb81b4b14fa4cc97
data/real/10/IMG_1667832396527.jpg,0,REAL,10,.jpg,640,480,RGB,2456fa2007d1f17d80b10bbfab26b80b285507b81ce002518907768becbed1f3
data/real/10/IMG_1667832423629.jpg,0,REAL,10,.jpg,640,480,RGB,24fe75b5c3090339686ceb4c6470be914291c81b921132ca412cd5fa827a56b1
data/real/10/IMG_1667832440529.jpg,0,REAL,10,.jpg,640,480,RGB,e4312c31d5f8c1ca80663f98259f1c20733a7188174bf56be62cef95190f5921
data/real/10/IMG_1667832466774.jpg,0,REAL,10,.jpg,640,480,RGB,0e5316f15ba1bf91512ccb963baf1f2c99909a59ede7a8359b5a64c34df865cb
data/real/10/IMG_1667832501930.jpg,0,REAL,10,.jpg,640,480,RGB,c484dde4cc5cf1acebfae6d9ef4a2714db221f8c9b4289844de5fb056be996c1
data/real/10/IMG_1667832539146.jpg,0,REAL,10,.jpg,640,480,RGB,5364f4f95430788c5add7ab95261203cd29223d775b31dd75f0c1516fc5fb6e2
data/real/10/IMG_1667832552911.jpg,0,REAL,10,.jpg,640,480,RGB,d79a9026ec4dc36be4280be48c63a553e3486d7c69d415b8bc8d95159e8d8d93
data/real/10/IMG_1667832588599.jpg,0,REAL,10,.jpg,640,480,RGB,c89e1c526f4a90b9c65cd0298cf8b6cce8394afa75916b3d61377a118234b198
data/real/10/IMG_1667832612024.jpg,0,REAL,10,.jpg,640,480,RGB,576f7af74efd5b174148be8b955aead98e2df70bdf28dfb0d25e7e24bddf6207
data/real/10/IMG_1667832641821.jpg,0,REAL,10,.jpg,640,480,RGB,1e081ee678e815996a4fd8f6ce46389b7648025deb36b134816dccad3dc51c2b
data/real/10/IMG_1667832648945.jpg,0,REAL,10,.jpg,640,480,RGB,445692cc1332c4cb92384e8e1b7a192dab93c296132b233892c17b362e8ca325
data/real/10/IMG_1667832655103.jpg,0,REAL,10,.jpg,640,480,RGB,be566a8499306688b4bcf5accb98086c45805e2bd849f523b25b0f94ad072560
data/real/10/IMG_1667832662991.jpg,0,REAL,10,.jpg,480,640,RGB,583ba271d000d4a8a6339c1eb78a860cfa4159d04476974e00d311a1a3fa0239
data/real/10/IMG_1667832668199.jpg,0,REAL,10,.jpg,480,640,RGB,17168103624de0a1ac765bf7ef7ac169fd1ec4ac3201beef0b95f3c6d08f9cce
data/real/10/IMG_1667832672628.jpg,0,REAL,10,.jpg,480,640,RGB,8d6c3b76790b12b20566d06d0239326a592c843fc04326a772d81c8acfeabc8d
data/real/10/IMG_1667832677262.jpg,0,REAL,10,.jpg,480,640,RGB,36881d85c955491184bc9178c17c79ff3a9941b7b88849f53ab760106168f9fc
data/real/10/IMG_1667832681657.jpg,0,REAL,10,.jpg,480,640,RGB,12cf9af5818a5dd4c57196cc40ef4c57e49aaed4d2eabb635ec984722e26b00b
data/real/10/IMG_1667832685853.jpg,0,REAL,10,.jpg,480,640,RGB,04cbb0bf7a1e35324bce83612073552ba3f8e3e6bee4cdea0cdc35a3f0560494
data/real/10/IMG_1667832696280.jpg,0,REAL,10,.jpg,480,640,RGB,9955098fdee40a228a55dbd967537e7a0052b194aaac82f2149f6872d473a3e5
data/real/10/IMG_1667832711879.jpg,0,REAL,10,.jpg,640,480,RGB,e289c829a79bfd4b7b4e55b7619675c55552d87006f01d4016ef449f785ef672
data/real/10/IMG_1667832727323.jpg,0,REAL,10,.jpg,640,480,RGB,7808237484673d89d05b48b58d4132b20b3c80eb4fbe9446a92b2ad59bf5453d
data/real/10/IMG_1667832739708.jpg,0,REAL,10,.jpg,640,480,RGB,a27c88b8af8667bff8e74c00029b00d7fef71198c1d381f85579222f0a84b3cb
data/real/10/IMG_1667832744664.jpg,0,REAL,10,.jpg,640,480,RGB,fb7c03bb968ab4b0089a807d0e47d222c7e88efa89f6e533170745a448024b9f
data/real/10/IMG_1667832758198.jpg,0,REAL,10,.jpg,640,480,RGB,0d8bc8295828d0e8faabb608b22e592f0ed6ab7a1f0b67900a6748713be0e9a2
data/real/10/IMG_1667832777339.jpg,0,REAL,10,.jpg,640,480,RGB,6b0e0ea3232000a373835f91e6bb737de45070dbc4b5cd24a770ccca6a072393
data/real/10/IMG_1667832782706.jpg,0,REAL,10,.jpg,640,480,RGB,ca4274e66d9ee8bcb968924f13f04c89e6e29f0ec1fab159c60db09c93846649
data/real/10/IMG_1667832814554.jpg,0,REAL,10,.jpg,480,640,RGB,3c71dc2232c3f65419a55d8746dfb8ee6c3be2a40d29bdb1867771249596262b
data/real/10/IMG_1667832820405.jpg,0,REAL,10,.jpg,480,640,RGB,0e21d8b368fc1e0d4bb964df927364713d607fe993906aeb62883e3589e134f4
data/real/10/IMG_1667832844956.jpg,0,REAL,10,.jpg,640,480,RGB,148f900525c6a85060975425138af1da332e73f780ae36c8d32dc5aa63ffc4c5
data/real/10/IMG_1667832854547.jpg,0,REAL,10,.jpg,480,640,RGB,ad10bda1747df8023c68db9bc7685c645fab5337d1c5b0b1c837917e21fb1f8e
data/real/10/IMG_1667832901150.jpg,0,REAL,10,.jpg,640,480,RGB,1b148abd97206ff1ee6942a391badcb05e9a9d8c87c5a685e6c870ac5a50a194
data/real/10/IMG_1667832914480.jpg,0,REAL,10,.jpg,640,480,RGB,a1ae982d05778f6d88f465c96e02e7719fab28c445a356ee8c57504f6cead654
data/real/10/IMG_1667832921609.jpg,0,REAL,10,.jpg,640,480,RGB,f0fe97b7d81b6a394db61bc2f340182fc6df48543f9558f7b1b6a09cf62ccf44
data/real/10/IMG_1667832939042.jpg,0,REAL,10,.jpg,640,480,RGB,9f1a1d8683e45a2e38353dab2ff95b627004d7ea441fd7304d53a5f689de3978
data/real/10/IMG_1667832961217.jpg,0,REAL,10,.jpg,640,480,RGB,da14a6f6019015ae51134331e4951ab1f4a1eb54a92c562a83953ff90b999e5d
data/real/10/IMG_1667832988137.jpg,0,REAL,10,.jpg,640,480,RGB,7476000bef0a0d00dafe3a16af3b4e263b7844a154c5b8469df7643680e2a825
data/real/10/IMG_1667832996473.jpg,0,REAL,10,.jpg,640,480,RGB,ea0bfd4db94a6406105cf8e49dce7a2f542d14fca1a17593e13d9ac3708d2c1f
data/real/10/IMG_1667833001441.jpg,0,REAL,10,.jpg,640,480,RGB,631aa3d5c8faf4b52359797e5c3663ffdd341e644d2cd6bd8c3613ecd4f36aa3
data/real/10/IMG_1667833005922.jpg,0,REAL,10,.jpg,640,480,RGB,fa5270d0bb88d363e47d9342976638f41bcc38b28209facd6269d08c66d439fd
data/real/10/IMG_1667833010650.jpg,0,REAL,10,.jpg,480,640,RGB,fef0a8bab9c04b07a2686bdabb0902b7adbbbefd2e6b33a2a4d2af3e3104d5d7
data/real/10/IMG_1667833021054.jpg,0,REAL,10,.jpg,480,640,RGB,4c2519ee01f4ab08f3f1551afd5e87366502040e7bfc34b855fdb06998f60af8
data/real/10/IMG_1667833029101.jpg,0,REAL,10,.jpg,640,480,RGB,0bd35ecb2a9238d36f7d85e0cdfbfd91ac4e1f09d910025a3b7589d50150426f
data/real/10/IMG_1667833043224.jpg,0,REAL,10,.jpg,640,480,RGB,8e1da72faf69d61eca761ba26a8097e069a5f966767154db14e58ffaa2de02df
data/real/10/IMG_1667833047947.jpg,0,REAL,10,.jpg,640,480,RGB,8775efde0dde9e61acffea9d4222b17e0c7e29363b8ddad91829bc751a94f8b3
data/real/10/IMG_1667833055622.jpg,0,REAL,10,.jpg,640,480,RGB,3f378c3ecb0df8f82c7d8e8449132b3729514a0fa98cf54bc743429bc937df79
data/real/10/IMG_1667833085592.jpg,0,REAL,10,.jpg,640,480,RGB,bceceb58aa982121269a841d10a5600962b171a9d942717707b1b3256fe1e665
data/real/10/IMG_1667833095929.jpg,0,REAL,10,.jpg,640,480,RGB,888686adb51b930eb2e1621a7a3fff75a685746e4f01824706033dbe8ddab5a0
data/real/10/IMG_1667833117705.jpg,0,REAL,10,.jpg,640,480,RGB,31cc86b46fc9a66027ed48cc4ae525e7a8ddb617b5f798d6e8ecfe1f98636e52
data/real/10/IMG_1667833140727.jpg,0,REAL,10,.jpg,640,480,RGB,4ef058ba3ddd5017c24d37c8e3d3adec7fdaf3ab709df680cd904ef4517c0f44
data/real/10/IMG_1667833157820.jpg,0,REAL,10,.jpg,640,480,RGB,47b0987422dc96865077bd8d2a7907debbcd39a5766932ec9bc4af853ec22c6a
data/real/10/IMG_1667833171210.jpg,0,REAL,10,.jpg,640,480,RGB,f39f2f208b3905a8ac7bc24c0a2e69cf1aa29d76bdec8b80230aa29b33b9c1a5
data/real/10/IMG_1667833588166.jpg,0,REAL,10,.jpg,640,480,RGB,f6e8273bae97bd2b8675fb4bbd211a718b71088ed9160f03d363e8d080c24caa
data/real/10/IMG_1667833604515.jpg,0,REAL,10,.jpg,640,480,RGB,d24c8ffb66b7c7a3c1bf08108ce3131748e36382de29845bc95c423744381c25
data/real/10/IMG_1667833627905.jpg,0,REAL,10,.jpg,640,480,RGB,f44b0a5b816269f38adacb0277a4c0f375d78aaad0101a17ebb0dd619483fee5
data/real/10/IMG_1667833750303.jpg,0,REAL,10,.jpg,640,480,RGB,d850c113f2bf418c57435e8d68148fa1678bb937aadedcbf9dbfa999f1441962
data/real/10/IMG_1667833755704.jpg,0,REAL,10,.jpg,640,480,RGB,c4cee55cc999be4065f6b8fab726f0585ce54ef6c254a714c21c0f25490a1127
data/real/10/IMG_1667833761866.jpg,0,REAL,10,.jpg,640,480,RGB,1b97f53e5a396fed5eec3713ada173c431f70faa2298bee0cb1e13d32fee20d4
data/real/10/IMG_1667833767314.jpg,0,REAL,10,.jpg,640,480,RGB,bc81275bd5d0b44cc213760042c837696727895b79a827b2defe1cddb4ad924a
data/real/10/IMG_1667833777437.jpg,0,REAL,10,.jpg,640,480,RGB,ca59ba303116b9b8ec8be1296a9f343d302a0ec0116be3af8778e843142ad563
data/real/10/IMG_1667833781763.jpg,0,REAL,10,.jpg,640,480,RGB,6db39aa0b50ef7205ddcb08a28fc4b5c0d92020d683e4197f52222077c37db9a
data/real/10/IMG_1667833787330.jpg,0,REAL,10,.jpg,640,480,RGB,67f8e3a7f94dea8e535ac98775761c37efcad6084acf9d2625a6dd1315bdaa22
data/real/10/IMG_1667833806582.jpg,0,REAL,10,.jpg,480,640,RGB,e6b6b9a2250743e0b2f7eccf13ec8f23fa90ac36cb81f2a7e80e7c3f99f38ad3
data/real/10/IMG_1667833810497.jpg,0,REAL,10,.jpg,640,480,RGB,d5d2f9072985d512f7739ff4a7201ed6818fd54eb748a3ad095934e2ab2519e8
data/real/10/IMG_1667833818676.jpg,0,REAL,10,.jpg,640,480,RGB,09f38cd7a3ac86d71d7ce1b7954d33fcce095cb6cdf58eaf3442d3109eb1d2d2
data/real/10/IMG_1667833827027.jpg,0,REAL,10,.jpg,640,480,RGB,b3afd22b2485ab07e22b7166613e48509da87c7cb62eec73817340dd914f1247
data/real/10/IMG_1667833831230.jpg,0,REAL,10,.jpg,640,480,RGB,04d559e960bc3de8ed6e8ca24a4f1ca06b8a4d5015b84428d41391d80fe20321
data/real/10/IMG_1667833836211.jpg,0,REAL,10,.jpg,640,480,RGB,4e42a92d1da1101a65df0f6144102655fb29abc816b436af2263bd15df666c56
data/real/10/IMG_1667833904213.jpg,0,REAL,10,.jpg,640,480,RGB,e4c6c9e8c73df431cd25dd8f67585e234f74db0c8fb0432e5a718c3faa8848be
data/real/10/IMG_1667833908447.jpg,0,REAL,10,.jpg,640,480,RGB,63c5a05a542becbb2c73951d8d82e38f71edc545075a30e297fa958b4a5d4db1
data/real/10/IMG_1667833913541.jpg,0,REAL,10,.jpg,640,480,RGB,5d2a5b8a07b12a84d072d38d0ec9d8fe35c0c9f35cd61affb28fb4565536f42d
data/real/10/IMG_1667833932423.jpg,0,REAL,10,.jpg,640,480,RGB,772d4d976da000221545577d3754e81ede0e8d51f7229d7c12c112bff2b2077a
data/real/10/IMG_1667834011760.jpg,0,REAL,10,.jpg,480,640,RGB,53cbfce77e174084c56ee15c72a40f110ac11ce78c582619f4e599a56605de5d
data/real/10/IMG_1667834065807.jpg,0,REAL,10,.jpg,640,480,RGB,0a08c4de2da6c3bdc4d0553997efd733ce013b3688a4dc6ac51188436537438d
data/real/10/IMG_1667834089038.jpg,0,REAL,10,.jpg,640,480,RGB,c8a654a60c83bf140a0a3c3c8a1c0dee500600b56e343ac0c2f945720d817e4e
data/real/10/IMG_1667834094797.jpg,0,REAL,10,.jpg,640,480,RGB,2c42997ca12f75adfbfd0b637765e0f0860505d3869bfb7e6ce19ad6055865fe
data/real/10/IMG_1667834103712.jpg,0,REAL,10,.jpg,640,480,RGB,db289b343fd2df4413ae09f708a5fd610c156dde255736b6de9f7713803742af
data/real/10/IMG_1667834154448.jpg,0,REAL,10,.jpg,640,480,RGB,d80d263d400c2cc8f4e33dc4bdac7eed609c7415a556e903b5a12327f9c17f2e
data/real/10/IMG_1667834416802.jpg,0,REAL,10,.jpg,640,480,RGB,e3fe519f235f99c69296ae121543796f7ed69392cc01429bf722efe28bd964b1
data/real/10/IMG_1667834445132.jpg,0,REAL,10,.jpg,640,480,RGB,6658d16d1befb59845f33852bdb1d39801ea39c013dc20a4a5d2f8453024bc46
data/real/10/IMG_1667834541791.jpg,0,REAL,10,.jpg,640,480,RGB,68916487b7446fb15b23b944b5e87f2aef022bf4f61bb43b4c5d927d7f97db10
data/real/10/IMG_1667834555721.jpg,0,REAL,10,.jpg,640,480,RGB,74006513fab8626c2533a937e31499f77ffbf6da2ce12a91fce3102a6f8819f2
data/real/10/IMG_1667834570000.jpg,0,REAL,10,.jpg,480,640,RGB,093e284e694173b8dbf6eabef6664296b8e2beb92abfc09b8300fa96754d7d0a
data/real/10/IMG_1667834581748.jpg,0,REAL,10,.jpg,640,480,RGB,dd6b2dc389ddbdca7a5d4231a98950e37d757cc27fcdf1773ecffe92672c9f92
data/real/10/IMG_1667843000035.jpg,0,REAL,10,.jpg,640,480,RGB,243d3d5fc97719217c4f1bd99c87467d86a2fb2a5e2f4b92d8335604cc19b0c6
data/real/10/IMG_1667843003791.jpg,0,REAL,10,.jpg,640,480,RGB,fccb2970e5d93ad5ef04b533273d6bd4fcfd0e0b7e6aeaa1f244cb8808d92b18
data/real/10/IMG_1667843014221.jpg,0,REAL,10,.jpg,640,480,RGB,ea628f1df0f452063389b22e9bf239f6bc8da5087eef1477c51e04c7b1356a19
data/real/10/IMG_1667843019637.jpg,0,REAL,10,.jpg,640,480,RGB,83e346082829fb8ccd18c9a2776bd4f87790e51f077e50736d3c9df0a3ef5935
data/real/10/IMG_1667843033215.jpg,0,REAL,10,.jpg,640,480,RGB,5f62c1c69421850ae4903a4d8e41627d3f38c1b574053c0c7f0399abb124cbff
data/real/10/IMG_1667843052334.jpg,0,REAL,10,.jpg,640,480,RGB,5400ce3e972d5c97ba6ccbfe15bc1452c367451d76d9b8363bc99f9812ef4e5b
data/real/10/IMG_1667843056276.jpg,0,REAL,10,.jpg,640,480,RGB,91ca2bd95727bf90fac0947099e6350d2331eb5af81261830b2e892e00521ac4
data/real/10/IMG_1667843116031.jpg,0,REAL,10,.jpg,640,480,RGB,561f53c798d67a6a7208b5e84f4f9134dda111ce6c4f4af17bb5a178b697c5c7
data/real/10/IMG_1667843119384.jpg,0,REAL,10,.jpg,640,480,RGB,d5e9b7b2479bd7f44dcf4d7a0be7534e3f079c2ed916205a7b5a5d9d7025bea7
data/real/10/IMG_1667843140069.jpg,0,REAL,10,.jpg,640,480,RGB,70757dd30a825ad97360b89575b865867961bcea50277d6273ee1d0810a10048
data/real/10/IMG_1667843146645.jpg,0,REAL,10,.jpg,640,480,RGB,2a681c07f404f9a16c6744545e6b40f7d153985198ce07285cbb396a7a415e5c
data/real/10/IMG_1667843150715.jpg,0,REAL,10,.jpg,640,480,RGB,85b070f9187125b86e521183759f66ec9385fef9eec6d6b0ec9efd8e9d1f7fbe
data/real/10/IMG_1667843173728.jpg,0,REAL,10,.jpg,640,480,RGB,1a5672d626b8c3eb1f010009b84dd66c3f74fd675487082bd9232365dbdaf66b
data/real/10/IMG_1667843177180.jpg,0,REAL,10,.jpg,640,480,RGB,d5c3db612956753a4e92dffe181f626b2214d05f71095133f884b9c7a7c427df
data/real/10/IMG_1667843180412.jpg,0,REAL,10,.jpg,640,480,RGB,06bb4e33adac01a02405ee935087c5c23a725168ce18b21b74fdee65583e9ebe
data/real/10/IMG_1667843184835.jpg,0,REAL,10,.jpg,640,480,RGB,21e433791bb76e3e2aba0fdf0cb4a9d72887a02e7b7b5135c8cfbb9a8332e396
data/real/10/IMG_1667843238188.jpg,0,REAL,10,.jpg,640,480,RGB,93254cb5076da6e546b92b6ee1e45323d61535a8e3fbb48ea3936fad1ad5f179
data/real/10/IMG_1667843241479.jpg,0,REAL,10,.jpg,640,480,RGB,864689d9c7b68628c0d8387b5c22f3ff8dab53e2ef14a31f59dc634c65a5c3e0
data/real/10/IMG_1667843246526.jpg,0,REAL,10,.jpg,640,480,RGB,9dd4f66d194306d78a3fd9426a1089d3e563873572c11c55f83a25252d51e687
data/real/10/IMG_1667843250754.jpg,0,REAL,10,.jpg,640,480,RGB,a345d241c6c79f7c0b1c7952bdb260fc7ff14da1af4fe16bfa706a00a5be9a00
data/real/10/IMG_1667843253832.jpg,0,REAL,10,.jpg,640,480,RGB,3919bb21733f000af7f55cc2e2e83bf9daecf6df318774ed040d1e363b57ef83
data/real/10/IMG_1667843263919.jpg,0,REAL,10,.jpg,640,480,RGB,13c44fa89b432be4ba0e2418076c927f580574b8b8619db009899acc30263e78
data/real/10/IMG_1667843292149.jpg,0,REAL,10,.jpg,640,480,RGB,90eb0de6924004e3a3aad0eb9df8b4f914b86206c192f4c93b716986bb7ce0d4
data/real/10/IMG_1667843295689.jpg,0,REAL,10,.jpg,640,480,RGB,d6556204173c62aa5fdaae0ccd4fc433feeb5fb7cff14a508336b22e4e9f3c03
data/real/10/IMG_1667843300579.jpg,0,REAL,10,.jpg,640,480,RGB,6f2211087afd24a9410a0baa6f7de9c0b85d948b8f5ab44819cee7c73e6cfeb7
data/real/10/IMG_1667843304613.jpg,0,REAL,10,.jpg,640,480,RGB,35909a6b93998a916fe0fcdf06a6d2a26252fba0857edb18cc8199c9d75dc069
data/real/10/IMG_1667843308276.jpg,0,REAL,10,.jpg,640,480,RGB,50dbdd674efb8a81502b81a034ad39d94e168de09b6735b4b70be553137f94cc
data/real/10/IMG_1667843311490.jpg,0,REAL,10,.jpg,640,480,RGB,12d14581de0a21c8fd02dc851bc12ccd537cfaf6e6f2c574a58762523a9dbf18
data/real/10/IMG_1667843319074.jpg,0,REAL,10,.jpg,640,480,RGB,e2543efa2f33b52674291cc88b804a170f797d74289da5bbaf4f91f7c32676db
data/real/10/IMG_1667843325812.jpg,0,REAL,10,.jpg,640,480,RGB,687d116f0fdc1e44a5a2dee8bfa011570cfd2512a6c5be4342e06ed5c73b4355
data/real/10/IMG_1667843337277.jpg,0,REAL,10,.jpg,640,480,RGB,46b2944a2baa40877de4ce4af4af17495c3ac5869e5052d0ba132cdaf49e81df
data/real/10/IMG_1667843344119.jpg,0,REAL,10,.jpg,640,480,RGB,2f7b4b06596088a25ba6df6d558829448a239534b328ff84197804fa7dac2d78
data/real/10/IMG_1667843348545.jpg,0,REAL,10,.jpg,640,480,RGB,b983639301ee12c4e3c186a95c877ca3c160f1e5bf88826e6df7716d5331db89
data/real/10/IMG_1667843352463.jpg,0,REAL,10,.jpg,640,480,RGB,8d2552bb991d29db32b0585909c0a580a30d7b583058823be1937c139eb0bbda
data/real/10/IMG_1667843357446.jpg,0,REAL,10,.jpg,640,480,RGB,98dfb0203796552d863c2a5f382e80634a04840157fb1395579c6508c7fa1e7e
data/real/10/IMG_1667843361741.jpg,0,REAL,10,.jpg,640,480,RGB,764b0d581af750098f5ae71395cb08e5e2a46a1d101fe1348791e36198da980e
data/real/10/IMG_1667843365999.jpg,0,REAL,10,.jpg,640,480,RGB,5bb82b4d479d8878fc65503cb7c621f588eb47a22b7754c2f6f0d4ba7736b11d
data/real/10/IMG_1667843370641.jpg,0,REAL,10,.jpg,640,480,RGB,00e0ea4c2acd97987f2fe44a47505ac5a4e2e8e8cc8af0f86f905e022d6c1b59
data/real/10/IMG_1667843393374.jpg,0,REAL,10,.jpg,640,480,RGB,dc380284a1ecd2ced8b00530d7d1926143d81ca95e551ae1a9504150fd3b6ae1
data/real/10/IMG_1667843396918.jpg,0,REAL,10,.jpg,640,480,RGB,1e92a8b0950286e99f903a3dea1923759947609a59ec2ae61f5776c7e5cc20d2
data/real/10/IMG_1667843400140.jpg,0,REAL,10,.jpg,640,480,RGB,defc72010e42fb04cc15dcc0460819cf32b943237aa1139d04a458ae6c13b5cf
data/real/10/IMG_1667843413944.jpg,0,REAL,10,.jpg,640,480,RGB,d76b56a379b7fbcaeccfcbbdbac2650b0839498f3d82113655cac044dbe2b9c6
data/real/10/IMG_1667843417499.jpg,0,REAL,10,.jpg,640,480,RGB,6aaf1b53995b5364d238901fb2d1bda118d2a71196630bafcce6620fee46131d
data/real/10/IMG_1667843425445.jpg,0,REAL,10,.jpg,640,480,RGB,cc0fac8029f2c8bb63a88a9182438d6a95375f930f25f1e3ef5cf28dab4b1a40
data/real/10/IMG_1667843431091.jpg,0,REAL,10,.jpg,480,640,RGB,24e1e4dc9ec5bc246ff1be1d2045a77bbb65e9bb3a26f978e8504770675dfc62
data/real/10/IMG_1667843434523.jpg,0,REAL,10,.jpg,480,640,RGB,4950e0faa02bb187ca09f5d8cc0d403fedd2c7fd99fddab82032b2e4655ab53e
data/real/10/IMG_1667843441540.jpg,0,REAL,10,.jpg,640,480,RGB,44b52b8d65f622059f3bb05ac31d264743946d9856cd296220890960d8e474f9
data/real/10/IMG_1667843451349.jpg,0,REAL,10,.jpg,640,480,RGB,225cce18cb980a219bab3d3dcc98b10aa639b5f736c9b7f5f4a591252e2ab59c
data/real/10/IMG_1667843455501.jpg,0,REAL,10,.jpg,640,480,RGB,967228ba5907380dd8b57388b9da6f6d3ce80f7186745cf221bb39dcd01d7e46
data/real/10/IMG_1667843462289.jpg,0,REAL,10,.jpg,640,480,RGB,a8883e9f2ec27cd406c00beb0eaefbe71789e7bc9042376b5fe9fa7c3aad8c87
data/real/10/IMG_1667843484294.jpg,0,REAL,10,.jpg,480,640,RGB,293d1a9421db24d54b4449c78a38bca22aa804e6b5538470004b6819ba53743b
data/real/10/IMG_1667843505414.jpg,0,REAL,10,.jpg,640,480,RGB,4e029ad16fcc0ef4ed8ce6c849440e593e127b4d9a2e541ad0f9c40adda80b10
data/real/10/IMG_1667843509925.jpg,0,REAL,10,.jpg,640,480,RGB,5916c76e904d474b47314cd51fbad74fd359cd51732a57e8a7fd8821e04ad71d
data/real/10/IMG_1667843513898.jpg,0,REAL,10,.jpg,640,480,RGB,fb96455c912dd6ad0cdabfab758db272f2649249ada65e3a460b6f15b23ef2e5
data/real/10/IMG_1667843560549.jpg,0,REAL,10,.jpg,640,480,RGB,b4db1bc07df18d65cee06e4f3d9505b4535f48e0b03610699819e79e8b52c19f
data/real/10/IMG_1667843564826.jpg,0,REAL,10,.jpg,640,480,RGB,b97c5980fb1dc449a865c18a3699618eaefe728618ee5f36072748ca73dbd725
data/real/10/IMG_1667843573614.jpg,0,REAL,10,.jpg,640,480,RGB,583d3dfb9066c62425c9392b0943b4f12a9c29af5f931fd3bfc6e48fdfed351d
data/real/10/IMG_1667843580464.jpg,0,REAL,10,.jpg,640,480,RGB,f58b9f6914e939374c4b9a1d5ea64bffd014c16155af862987589fdf2acd39e4
data/real/10/IMG_1667843585720.jpg,0,REAL,10,.jpg,640,480,RGB,dd669e9df21134ff295dd7f38fb6b11e93249e4ca6a000ea8fcaa481ac34461b
data/real/10/IMG_1667843589301.jpg,0,REAL,10,.jpg,640,480,RGB,f70ea99a8dc1a23087071e29396747dd52e0308c15408750dd4a74a19da98f02
data/real/10/IMG_1667843612220.jpg,0,REAL,10,.jpg,640,480,RGB,99aa8668f91af84647eb9b83c91b67128f791b2d18df61d3cd664795891abdd1
data/real/10/IMG_1667843619845.jpg,0,REAL,10,.jpg,640,480,RGB,2259f207d374960f8f865da40082825f6f26c1e3fd72b9c12e43fad52d4b95e6
data/real/10/IMG_1667843623527.jpg,0,REAL,10,.jpg,640,480,RGB,a945cd8130d3a0fc02a4683f988260ddafd0eae932e1d7159d5ad174fbdefa67
data/real/10/IMG_1667843628087.jpg,0,REAL,10,.jpg,640,480,RGB,dbe38a0174a538c38d66ca51e207d4fc1707fc3cb67b3f60de8fd161460295cd
data/real/10/IMG_1667843631869.jpg,0,REAL,10,.jpg,640,480,RGB,8595217a94eb0cfdc5893d728edad79fff1d8d1f67f1520a29f937047c9dfa3c
data/real/10/IMG_1667843635447.jpg,0,REAL,10,.jpg,640,480,RGB,40dc49754761b9055250c2b02e904f26bad5750559b3687812062bef39251f3e
data/real/10/IMG_1667843638548.jpg,0,REAL,10,.jpg,640,480,RGB,a0bbafc25c2254bf69e2d3c6b11a734eb0a4b54c5c9c85de791b3974e41e0736
data/real/10/IMG_1667843643820.jpg,0,REAL,10,.jpg,640,480,RGB,d0bfffe669f3a0a2ebb1b36ee2d98b7ed3a8572d91969cbe678e5740b3dcc4cb
data/real/10/IMG_1667843657497.jpg,0,REAL,10,.jpg,640,480,RGB,788d11ac76bcec400fa2a67baf0bbcf226c3491c28ea40d3c31ffec03d8846ae
data/real/10/IMG_1667843668414.jpg,0,REAL,10,.jpg,640,480,RGB,24c1609b78ffbbb4217a57446d2d194636832379910662841bf15682a3c98241
data/real/10/IMG_1667843715868.jpg,0,REAL,10,.jpg,640,480,RGB,066a1c988d68b5d72ebb3857ad60657771075d001d08c229b88ac625f9129d57
data/real/10/IMG_1667843721032.jpg,0,REAL,10,.jpg,480,640,RGB,b1ac3b1676a26266a14bce8e8111222a605143ada82ebac858a3391a7db34573
data/real/10/IMG_1667843731151.jpg,0,REAL,10,.jpg,640,480,RGB,a71b4fdd840028c150dac2eb1e5fd418cb96209d6dc61e24c4516a8b265919c8
data/real/10/IMG_1667843735942.jpg,0,REAL,10,.jpg,640,480,RGB,207992a4d161a76a7e896f4ffa521c3b9383046379c8c990b39074d1c895ccdc
data/real/10/IMG_1667843750608.jpg,0,REAL,10,.jpg,640,480,RGB,3a7563310e0587a0641e1339a0db2f85284b1cd1b024536d51a941a6c61a45c3
data/real/10/IMG_1667843758130.jpg,0,REAL,10,.jpg,640,480,RGB,8d3fc86b27e33e098a621b1dcaa4b0e010b27be4bf4da3ff5f07cd3a1e4203ef
data/real/10/IMG_1667843767651.jpg,0,REAL,10,.jpg,640,480,RGB,8f9b4c2f881359da74f0b7775c3358d9455a04331026b08fe41d3f3fe41065fb
data/real/10/IMG_1667843781629.jpg,0,REAL,10,.jpg,480,640,RGB,489d7e1ef956ceddc4c7a419c70213b06cfa75f63510810225c064a4ba712ab2
data/real/10/IMG_1667890144444.jpg,0,REAL,10,.jpg,640,480,RGB,53bb6719d996a6f912c8b0e7cc476cf5c08024c7aa81420f3c4dcc95017c219a
data/real/10/IMG_1667890160583.jpg,0,REAL,10,.jpg,640,480,RGB,3e11d9524db17ff02d2a00aeb6e5f9edc9e6b38fe0cf5f92f5e07c569b205b39
data/real/10/IMG_1667890166532.jpg,0,REAL,10,.jpg,640,480,RGB,39b059f398c358e1ffbdcec452a7693df9d6a49715e91accd325bf7a993ee979
data/real/10/IMG_1667890171028.jpg,0,REAL,10,.jpg,480,640,RGB,77ef9d52cec3b841a12ac606844d437e03a3cc893e5e97d49300e93801853a1a
data/real/10/IMG_1667890175609.jpg,0,REAL,10,.jpg,640,480,RGB,0529f6e52178c120327f3b2fd4d5553c56973e4b7e65725e6e70be8bd4bfbeba
data/real/10/IMG_1667890182200.jpg,0,REAL,10,.jpg,640,480,RGB,ad7bdffc6a040dc29c1fe3252736f705091e98aa2b90d5033e2782c40787e344
data/real/10/IMG_1667890190637.jpg,0,REAL,10,.jpg,640,480,RGB,b321fdd2645f77371e476f979afc7c1fa96c99deb7a76418a833a88e9273ddac
data/real/10/IMG_1667890194915.jpg,0,REAL,10,.jpg,640,480,RGB,83be7bc52675dcc05c142415242b7c1812d34ce5b5b2fb8b14acabd5c522d038
data/real/10/IMG_1667890206826.jpg,0,REAL,10,.jpg,640,480,RGB,b6804d548625bbefbb61d638dc693a17607a922043facd6c2253f117da88d4f1
data/real/10/IMG_1667890220349.jpg,0,REAL,10,.jpg,640,480,RGB,4098548351d81608362af7cbaa9d1e3ff52cea6cebea41d750f201c6ee50103d
data/real/10/IMG_1667890224740.jpg,0,REAL,10,.jpg,640,480,RGB,a4f8760e2d94517078fa935165688b3f21ce720f11f04e67a9983fce31156252
data/real/10/IMG_1667890232001.jpg,0,REAL,10,.jpg,640,480,RGB,2647f8e2413b47fed3427e3f22a6f46acb22352d90e1d1a0e1cd9b0a1e114fc2
data/real/10/IMG_1667890238176.jpg,0,REAL,10,.jpg,640,480,RGB,5893f7c52f63dc1a8120a5e8ca89828c2c375ca48c673b30354e5992322bb069
data/real/10/IMG_1667890244749.jpg,0,REAL,10,.jpg,480,640,RGB,0542e69e36bb6d547c5c8e86cf9a60d5950f4a0b6e3cf1604174ea5efb2a04f2
data/real/10/IMG_1667890248987.jpg,0,REAL,10,.jpg,480,640,RGB,9bff35bf3f484d54cfa48f19dc0f57b1f87cdab09184809e678aa1b7b7b2d6bd
data/real/10/IMG_1667890255520.jpg,0,REAL,10,.jpg,480,640,RGB,80b8d52ae1024df4f9ca4c20e99fc00846b87ce0b267c1aec02a280bde3b4f36
data/real/10/IMG_1667890268571.jpg,0,REAL,10,.jpg,480,640,RGB,ad90078cd79a54f5c6d7d32010d67ffba222baa1971bf51df256a32e7350e04d
data/real/10/IMG_1667890273031.jpg,0,REAL,10,.jpg,480,640,RGB,0cdce64b0447862dd1b5807fb3137728ed5a21d27f65d05204f159d6ce91d381
data/real/10/IMG_1667890280235.jpg,0,REAL,10,.jpg,640,480,RGB,8f49c83c8eb90dc4b955f04a47bd09ac0a3d26dacb5f6c8071d8a9cf4f77dd12
data/real/10/IMG_1667890286960.jpg,0,REAL,10,.jpg,640,480,RGB,b9b7398c0aa08454aa99216e5291aa923d3d05a22b9f50551ae49f35c53c4cf0
data/real/10/IMG_1667890290927.jpg,0,REAL,10,.jpg,640,480,RGB,7f779019adcdd015271dc047b55188b7fbe197736445d18ca63104a92db1eb76
data/real/10/IMG_1667890300021.jpg,0,REAL,10,.jpg,640,480,RGB,266adece88ae464be2904ecbae599e05099fb9af01de7cd48370a701ff717d92
data/real/10/IMG_1667890314115.jpg,0,REAL,10,.jpg,640,480,RGB,0d44cca2bce1eacf984bb024b11518fbc19bb5b12e34744e6326a9f12d4d28e6
data/real/10/IMG_1667890322051.jpg,0,REAL,10,.jpg,640,480,RGB,51a8a8d7f3320f198ec219235c5e0da23cf2f0059edc43f9225b83fff7283b63
data/real/10/IMG_1667890326676.jpg,0,REAL,10,.jpg,640,480,RGB,2be765c412c74f5c8259399b0d6e2af8431f6f1bdb07e5ce7d7a54bca2e5bd70
data/real/10/IMG_1667890331643.jpg,0,REAL,10,.jpg,640,480,RGB,1267c13697fb4a21f944781bcb04ef86a4d18cc8733de0fd3e7e35895c9b70b5
data/real/10/IMG_1667890335378.jpg,0,REAL,10,.jpg,640,480,RGB,5d80a054dd1b0bb04b99a6c49d791fbef81994d53377bf1912cd0b77fd4c0fd7
data/real/10/IMG_1667890348370.jpg,0,REAL,10,.jpg,640,480,RGB,be9134cbca6549aebcaa10a96d58ca16aa5748028f75b99f4952cc8fe8d389d3
data/real/10/IMG_1667890353731.jpg,0,REAL,10,.jpg,640,480,RGB,9c53d0325bfaaf7364cd4fedb2b44a0ea01f3da8b734df6d6d97ab0b33717ee5
data/real/10/IMG_1667890368364.jpg,0,REAL,10,.jpg,640,480,RGB,11137203ce0fdd6278d00e013ab653236e38994846e6a64dfaa5601b23b71a7a
data/real/10/IMG_1667890372399.jpg,0,REAL,10,.jpg,640,480,RGB,d220d172bca28d820a67f3a54566228ecf26d99116ef0339787ba999c41d38be
data/real/10/IMG_1667890381279.jpg,0,REAL,10,.jpg,480,640,RGB,6d970a614bad137e08fe0de2513edf4e3e6c8b2e2ccabcd0ba47d2cf343882ff
data/real/10/IMG_1667890387521.jpg,0,REAL,10,.jpg,640,480,RGB,2ede065f8521251e32c961e6c220e4faf8c260a8f3757b30f21b5a9feb56fd34
data/real/10/IMG_1667890393182.jpg,0,REAL,10,.jpg,640,480,RGB,4d6d7507cc1cd074a88b3db5334cc5116d72124df77ccc1c17cc18c044f2ca08
data/real/10/IMG_1667890411651.jpg,0,REAL,10,.jpg,640,480,RGB,4a0f6bcf775a34255a5238740d1a4ef7027709c4593c5b4867b56c01026558df
data/real/10/IMG_1667890415733.jpg,0,REAL,10,.jpg,640,480,RGB,80cc47ac2f0192eb09773e5deaab1029343dc42f0b57c192baa7d5efd5711095
data/real/10/IMG_1667890419564.jpg,0,REAL,10,.jpg,640,480,RGB,5021fff2ddd5f3cd7a8943473d731baa60b4992efdde60ed4b33e5bb33f5c2de
data/real/10/IMG_1667890433767.jpg,0,REAL,10,.jpg,640,480,RGB,42b6554a7c47e6d54ae82881e62cd1a64259303f2cb779bc1f17699b74bb8b36
data/real/10/IMG_1667890439595.jpg,0,REAL,10,.jpg,640,480,RGB,97a4484932e28d0878f9d4a43546490e13e4eb50625da04f19911bd7961e35ac
data/real/10/IMG_1667890444057.jpg,0,REAL,10,.jpg,640,480,RGB,9c95ae373f102289cbe5fae3db9583fe915cd2707d2c8c160b6334a61f33ca4c
data/real/10/IMG_1667890449428.jpg,0,REAL,10,.jpg,640,480,RGB,8a60ad579b0fe26e7e68822d97c897c919016bbab01c9e3389569f2aae14a2eb
data/real/10/IMG_1667890463591.jpg,0,REAL,10,.jpg,640,480,RGB,592affee4217bd2ebe1e1fde79eac9362c62883cd50177799623e424fd0fdb1d
data/real/10/IMG_1667890472063.jpg,0,REAL,10,.jpg,640,480,RGB,b6fff3d1e9ee50bc35b238e098e764c3b9441921b9f9ec8568f8e2d8047ed07b
data/real/10/IMG_1667890478474.jpg,0,REAL,10,.jpg,640,480,RGB,597c2538f26221109ff573d25449f23e2bd0c3f2534e1e63e7fffaba6c88c587
data/real/10/IMG_1667890484149.jpg,0,REAL,10,.jpg,480,640,RGB,9b94168bb0b8a24a2e0d12caffdb64879a19462b118044e4d21d3200d6dac2a4
data/real/10/IMG_1667890489954.jpg,0,REAL,10,.jpg,640,480,RGB,337dd62e4f841ef22183d79497c68cd9cee1556ee4de1afe27bbcda634dcc68d
data/real/10/IMG_1667890518986.jpg,0,REAL,10,.jpg,640,480,RGB,5a29449aea02208e96cc80c70ab7749d1904a978a4d32437b0d59e7308903d12
data/real/10/IMG_1667890533327.jpg,0,REAL,10,.jpg,640,480,RGB,1a46bd9d64147b5752939e8c2e619f843f535ee624c615e7c43f19bd3306b97e
data/real/10/IMG_1667890537149.jpg,0,REAL,10,.jpg,640,480,RGB,13bbfa767a4157b43157d27c4832aef653d113af215333ee794eb717599b332d
data/real/10/IMG_1667890549169.jpg,0,REAL,10,.jpg,640,480,RGB,b3e8da6d98d753c870d6a845f9440dc40b421ece90011c4bf958aa04a9700961
data/real/10/IMG_1667890554213.jpg,0,REAL,10,.jpg,640,480,RGB,e0422cc03af896b62abd8dbee6c219a7d02db10548efe833ad9d6da44d218c73
data/real/10/IMG_1667890575187.jpg,0,REAL,10,.jpg,640,480,RGB,47bff50f6fb732c909dc438f87adf61d55362afda0586a17ad846e57a9002e71
data/real/10/IMG_1667890579595.jpg,0,REAL,10,.jpg,640,480,RGB,bb49069fa1135dc055fa93c60205e4fead1ef755871251771d7b087557b9bcd4
data/real/10/IMG_1667890583798.jpg,0,REAL,10,.jpg,640,480,RGB,a25939c1952cbaca96e84089fe7f213f16aefd096af820e76df0e103b46eacc6
data/real/10/IMG_1667890591348.jpg,0,REAL,10,.jpg,640,480,RGB,afd16afe389c0df802eec7f61ea0ce151e0597c2521bdf734a3ae568cd590103
data/real/10/IMG_1667890599362.jpg,0,REAL,10,.jpg,480,640,RGB,aa6019dfb726d35a9b4a417411989f6a78819cd5ec2a547c240ca9677618f1d7
data/real/10/IMG_1667890613755.jpg,0,REAL,10,.jpg,640,480,RGB,cb6a2a6956486fc4b25f0acdafff3d9ada9c332cf30c2d88fa9ded142922c382
data/real/10/IMG_1667890618186.jpg,0,REAL,10,.jpg,640,480,RGB,49e4a2cbff16eb77c3e3379f8cae9646177ea6dd1ead94e3f23403a6a5362b84
data/real/10/IMG_1667890808860.jpg,0,REAL,10,.jpg,640,480,RGB,77e6a61ec6ccd82dab4b76ca672e7d6d1337e2451e5e5f25791ea005a59021c5
data/real/10/IMG_1667890814117.jpg,0,REAL,10,.jpg,640,480,RGB,1e17b602b384161cd049c6e9d76d2dee60093591b7bc936fc11f45decbc50061
data/real/10/IMG_1667890818411.jpg,0,REAL,10,.jpg,640,480,RGB,643dfbd36ce01eb22b440f09fed73310e9003962b73cf2bb9ee30e5304b07258
data/real/10/IMG_1667890827893.jpg,0,REAL,10,.jpg,640,480,RGB,21b5c908ac7f769e8def0006bf564928d0056ef6b85922f385feb243e42cec2f
data/real/10/IMG_1667890831509.jpg,0,REAL,10,.jpg,640,480,RGB,afdd19fba0c71901c22d890f4ce04fee0a4456fa7ec65b663178ca3e854e8f2d
data/real/10/IMG_1667890843828.jpg,0,REAL,10,.jpg,640,480,RGB,97ad7fa57b8e3612d841c12c708990945212947b15e1ff91aaf23f29e35da7bc
data/real/10/IMG_1667890847715.jpg,0,REAL,10,.jpg,640,480,RGB,8d0d10ea17660362ae239b3709d7935354f0578531ee564a5b26c7937e373016
data/real/10/IMG_1667890852607.jpg,0,REAL,10,.jpg,640,480,RGB,fbd099055e15e10627f08663e0ca104f366db6d7ee3b018677abbe1d0d7698df
data/real/10/IMG_1667890862022.jpg,0,REAL,10,.jpg,640,480,RGB,30054652b7094c6ac9832452437b4ce8354d0c2045cb49450aa584b1c046fd63
data/real/10/IMG_1667890873327.jpg,0,REAL,10,.jpg,640,480,RGB,b6e8a3262c02af8f0e07a1429870ad78e89ad04d1d141ad14268b8bec22ddcd5
data/real/10/IMG_1667890880223.jpg,0,REAL,10,.jpg,640,480,RGB,40128a66e5b58791bb362161b6dd57b8baf51dc3716c0c7237a031b0bea5f6fa
data/real/10/IMG_1667890884820.jpg,0,REAL,10,.jpg,640,480,RGB,69ca3e48ea8d3fc16b29944a1f0fffe6b20a6091ab229d32301413b2777b90ab
data/real/10/IMG_1667890892987.jpg,0,REAL,10,.jpg,480,640,RGB,e35646dfd57310f57b74b015736f140ec7458f138e7b4f61d9d2fd4d23391bf5
data/real/10/IMG_1667890900336.jpg,0,REAL,10,.jpg,480,640,RGB,a48d02b04f2d118c0a360c42eaaac2a503a15f446b6506460e7846915db5cdd3
data/real/10/IMG_1667890903832.jpg,0,REAL,10,.jpg,480,640,RGB,ad54d8ce37d7421ae70d2bbddd5f2b7b2cef9e5ad4767b1b749cbd38f1ba8cf7
data/real/10/IMG_1667890908177.jpg,0,REAL,10,.jpg,480,640,RGB,5d8540b82fcf546805bd8989b37f45b267eee7adcc20f236d25f2ef0e19bb7ae
data/real/10/IMG_1667890911355.jpg,0,REAL,10,.jpg,480,640,RGB,e2b46b3c4c7a354f67f70207609e8911478b901f4fe11b4a44ea1913399520ec
data/real/10/IMG_1667890916678.jpg,0,REAL,10,.jpg,480,640,RGB,6b1821066b1f6a5c388bb28e45870896ede53d355b22616176db2aa4eec19cdd
data/real/10/IMG_1667890933825.jpg,0,REAL,10,.jpg,640,480,RGB,83c2a2dd14a452adb751857ff115f851a977ad1bf83ba19f15d325a8bb5ad181
data/real/10/IMG_1667890938900.jpg,0,REAL,10,.jpg,640,480,RGB,2647689473d39c56be0fd9fc62ca940d03e49e9256d6d0841428d437370a7bc2
data/real/10/IMG_1667890945055.jpg,0,REAL,10,.jpg,640,480,RGB,b917f8805976eb2f057d8bee797a457d92e61703a0107e8e5d242b1d4fa2c29c
data/real/10/IMG_1667890961970.jpg,0,REAL,10,.jpg,640,480,RGB,3c8a67f32f1fa715b778276bfc66a534e0904bcfaebff4d012e8ccfbd5fc72c8
data/real/10/IMG_1667890973769.jpg,0,REAL,10,.jpg,640,480,RGB,ba82fb09f3897b51c33d3bbe794b9bf00a41f06d99640a049177a4fe80deffee
data/real/10/IMG_1667890977949.jpg,0,REAL,10,.jpg,640,480,RGB,366b72788ed0f51ce558962ce54fa0722a9daad42bed4da1fd97ce030588fe03
data/real/10/IMG_1667890984221.jpg,0,REAL,10,.jpg,640,480,RGB,f80eaf533fe522e6df288b18f96c03c5cc3cd7d0a4e2c5ab6579b9e31b5bdc26
data/real/10/IMG_1667890988419.jpg,0,REAL,10,.jpg,640,480,RGB,dc3062380aa73266014b3f9bd85e9ece14c50da8e77be14d40c8944dcec5e018
data/real/10/IMG_1667890992400.jpg,0,REAL,10,.jpg,640,480,RGB,1caabd6d829f04c73224caab3ebb6e0734178b48ce697648d3808faeca780227
data/real/10/IMG_1667891002558.jpg,0,REAL,10,.jpg,640,480,RGB,6435321a3a68fa3da1464fbcf5189c73de76dd40a84d95dc59dd22f337ecd521
data/real/10/IMG_1667891006710.jpg,0,REAL,10,.jpg,640,480,RGB,a5b8b0ab464071f367420a869401ab92edfe6ff609954659938736190d470d75
data/real/10/IMG_1667891011610.jpg,0,REAL,10,.jpg,640,480,RGB,0c5dd8f80c67403d6f8c05b63ed8e7cf9c091b8740a9ac8f31311397d5d46717
data/real/10/IMG_1667891015717.jpg,0,REAL,10,.jpg,640,480,RGB,08af304d0633e656c88bf60603f856b1f265330092e6c770ba4a42650bba4d3e
data/real/10/IMG_1667891041165.jpg,0,REAL,10,.jpg,640,480,RGB,d64b04b2cb332ac369ead9994f6d23e98d0c40b600b98eaa60c70a3537d3206e
data/real/10/IMG_1667891067809.jpg,0,REAL,10,.jpg,640,480,RGB,148f7f9c0d42f10d7fbeafe6914260dd462fcd978cdfb25e459227ab7ac64afa
data/real/10/IMG_1667891072188.jpg,0,REAL,10,.jpg,640,480,RGB,b3bdc19b769df9a111023b140da16737715c4558d5bce09f3428e0428dc517c9
data/real/10/IMG_1667891076007.jpg,0,REAL,10,.jpg,640,480,RGB,24cd6fe668530addb671a971022149b80546f5d14a773567943ea5618af595c8
data/real/10/IMG_1667891080639.jpg,0,REAL,10,.jpg,640,480,RGB,a1343f155a238f4f59496852db769906c6a297498033811fcda754e8f24568c5
data/real/10/IMG_1667891085115.jpg,0,REAL,10,.jpg,640,480,RGB,52b86b93ab54359be8f0e3f8cc2d95e0f7c6fa044872ea86934de39bb86075f9
data/real/10/IMG_1667891089333.jpg,0,REAL,10,.jpg,640,480,RGB,15d32d8509dad3e01b08bba2ba1bc1204bcb219f55fb526b7c6e4a634b5b2e78
data/real/10/IMG_1667891101972.jpg,0,REAL,10,.jpg,640,480,RGB,4c007ff6de62ebe7b2dba86c71cbe613c7d9eb72812603069e989e99f0dffd22
data/real/10/IMG_1667891105312.jpg,0,REAL,10,.jpg,640,480,RGB,c5e544c10490f31ec600449be66f0573435e7d0f8fdb0abc99a8c77973d47f24
data/real/10/IMG_1667891109965.jpg,0,REAL,10,.jpg,640,480,RGB,1e1b10e6beebd4c6995cd5942a82f582bf68d18af16b62a56ac6b47c04b0fcfa
data/real/10/IMG_1667891114198.jpg,0,REAL,10,.jpg,640,480,RGB,a17eab204bc85d992cd6d4e93d043aa0cf02142f9d2d2eac813af2485bc3e547
data/real/10/IMG_1667891124629.jpg,0,REAL,10,.jpg,640,480,RGB,0bb4a95b58935064fdddc65b7a749669407a415b3a48ebe173dfe7e5bd1a9ca1
data/real/10/IMG_1667891131810.jpg,0,REAL,10,.jpg,640,480,RGB,b488cfdef63de50e6849a3734dbf0ef51584180fe1fd2dd69081a38731b49e5f
data/real/10/IMG_1667891135468.jpg,0,REAL,10,.jpg,640,480,RGB,44359f8a2ebcd768d7d5313a328c6c229d3554572f2ce54225e0e461ccfcd20d
data/real/10/IMG_1667891143160.jpg,0,REAL,10,.jpg,640,480,RGB,5a3c9a6ab69abb21b353957d131247a29ea6c1e585feb3f671c77198056a8dce
data/real/10/IMG_1667891147302.jpg,0,REAL,10,.jpg,640,480,RGB,069b34a04bce07779a24431af0e40879177a9e091c023ca895967f19001a44d9
data/real/10/IMG_1667891150879.jpg,0,REAL,10,.jpg,640,480,RGB,31dc41f400bf271863ccd51b94e28c5f6f4562d58f7e855f6a1604cb7062d8d9
data/real/10/IMG_1667891170013.jpg,0,REAL,10,.jpg,640,480,RGB,a446922566b187185d6135b46aab5a3b0da20126c7f8ace7f02df93a916d2b85
data/real/10/IMG_1667891179477.jpg,0,REAL,10,.jpg,640,480,RGB,a05a58dac3e96079263ea1189ad29ef9755160328875bb5b62e6f2f1693f03a9
data/real/10/IMG_1667891183345.jpg,0,REAL,10,.jpg,640,480,RGB,803520f29267a1ad19a84a4454891a5a4dad0c10082314fdd339537fe905d2ae
data/real/10/IMG_1667891187756.jpg,0,REAL,10,.jpg,640,480,RGB,755ae04aab53431b34c81590eecffdf17e754bebddef957536a3982fbdc33e94
data/real/10/IMG_1667891191137.jpg,0,REAL,10,.jpg,640,480,RGB,336eaf346a9567176ecf538b36f18c73472a2f513700259a805caf8457335ec0
data/real/10/IMG_1667891200139.jpg,0,REAL,10,.jpg,640,480,RGB,b08e801d0b4b2ab157ce338f8e1d944b6638a9868c5b5d41d4de3da3b2e65247
data/real/10/IMG_1667891204212.jpg,0,REAL,10,.jpg,640,480,RGB,74ca4ebc3d07a662c2e02c9f85b1d06272ad61ced550fcf50b0713b32ae6612e
data/real/10/IMG_1667891209948.jpg,0,REAL,10,.jpg,640,480,RGB,e40b3c8e03fa25567090fa89908b6b0512721324ad39a7a716812e3116d542fd
data/real/10/IMG_1667891220851.jpg,0,REAL,10,.jpg,640,480,RGB,a8a380c72a2c14d5bd2846ea4d622c738b15ba1be1c2d07cd9eb377b68ae7c19
data/real/10/IMG_1667891238959.jpg,0,REAL,10,.jpg,480,640,RGB,759011ab3747399bb4819750b785adbc9724b9297d2400782fe767e494b6299c
data/real/10/IMG_1667891242829.jpg,0,REAL,10,.jpg,640,480,RGB,3dda04c18393cc7ae6c354f4c2af6a3f8ba624a740048e29fbb963dd47fa493b
data/real/10/IMG_1667891249949.jpg,0,REAL,10,.jpg,640,480,RGB,42d860e493e80fc04c9147c684aa5bf09ee4f3e360c9b3961281555b9ee4cca0
data/real/10/IMG_1667891548800.jpg,0,REAL,10,.jpg,640,480,RGB,4499ae4970653384293e1538916f011d831b6d008ac6a643d245ce08a17466ac
data/real/10/IMG_1667891565397.jpg,0,REAL,10,.jpg,640,480,RGB,5436b6ba2f9794de427d2588b0e6268d513fc95d5132f9f5a0157c54d1889fc3
data/real/10/IMG_1667891577813.jpg,0,REAL,10,.jpg,640,480,RGB,4058dd1f4865ba9725361217f0a59ea05757675c45cb7c75ca9afd5ec5556b01
data/real/10/IMG_1667891602188.jpg,0,REAL,10,.jpg,640,480,RGB,282813249967b20ed7fb7c9943e4925d439622f67fcff406fb8dc51cc9a980f7
data/real/10/IMG_1667891613741.jpg,0,REAL,10,.jpg,640,480,RGB,ef3a871569b97c1ecab3c031069aa4278bc47a4d4292d2562729d7e26b6e601c
data/real/10/IMG_1667891632128.jpg,0,REAL,10,.jpg,640,480,RGB,91a375f0b0b4a65aece3bb8af4bbea3ada2329bab7cb1e0fb50e2b9dc6d45dd7
data/real/10/IMG_1667891638378.jpg,0,REAL,10,.jpg,640,480,RGB,d3f81d4ad0447ef17f12ea3cc149e30526ba04b1441a4f0604984658f4f3c5c2
data/real/10/IMG_1667891660010.jpg,0,REAL,10,.jpg,640,480,RGB,fd81f27a01f9a9f96917267e4d4cee00b8a789bc8759bd9ec02ed400aa41df45
data/real/10/IMG_1667891687722.jpg,0,REAL,10,.jpg,640,480,RGB,2a473963855620c7b6d6e789a2d7cdef6c83d2154d34b24c500aa91da0b45bf6
data/real/10/IMG_1667891746420.jpg,0,REAL,10,.jpg,640,480,RGB,c4641870ebd78630af15a86c8cca5ed6c2828d1b6a4c94dfde128b9bb9b1a0e8
data/real/10/IMG_1667891750612.jpg,0,REAL,10,.jpg,640,480,RGB,0cb2c2920f32109acb3f33bf438e6211756b800f333ade9fb38bde9363b74bd4
data/real/10/IMG_1667891758345.jpg,0,REAL,10,.jpg,640,480,RGB,fc25666da0b869f492816f0227dc28dfa91fc8bad3f8caf181a730a6500e1e32
data/real/10/IMG_1667891765506.jpg,0,REAL,10,.jpg,640,480,RGB,2876463d9042d33a18a1d6a650d71ab70953ad5c759e314417c93dd233148c52
data/real/10/IMG_1667891771660.jpg,0,REAL,10,.jpg,640,480,RGB,c861da647de66b6bf69ec65bb419e6de02446628bb7b3c5a6baf86c00d7c33ee
data/real/10/IMG_1667891775367.jpg,0,REAL,10,.jpg,640,480,RGB,23dec3ab7d139f0d9a4848476a08722824dd86c95b1c6f07e374b3867e8564b8
data/real/10/IMG_1667891783059.jpg,0,REAL,10,.jpg,640,480,RGB,73705db700b643436d153e5ddd596dbea39ed40129eb631161031d80b3e95800
data/real/10/IMG_1667891811083.jpg,0,REAL,10,.jpg,640,480,RGB,b61299270ab3b96f939603f01e96f125ba022c39a81e319d3e2b2d48f0827238
data/real/10/IMG_1667891814546.jpg,0,REAL,10,.jpg,640,480,RGB,a8a1e1d582888117f34785c8ffa8b20451e2d0d6b76e3f95246821de1f601aec
data/real/10/IMG_1667891818363.jpg,0,REAL,10,.jpg,640,480,RGB,1e2a097fc893343a61728c5001c83b015f5bca9cad5b7e622673bb7b449956a7
data/real/10/IMG_1667891822379.jpg,0,REAL,10,.jpg,480,640,RGB,c303f58cbfff89066d1c225bc6fc463aa059e11fb246e5a79a28ee456dd73377
data/real/10/IMG_1667891825867.jpg,0,REAL,10,.jpg,480,640,RGB,0faeff04137649701054db0c9f3ad1e932fb0a88c0ca6605f338f51877c46eff
data/real/10/IMG_1667891829156.jpg,0,REAL,10,.jpg,480,640,RGB,402e18c949b54ff41dcb7f2f01abe39973b7bc2abc711ec25d8883ed6839fced
data/real/10/IMG_1667891842475.jpg,0,REAL,10,.jpg,640,480,RGB,9bcb7bfc6f9c11e05c2b996861e6fe1fee1ac82618e269f9f615600f113a7deb
data/real/10/IMG_1667891855574.jpg,0,REAL,10,.jpg,640,480,RGB,c5506c9702c7fd3b89f3d05e06bf13bd1e37390888154cd2a6f4968d8f3cef90
data/real/10/IMG_1667891887023.jpg,0,REAL,10,.jpg,640,480,RGB,9affb493e74ed12a660e69df1a5c04490054d0c3fd8070a3e484409516dd8f51
data/real/10/IMG_1667891891577.jpg,0,REAL,10,.jpg,640,480,RGB,b6acc39553306cec88cf9a23acdb974f3e322a7dabb6f5dd630e867d0edd8d1a
data/real/10/IMG_1667891897850.jpg,0,REAL,10,.jpg,640,480,RGB,976d4b61560cd4a7a78a580c00f0cf6dad944adb873a06f9513c6b84951f5ed2
data/real/10/IMG_1667891919214.jpg,0,REAL,10,.jpg,480,640,RGB,b13e92523ff50a97709fe238063729f277bf95fc38958cd2b961d43286357e6e
data/real/10/IMG_1667891940667.jpg,0,REAL,10,.jpg,640,480,RGB,fdc5b64e8c1c9850a67e7be1ef1115d0c7c2684d480f1a68541a7f41e076d112
data/real/10/IMG_1667891944011.jpg,0,REAL,10,.jpg,640,480,RGB,7a85077baf9222e8924da9e1c66db385f5f489ccb7995afa23f1c83ac168ce37
data/real/10/IMG_1667891947445.jpg,0,REAL,10,.jpg,640,480,RGB,17e55517da19d421b2ce24714acd98d44a5615c7e3e5a54d995d003be2f6f92d
data/real/10/IMG_1667891951189.jpg,0,REAL,10,.jpg,640,480,RGB,9c91f60c49cffd643ee7b4e43e463d8197c59edb7f44efa4366b11947e051423
data/real/10/IMG_1667891965842.jpg,0,REAL,10,.jpg,640,480,RGB,a440d5478df4feaa708e23e9226168d38c03a6457def07a8b8a606c26225a833
data/real/10/IMG_1667891969759.jpg,0,REAL,10,.jpg,640,480,RGB,4d6600f2cb39d6875d59ddc8dc0fa01704a4f87797a73974150428892aaea8c7
data/real/10/IMG_1667891987324.jpg,0,REAL,10,.jpg,640,480,RGB,1b938e69470f44e3f0d3ff9dc2badd2712a1c1c304c84cd61f30d5dacd0c3a31
data/real/10/IMG_1667891991840.jpg,0,REAL,10,.jpg,640,480,RGB,34ae9c479b53197dfe368295e0e7c509c6155f383a407d1b9d37d8efd10bf32b
data/real/10/IMG_1667891998614.jpg,0,REAL,10,.jpg,640,480,RGB,abd9e4648d21cb809027445a009b8075f4f46db0f3784eb2f421eaa1d106d4f0
data/real/10/IMG_1667892008761.jpg,0,REAL,10,.jpg,640,480,RGB,f3e48942107724f4ab68e05a829b9254cdddf90d4a887a83e8c9e7d021a12ca5
data/real/10/IMG_1667892026963.jpg,0,REAL,10,.jpg,640,480,RGB,a5fe469a04cec3d946fbe93b774df3c4a0ae9c39598dcf0ccfdd7f51969b0803
data/real/10/IMG_1667892038020.jpg,0,REAL,10,.jpg,640,480,RGB,3ae812829b29ba7c9fd218244f126050262d38b615582abb6c87f9c00f43b82a
data/real/10/IMG_1667892042768.jpg,0,REAL,10,.jpg,640,480,RGB,af1cd08d2a32b710f1a25eb9fc61918e154dad5483b3861adf230d74e7ecdf60
data/real/10/IMG_1667892097385.jpg,0,REAL,10,.jpg,640,480,RGB,4a1f5d1848cbb8033dee420e002061eaed66e9b8b5aab6029e79e4f6de1f3206
data/real/10/IMG_1667892104576.jpg,0,REAL,10,.jpg,480,640,RGB,4252c6cf9a5a91b259a05c34316ea191376e06a9b553226d62b9c9e786013045
data/real/10/IMG_1667892114850.jpg,0,REAL,10,.jpg,640,480,RGB,4aaff3dcb1f20953cf2de703f32f9f125dc11dec0fe90e2cde951c90ba1c6cf2
data/real/10/IMG_1667892118899.jpg,0,REAL,10,.jpg,640,480,RGB,d63a8f9afae855102a8dd43b0696be18ab714f362ce02b6853b2d138c9ffab32
data/real/10/IMG_1667892139677.jpg,0,REAL,10,.jpg,640,480,RGB,84656a0a8d33aae67f17fde0704c6621eb36b090ca9283aa5cb31674704f321e
data/real/10/IMG_1667892143800.jpg,0,REAL,10,.jpg,640,480,RGB,695e4663595ea8a33d36c2dd89b24afbbdb236c50d6d0e46b125b4b443375985
data/real/10/IMG_1667892153990.jpg,0,REAL,10,.jpg,640,480,RGB,ae841c4e0986195b1088fa52e9dcde9256a3fbc4059580eeecd517e60a1c29e8
data/real/10/IMG_1667892185583.jpg,0,REAL,10,.jpg,640,480,RGB,626fe8a247552fd2a4006b3adc06074ee877cc1f94d687772dcd2ffe1682665a
data/real/10/IMG_1667892203745.jpg,0,REAL,10,.jpg,480,640,RGB,9a5057044e99f26bd12f04cf0d1ba8f3eafbf6a930d7881b7cad35936496309d
data/real/10/IMG_1667892215871.jpg,0,REAL,10,.jpg,640,480,RGB,e620a6fe79952294242a3e65cda470296900e9d02e2d21a3d008289fd35a4b80
data/real/10/IMG_1667892228384.jpg,0,REAL,10,.jpg,640,480,RGB,a78470245cd553a2c83604298932d61b15ab5aaa0ac581b2777ee69de31fd2a3
data/real/10/IMG_1667892239905.jpg,0,REAL,10,.jpg,640,480,RGB,222fd80abf382b6404791e33a796564115c40bc1d37068f7805b1cac15640b23
data/real/10/IMG_1667892245026.jpg,0,REAL,10,.jpg,640,480,RGB,3c6b62bf570f4bba8a76d124fb104cd2084948884d1f4f9034fc0f3f246a310d
data/real/10/IMG_1667892250678.jpg,0,REAL,10,.jpg,640,480,RGB,192e21f9e2eb74f81fbf58adc8eefa02d1a622e548f0c778a2a90837e7e292de
data/real/10/IMG_1667892255511.jpg,0,REAL,10,.jpg,640,480,RGB,6f48e190547e0f2690a1df1ad48c44ef6440c920ccc5368f8d9f9e722a08662c
data/real/10/IMG_1667892266841.jpg,0,REAL,10,.jpg,640,480,RGB,18f7e338387207577a69cfdbdf99f4968a64df95780d3b41177437a3e66ca1bc
data/real/10/IMG_1667892270706.jpg,0,REAL,10,.jpg,640,480,RGB,1313759cf63a8fb958247db2033e9798eaf705205284970dc4caa674252d12bf
data/real/10/IMG_1667892274674.jpg,0,REAL,10,.jpg,640,480,RGB,5cb64c198b66b7901e5cf8419ce2bfcd5bd11acd9e364c3aa93ec399abdac946
data/real/10/IMG_1820.jpg,0,REAL,10,.jpg,4032,3024,RGB,8e69cd883aa30fb2c21e0a908de658218660b1fb8ac3734c157ad46a516c045b
data/real/10/IMG_1821.jpg,0,REAL,10,.jpg,4032,3024,RGB,41b2afe13c29f9a314fb4b72d523691521c47384b86c3b30c7af07047088f03c
data/real/10/IMG_1822.jpg,0,REAL,10,.jpg,4032,3024,RGB,113bb7e37b90de530117e9d0088288229c33d836e429e903fcd7eef3fb0010c4
data/real/10/IMG_1823.jpg,0,REAL,10,.jpg,4032,3024,RGB,771c724a06c3e83ff21ff5b866a1bf271d7c2a4275337598952104701fcb5c0f
data/real/10/IMG_1824.jpg,0,REAL,10,.jpg,4032,3024,RGB,65a436d92d82afbfbbed4a686d25d8d4c12dae76000739950de9b5fa3eadd112
data/real/10/IMG_1825.jpg,0,REAL,10,.jpg,4032,3024,RGB,39ecd93ba44e2a954871f6d813bab4adb348b0e712daafdf49a3906f0ca9dd17
data/real/10/IMG_1827.jpg,0,REAL,10,.jpg,4032,3024,RGB,7d835f3f3ab602a0f4e1d4e475529ce8f83947dea58984375d30c41a541bd61a
data/real/10/IMG_1828.jpg,0,REAL,10,.jpg,4032,3024,RGB,cb7b0d76d5bc8069c644d6bd2984fa6a02d5d31e6f7def910e00e1a648dd1321
data/real/10/IMG_1829.jpg,0,REAL,10,.jpg,4032,3024,RGB,a73568c7c54d9d3a3a15cc3c6ccf9e3dfc14b48cd3d4c21bc282614df51d7991
data/real/10/IMG_1830.jpg,0,REAL,10,.jpg,4032,3024,RGB,ce842bb2e36362cbdd7f427a7b7f4f42d7206d9a5cd03ef561e83546a656b619
data/real/10/IMG_1832.jpg,0,REAL,10,.jpg,4032,3024,RGB,fce8a67fa5ee3c92af82e612df158ab6542bc6804dda15525b44e85b6f76d1cd
data/real/10/IMG_1834.jpg,0,REAL,10,.jpg,4032,3024,RGB,12f6f8947f820de6f9e47662e7ffee1ee927d6c3f58f2c583acf603783ab7440
data/real/10/IMG_1835.jpg,0,REAL,10,.jpg,4032,3024,RGB,af570e8a0063e5d523417b92b16b18ba18aed5ef7ba58b807e4ddc37e28b0b1f
data/real/10/IMG_1836.jpg,0,REAL,10,.jpg,4032,3024,RGB,da066019d61536a08cead322c9058dadd90fe6ac74248e39d74505e374fa9cf6
data/real/10/IMG_1838.jpg,0,REAL,10,.jpg,4032,3024,RGB,d6d5eab07062ce8f821f1f8b4f8448395ebceac0353e059d9a43f06b29e58ef0
data/real/10/IMG_1839.jpg,0,REAL,10,.jpg,4032,3024,RGB,e0ee6967f40d3b67fa15e1359c841f7f3c3d01c6449a1748a3c88f29dd69a5b7
data/real/10/IMG_1840.jpg,0,REAL,10,.jpg,4032,3024,RGB,fc75fecf8ae91a42f45e1d6497ae3c5695277409c560bbd487f85194f056683c
data/real/10/IMG_1841.jpg,0,REAL,10,.jpg,4032,3024,RGB,127ba2c4f2073953445c351d59b3453da894641ff2dae4831a24e32d30975434
data/real/10/IMG_1842.jpg,0,REAL,10,.jpg,4032,3024,RGB,00a3529732f6e1ffaf35ea69d55e008259741a7460e06253d5adb09f3c1d9438
data/real/10/IMG_1845.jpg,0,REAL,10,.jpg,4032,3024,RGB,c1b9e36fd59ba5c93810dd2b6e82f69895a6f107218ed99f4b2e81b6d6d5efc5
data/real/10/IMG_1848.jpg,0,REAL,10,.jpg,4032,3024,RGB,5c8a81f060acea647eead6422d0bb5bb152880779c12b2253c5a9b341b48162c
data/real/10/IMG_1850.jpg,0,REAL,10,.jpg,4032,3024,RGB,26e5bf28cb90d4817f83b61cde1bcd80ac50af1ad656d21608b59026f49bef12
data/real/10/IMG_1853.jpg,0,REAL,10,.jpg,4032,3024,RGB,4d6ab48f22642e41aa6789ca62e282b9c2eff2c1daa0c64856666c55558878d0
data/real/10/IMG_1854.jpg,0,REAL,10,.jpg,4032,3024,RGB,b10381713fd10de93f603be4f10e1923a34590709a517e208ffad6e62791dea3
data/real/10/IMG_1855.jpg,0,REAL,10,.jpg,4032,3024,RGB,21ea21f186670cf529b3e19a1ca426431cddf8a5602ccd6480b920d4a8101652
data/real/10/IMG_1857.jpg,0,REAL,10,.jpg,4032,3024,RGB,9bff65d6a297120eee8135a9ee9ceb878b68768d11e8de31b62f829fec9f3cb9
data/real/10/IMG_1858.jpg,0,REAL,10,.jpg,4032,3024,RGB,cd5501d8ab95f23818afe350d137caf87a4659fd343bd8f47fe342b65afde2a1
data/real/10/IMG_1859.jpg,0,REAL,10,.jpg,4032,3024,RGB,e88bc2876bea3e83059e48db3703062954c1690874dc1fe46df3dbf865f2d39d
data/real/10/IMG_1860.jpg,0,REAL,10,.jpg,4032,3024,RGB,e2aa8bfa97dd9d1f948769c5d0306ce8a55fff2aa1d0ec8e89b0f545fb4fff37
data/real/10/IMG_1861.jpg,0,REAL,10,.jpg,4032,3024,RGB,15070174062e66b6bf959fe048c87a96c5a873314841b9a4ef10aa171e3d4d06
data/real/10/IMG_1863.jpg,0,REAL,10,.jpg,4032,3024,RGB,58dc318106f63c06a3390a4a46ac257b601f2bafbf7844a83700fc7290950935
data/real/10/IMG_1867.jpg,0,REAL,10,.jpg,4032,3024,RGB,81175138e3e8a32e10e22899e51b9e1dccaaf38c3ff21dadc5cca30943cf2ec0
data/real/10/IMG_1869.jpg,0,REAL,10,.jpg,4032,3024,RGB,18d9d833c6e26405e3701fda319e4952afb634704196ce7ea9b3ef6c2f872502
data/real/10/IMG_1872.jpg,0,REAL,10,.jpg,4032,3024,RGB,8fedcfc1a5ed8f359c2345b54f57e5dc2806f3b98b9d77cd9cf71b069a16aa89
data/real/10/IMG_1873.jpg,0,REAL,10,.jpg,4032,3024,RGB,f636bb0a3e8dcdb09d778b8c1939cd39b7a725a9e8dfc08e6264a010dccc1492
data/real/10/IMG_1874.jpg,0,REAL,10,.jpg,4032,3024,RGB,a031720c7eb3ec236e65657c1452875c5d71a9d1b18a7edd41efab96473bae2b
data/real/10/IMG_1876.jpg,0,REAL,10,.jpg,4032,3024,RGB,e7dfd5f6088b837f8be4de74bf47076d3aaa0c5512eec34cf0cbad51d1c35a49
data/real/10/IMG_1877.jpg,0,REAL,10,.jpg,4032,3024,RGB,4f584dd3712df16fc50c46584de16923e02dfe06921c4e8e93ae538395b6b6d6
data/real/10/IMG_1878.jpg,0,REAL,10,.jpg,4032,3024,RGB,8dcd6e69e8fa0d2fa0164657378a700cc63c3ae3986ebe63094af96a437f2da1
data/real/10/IMG_1879.jpg,0,REAL,10,.jpg,4032,3024,RGB,ae017da6886a85f0c2b920f161c997c7379c7e7af9b327d546088b3018c053ad
data/real/10/IMG_1880.jpg,0,REAL,10,.jpg,4032,3024,RGB,425c6ed7877542928b469b00460c43b528340f25d5414499762eab175f4ca9e9
data/real/10/IMG_1881.jpg,0,REAL,10,.jpg,4032,3024,RGB,c949912a4fe4b95c80e19df100a2018af06c025c919e4da5a9c6d1d6f01a7cea
data/real/10/IMG_1885.jpg,0,REAL,10,.jpg,4032,3024,RGB,9f89eb67e92936168ce86d0d6033e820e5bf7916fe1087c76f750b144b3afbc9
data/real/10/IMG_1887.jpg,0,REAL,10,.jpg,4032,3024,RGB,afb06a0485b20a4e7a67042a77163c76c2ec204445aa14caec55876414e75786
data/real/10/IMG_1889.jpg,0,REAL,10,.jpg,4032,3024,RGB,b6daa330e2f7f0f671135c09d6d7cbebdb91f7534e573262994ff2467394fb4c
data/real/10/IMG_1890.jpg,0,REAL,10,.jpg,4032,3024,RGB,6b1c61c9115e9b676bbe59772b4de80d300ba8d6f3e34378398caf40130829bf
data/real/10/IMG_1892.jpg,0,REAL,10,.jpg,4032,3024,RGB,7817dccfbf4d1e4c2ad833b3f37389cef3c7f8789fc6cb045d6ba60df0df322a
data/real/10/IMG_1893.jpg,0,REAL,10,.jpg,4032,3024,RGB,d4fbfa673cb66b3f66969534b6487a07095856a5a61cd3d337a4cfd26c4168df
data/real/10/IMG_1894.jpg,0,REAL,10,.jpg,4032,3024,RGB,8142a5ea61eb7626a4798a207144022085a1be38f45c018b9cc1ea80578e967e
data/real/10/IMG_1895.jpg,0,REAL,10,.jpg,4032,3024,RGB,077880f16bc73c6dc5693ebc02fbfc020a2ff71f37011566bfe6c254e9d96672
data/real/10/IMG_1896.jpg,0,REAL,10,.jpg,4032,3024,RGB,3744ec89a3715571c288b63013bd3b41ffb729bfc08bf47857ad90a5a348d089
data/real/10/IMG_1897.jpg,0,REAL,10,.jpg,4032,3024,RGB,3d4a1f210acd20e1bb9eba6c6db355e5dd2db562070d1f73ecb9d4198cc965b2
data/real/10/IMG_1898.jpg,0,REAL,10,.jpg,4032,3024,RGB,1049a335c47a03de8b6c5469575b0fd42279fd2c2b7eb0f81c8f1739570c503e
data/real/10/IMG_1899.jpg,0,REAL,10,.jpg,4032,3024,RGB,6aa2fb80e74ba70175bcb26d964ac149053808ad45c11774eb9ecddf0ad095f0
data/real/10/IMG_1900.jpg,0,REAL,10,.jpg,4032,3024,RGB,dfde28b288ca6ee8f9596764d020106a82e5560d74f44c1f3b33d07c380be7f8
data/real/10/IMG_1901.jpg,0,REAL,10,.jpg,4032,3024,RGB,50e553ae45481b41b7a898d97dd7868449190eddaa7d9147fb3514fab2c2239c
data/real/10/IMG_1902.jpg,0,REAL,10,.jpg,4032,3024,RGB,12ba0cea96e39b05f15595310325d4ae3f2f164d258554c59b6e314d2f2a09ae
data/real/10/IMG_1903.jpg,0,REAL,10,.jpg,4032,3024,RGB,a2f5e3dd5c32a2f5253c816c8230582ceac9167711ca6a937efa688039260564
data/real/10/IMG_1907.jpg,0,REAL,10,.jpg,4032,3024,RGB,d4bc7c32303e1d863d1b58c4d4279fbdecc7d3181cb562a9bfa3e6606925e8ec
data/real/10/IMG_1908.jpg,0,REAL,10,.jpg,4032,3024,RGB,403cea63ae25f8d644d02ed7eb61c77b7498aef1b2a20c8c839a3660d42a55d0
data/real/10/IMG_1910.jpg,0,REAL,10,.jpg,4032,3024,RGB,593b65c23f14dbf56fb803c642d5254403be39c7bf43c7f67a5085f48c42ac62
data/real/10/IMG_1912.jpg,0,REAL,10,.jpg,4032,3024,RGB,c2f95a4d85526680c599e3cbe69cebc1c3e8fe01a36a8ccf5781c44ec202d52a
data/real/10/IMG_1913.jpg,0,REAL,10,.jpg,4032,3024,RGB,7740568fb2b375d194f30061e8538695d7f6d66d8cee8adc398a50500704ce2f
data/real/10/IMG_1914.jpg,0,REAL,10,.jpg,4032,3024,RGB,567f8c0ea9eef2edf3c4516679260237d00f34c0b462cdb36131ab14947c4f48
data/real/10/IMG_1915.jpg,0,REAL,10,.jpg,4032,3024,RGB,09a9bdfe5874d31bceb8bc9190af284976fb8ff75be5a7a09eea8d9d67b4e8f9
data/real/10/IMG_1916.jpg,0,REAL,10,.jpg,4032,3024,RGB,c42ec9747d22e329394846bf0fd70b8afd89697ca88e84c4d733deb0e67bccce
data/real/10/IMG_1918.jpg,0,REAL,10,.jpg,4032,3024,RGB,70dfe97e1f89f4000a07dafe27dcbb41b4aaa441c1ef467c41fef0208dafb3de
data/real/10/IMG_1919(1).jpg,0,REAL,10,.jpg,4032,3024,RGB,6fb11ebd4ac52d73a114548fd5c8239a6276e7fc43e73593cb9b43abe51ded1d
data/real/10/IMG_1919.jpg,0,REAL,10,.jpg,4032,3024,RGB,6fb11ebd4ac52d73a114548fd5c8239a6276e7fc43e73593cb9b43abe51ded1d
data/real/100/0.jpg,0,REAL,100,.jpg,1254,624,RGB,bf6685aa41aa1d7f1517de127b7755b40361e4508de052ceeba321b47759f730
data/real/100/100.jpg,0,REAL,100,.jpg,418,185,RGB,97313b8306c61a37029138636beabad7d530836f94cbfda95eb7bf41a00a24a6
data/real/100/101.jpg,0,REAL,100,.jpg,1334,674,RGB,6fce1f143fc737d1389ac5ad1810e3fb409a5a93a0c5eaf9f8b230cd75781499
data/real/100/11.jpg,0,REAL,100,.jpg,656,280,RGB,7b8af13f07fa157f9201e5a9ae61d7781e75c03c0413c6b25488b148ed585ca8
data/real/100/13.jpg,0,REAL,100,.jpg,1000,454,RGB,cffe4df5729dca25b72e7295c0d922fbbff89e3c63b57cf7d89f3f3781204911
data/real/100/14.jpg,0,REAL,100,.jpg,1322,632,RGB,45a79cdaf710553e95423d4d6a417e07d92f1b6fec96c163708c08f4e8553878
data/real/100/19.jpg,0,REAL,100,.jpg,1287,650,RGB,19a2fcfb00377719c0e61621e072a07d4dfd8da97e4820a2266a517165941dfd
data/real/100/2.jpg,0,REAL,100,.jpg,1300,954,RGB,b575f996c06d671d57320e5338eb1442be10c9979fa978ba5a4e8aeb335cfdde
data/real/100/20.jpg,0,REAL,100,.jpg,300,155,RGB,c0cde333b54d4475b974cd8dfab91342869bd3bcaa6f0fcd31727e1908160c60
data/real/100/21.jpg,0,REAL,100,.jpg,470,218,RGB,4027c7ac3ea3c42fc7861352ba3d6493501932de84098a0d6a4d937984a0fde1
data/real/100/23.jpg,0,REAL,100,.jpg,650,400,RGB,4a8da97d1662317666bae1e6827e3f11fc49d56be2cd3c9d1c848ae5a6ce09cf
data/real/100/24.jpg,0,REAL,100,.jpg,1000,465,RGB,cdfa93cc7c8dcfa6579e9ae17c879de41d955d59866ef01e1d37a27b35788c29
data/real/100/28.jpg,0,REAL,100,.jpg,263,191,RGB,5db9c60a4ffdc47823c7e1bd4f828a03f40bb3f8c14f3bebd8f0de3920850452
data/real/100/29.jpg,0,REAL,100,.jpg,621,414,RGB,b0da31db9664a61cd60e06583eb2ae21273b4006d27fe3c4d0bda2461c333487
data/real/100/3.jpg,0,REAL,100,.jpg,707,351,RGB,7e12a620361437498bf3e21e34eed794cd8c618678a13183266364b49cf735a4
data/real/100/34.jpg,0,REAL,100,.jpg,1211,559,RGB,187103037c48e088da0fac8882af101e506c4071d8350834bca68f173b871e14
data/real/100/38.jpg,0,REAL,100,.jpg,300,155,RGB,c0cde333b54d4475b974cd8dfab91342869bd3bcaa6f0fcd31727e1908160c60
data/real/100/4.jpg,0,REAL,100,.jpg,470,218,RGB,4027c7ac3ea3c42fc7861352ba3d6493501932de84098a0d6a4d937984a0fde1
data/real/100/40.jpg,0,REAL,100,.jpg,800,533,RGB,5c6cdb912a1a06b5362f839fed3e09f37fb5a11fa8870eebc94584a865d64894
data/real/100/42.jpg,0,REAL,100,.jpg,775,369,RGB,fd3a354deb2bd09f5d21442b37b993f3b5436126151e56ecdb7b0fd5afb36ec4
data/real/100/44.jpg,0,REAL,100,.jpg,1500,707,RGB,6fe6bea7e7f6f3ad1cd848c28c39f9b611f721607bb88a927acf2fedca1a6826
data/real/100/45.jpg,0,REAL,100,.jpg,1000,465,RGB,cdfa93cc7c8dcfa6579e9ae17c879de41d955d59866ef01e1d37a27b35788c29
data/real/100/46.jpg,0,REAL,100,.jpg,590,294,RGB,9b308ae0d362d3dd7e59481583daf2acff5afeb23bbe106ef7f14c8adeaf0b68
data/real/100/48.jpg,0,REAL,100,.jpg,650,302,RGB,6c6eebb6b8f40a3a8895436f67c630210faf2fe43a1546ff68c94f3b04266e86
data/real/100/50.jpg,0,REAL,100,.jpg,470,218,RGB,4027c7ac3ea3c42fc7861352ba3d6493501932de84098a0d6a4d937984a0fde1
data/real/100/58.jpg,0,REAL,100,.jpg,468,218,RGB,7d6b8e241076d18ae24f6da01101ee3ca000a8cb4ec226cc19df0cd04c278cc7
data/real/100/6.jpg,0,REAL,100,.jpg,602,285,RGB,7677cac269480dd90b53faec20a1701c038db7e0586e3c0ebacba87e9cd4a33b
data/real/100/62.jpg,0,REAL,100,.jpg,787,342,RGB,b968ab0152125c90ce414aa38496dab32eda45b7cf9370d731f795f0747511b7
data/real/100/7.jpg,0,REAL,100,.jpg,500,280,RGB,246fdb172b1f41cdf00092d9c0d269b8ceccc88245c4c3c3c42e849d1f2ae992
data/real/100/72.jpg,0,REAL,100,.jpg,650,400,RGB,e8e3024bede5272084a37b9c773f43958858d85cd31ca616f8732a7de00ee242
data/real/100/73.jpg,0,REAL,100,.jpg,650,302,RGB,6c6eebb6b8f40a3a8895436f67c630210faf2fe43a1546ff68c94f3b04266e86
data/real/100/74.jpg,0,REAL,100,.jpg,775,383,RGB,7b4052eebc086ea754b95cd1a4554852e4438e69848d3defdf9be81802a40de0
data/real/100/75.jpg,0,REAL,100,.jpg,787,342,RGB,b968ab0152125c90ce414aa38496dab32eda45b7cf9370d731f795f0747511b7
data/real/100/78.jpg,0,REAL,100,.jpg,1300,956,RGB,3f6d9c26ba9d0bf3fcce179a74a19d8bb92ab59defea245a01d61048bc5071cc
data/real/100/81.jpg,0,REAL,100,.jpg,781,385,RGB,1ef5fa9ae8930ab56a67f18ed89be12b835688370f29caf30cc6c2a1c00070cc
data/real/100/82.jpg,0,REAL,100,.jpg,470,218,RGB,4027c7ac3ea3c42fc7861352ba3d6493501932de84098a0d6a4d937984a0fde1
data/real/100/86.jpg,0,REAL,100,.jpg,781,383,RGB,5011693517d78e76b7ecbd18e4059e423e1007ad4327b9c67dfee45284f26cc4
data/real/100/87.jpg,0,REAL,100,.jpg,650,302,RGB,6c6eebb6b8f40a3a8895436f67c630210faf2fe43a1546ff68c94f3b04266e86
data/real/100/91.jpg,0,REAL,100,.jpg,650,400,RGB,4a8da97d1662317666bae1e6827e3f11fc49d56be2cd3c9d1c848ae5a6ce09cf
data/real/100/92.jpg,0,REAL,100,.jpg,590,294,RGB,9b308ae0d362d3dd7e59481583daf2acff5afeb23bbe106ef7f14c8adeaf0b68
data/real/100/95.jpg,0,REAL,100,.jpg,800,533,RGB,5c6cdb912a1a06b5362f839fed3e09f37fb5a11fa8870eebc94584a865d64894
data/real/100/96.jpg,0,REAL,100,.jpg,1500,709,RGB,5ef8c5098719f4e0dc7f784dcd2254b9a2171a118bc6705886266b22f617d8dc
data/real/100/97.jpg,0,REAL,100,.jpg,602,285,RGB,7677cac269480dd90b53faec20a1701c038db7e0586e3c0ebacba87e9cd4a33b
data/real/100/98.jpg,0,REAL,100,.jpg,1300,954,RGB,b575f996c06d671d57320e5338eb1442be10c9979fa978ba5a4e8aeb335cfdde
data/real/100/99.jpg,0,REAL,100,.jpg,707,365,RGB,9ac67ca47a48faa9fca8dd92b4d4ea172b93ea5a7ef957148ef417dc6d3859c7
data/real/100/IMG20220901124047.jpg,0,REAL,100,.jpg,3456,4608,RGB,970288a8c259419000119c9e0a8d48992d754cf3612892f4d7200a084fe04165
data/real/100/IMG20220901124108.jpg,0,REAL,100,.jpg,3456,4608,RGB,cf81910d85b9b9d6f39f1fc656ad955046dca15fec6b8eed4be053cea5d295ef
data/real/100/IMG20220901124114.jpg,0,REAL,100,.jpg,3456,4608,RGB,1c67f4bf003498da30f1ba291b06b785ab203a487f091881ba387c93f18b160c
data/real/100/IMG20220901133157.jpg,0,REAL,100,.jpg,4608,3456,RGB,7ebab2e823368cba65fc2670f89a8d2771a01e80b55f361d71794ad0309aa5e4
data/real/100/IMG20220901133212.jpg,0,REAL,100,.jpg,4608,3456,RGB,dc4503598597010ae45b309e72248118e6937f8aec7f6f1bbdefd57211f6eb82
data/real/100/IMG20220901133317.jpg,0,REAL,100,.jpg,4608,3456,RGB,dde79ec18c61c7d9bce9c595aaf7d657b079e73d7634a6c57f6e1ab686875c53
data/real/100/IMG20220901133321.jpg,0,REAL,100,.jpg,4608,3456,RGB,0b5f8cfc1b1d2df2675b2d3ec8ca0cf6093d74431f1c73b62f1f2cac1ec3a32a
data/real/100/IMG20220927120730.jpg,0,REAL,100,.jpg,4624,3468,RGB,41a985b740a74696712790dfc4e99b9333e0de384bd572c2c3068c1527c444f6
data/real/100/IMG20220927120753.jpg,0,REAL,100,.jpg,4624,3468,RGB,8f288c0a248d00fa77d90e9c398d09a9bec63b69b20c4f2aeaacd1e7a493e268
data/real/100/IMG20220927120813.jpg,0,REAL,100,.jpg,4624,3468,RGB,570797fa966dfe505a02908e4d702f2ea59f7049abe16cc93329856e064a9020
data/real/100/IMG20220927120819.jpg,0,REAL,100,.jpg,4624,3468,RGB,a05f1c63b86a7cd6267d37a5e521b50538ff2b8bb61a1d3773472ba8080300c1
data/real/100/IMG20220927120836.jpg,0,REAL,100,.jpg,4624,3468,RGB,c5c6fed650ce8a9f1725477178e9ff1a97543d86ee067e98cb9466ffb175a331
data/real/100/IMG20220927120849.jpg,0,REAL,100,.jpg,4624,3468,RGB,91138f004373fbbfce2ccf794f22711f41440373991e044612f32187ebc8f04d
data/real/100/IMG20220927120910.jpg,0,REAL,100,.jpg,4624,3468,RGB,6c6d7a175a3c4002a2c225aec788331d2739911cd914377097656b6af7c3a27a
data/real/100/IMG20220927120918.jpg,0,REAL,100,.jpg,4624,3468,RGB,95ccd2e320f7c8f8a2235eea92dcd9f14c78917bdd46ec487c0079bc54fd8b97
data/real/100/IMG20220927120920.jpg,0,REAL,100,.jpg,4624,3468,RGB,bb7163a7310611af817e07657bfd1b42392b2740889ddfce39ab5ac338f8d94f
data/real/100/IMG20220927120944.jpg,0,REAL,100,.jpg,3468,4624,RGB,53781c8d69773bc374c33e0906cf63629fb030723b16e1d4bc1591840a777f9b
data/real/100/IMG20220927121039.jpg,0,REAL,100,.jpg,3468,4624,RGB,75d8e9d56987e90ff63ccf0eb4f87a6f6832a489dde693f038300c7716cb47bd
data/real/100/IMG20220927121053.jpg,0,REAL,100,.jpg,3468,4624,RGB,8cda3d79f058680cfc636a5bfb26338d625801e0513e32c62a788a9d43a88836
data/real/100/IMG20220927121100.jpg,0,REAL,100,.jpg,3468,4624,RGB,2896592ef33f531bdb18956dc919c353df04f6cd920c17501f86f52f33968eed
data/real/100/IMG20220927121108.jpg,0,REAL,100,.jpg,3468,4624,RGB,3304767f177345c5961b747174302eaaf69ef71bbf462a71ec80454bc8ba98e7
data/real/100/IMG20220927121120.jpg,0,REAL,100,.jpg,3468,4624,RGB,3cdb1a53a81a5fd1cb11ef0d58f9c9a5c3626481f89d704d0721bf3f239742b2
data/real/100/IMG20220927121123.jpg,0,REAL,100,.jpg,3468,4624,RGB,c9fd3b7fba246a5cef67dae761fc324eae280b0df9fbeeb0028e79c4c3fd8915
data/real/100/IMG20220927121126.jpg,0,REAL,100,.jpg,3468,4624,RGB,5bfa6063ad6bbf7b3cb92d5f291e7a418a23db46e3615b0f35f1b1532b230f20
data/real/100/IMG20220927121332.jpg,0,REAL,100,.jpg,3468,4624,RGB,e68753405a80b10b8bbcded766835da52b3f265a38d6f68ac19206fd7f00a0e7
data/real/100/IMG20220927121345.jpg,0,REAL,100,.jpg,3468,4624,RGB,0c60145b625eaccddce641f8864e512296d4485559cf8de7ec055e9d380a8b99
data/real/100/IMG20220927121408.jpg,0,REAL,100,.jpg,3468,4624,RGB,3edb0eb62f7ebda51aa3ef64ec0156ad3cf48bcedf812327465a388c7cd9fa4f
data/real/100/IMG20220929002001.jpg,0,REAL,100,.jpg,3468,4624,RGB,91ef26e3a1638c73d3ef75055a679b650d2d80e7d3f9b0c9b9db8b626599a161
data/real/100/IMG20220929002014.jpg,0,REAL,100,.jpg,3468,4624,RGB,ec99ad6f6543a3fa8c551a6bcb912d5f180d5a35157af3d985684ce546c318cc
data/real/100/IMG20220929002018.jpg,0,REAL,100,.jpg,3468,4624,RGB,55b60517387b448be25f4d49849cc80b0e9514850585e86a49a492906bc97df4
data/real/100/IMG20220929002022.jpg,0,REAL,100,.jpg,3468,4624,RGB,77f22bda091318ce9d3762ac691fac6c4a50c8d3f1d6c907eb9ad8d780516a37
data/real/100/IMG20220929002024.jpg,0,REAL,100,.jpg,3468,4624,RGB,e42cefa71690135483cc7c0604cb6e0167057921f7f3817a333627e1cb7785a7
data/real/100/IMG20220929002028.jpg,0,REAL,100,.jpg,3468,4624,RGB,336b0d4883b446273c43855546dc7f7bc7cc76a992fa5995eb1ba3e8341b167f
data/real/100/IMG20220929002030.jpg,0,REAL,100,.jpg,3468,4624,RGB,ebb468e4c4414f32187daca8853bc2f5f8fc9d8581d33ec651e3b41f5aa02fb1
data/real/100/IMG20220929002034.jpg,0,REAL,100,.jpg,3468,4624,RGB,21f2102798125d3e38f884ff49c1975a917f16a49c4655542a49adce93aa596a
data/real/100/IMG20220929002040.jpg,0,REAL,100,.jpg,3468,4624,RGB,80f770d59751b6af87aa0ff11ad2be854499ebcaf76b0aa3bab2f718637ef67e
data/real/100/IMG20220929002042.jpg,0,REAL,100,.jpg,3468,4624,RGB,7ba15f5c7a3a35e32ca7c364a0e1a55ac3ea3fbdf524dd42fede37ac1a476e4f
data/real/100/IMG20220929002043.jpg,0,REAL,100,.jpg,3468,4624,RGB,758f2d83e411671ef744ce79a90055256434627bba361cf6d0a16acc56a7114e
data/real/100/IMG20220929002047.jpg,0,REAL,100,.jpg,3468,4624,RGB,b1779ef7a518feffa17cd5e9c6b1cb3033a8fb25d5b902e7811266aef190fe5f
data/real/100/IMG20220929002049.jpg,0,REAL,100,.jpg,3468,4624,RGB,bc7e82b61554715a20ce2c610b5b8d66a56c35327e3e8b52048c3410906acd3e
data/real/100/IMG20220929002053.jpg,0,REAL,100,.jpg,3468,4624,RGB,2332d0e3a39b2f9ac31a6c374867fa5370ff6459ad76d94de5aee69d7eef0a21
data/real/100/IMG20220929002054.jpg,0,REAL,100,.jpg,3468,4624,RGB,bd2c10388e81e4cd22ef2cb925c6f0dccc6435bfd82cabe74dcd6029e02da999
data/real/100/IMG20220929002103.jpg,0,REAL,100,.jpg,3468,4624,RGB,a348b8035e9e268f1a426d8d232a2d68c324322deb879b11de09a294a8fc8100
data/real/100/IMG20220929002106.jpg,0,REAL,100,.jpg,3468,4624,RGB,1f477b522bd0551b4149f4045d26259f0ec5146c822d86d0414d75ed589adcc5
data/real/100/IMG20220929002108.jpg,0,REAL,100,.jpg,3468,4624,RGB,077a447159b925753ec1be704346dc04695e23bc4cb3094371a3c91aae0d5674
data/real/100/IMG20220929002117.jpg,0,REAL,100,.jpg,3468,4624,RGB,0ccac77c37456dc0501cdeeb947ed50e484e06d26c39aedbdbb1621ee94c808b
data/real/100/IMG20220929002121.jpg,0,REAL,100,.jpg,3468,4624,RGB,6b76d5989a4d3ecdc40e5be7262b57386ac041bde602605b6fad5bef7de9a222
data/real/100/IMG20220929002128.jpg,0,REAL,100,.jpg,3468,4624,RGB,717b5ac692900da20762d9ec9d3eda7d5324721a6fee55726c728d84e2af5c4d
data/real/100/IMG20220929002136.jpg,0,REAL,100,.jpg,3468,4624,RGB,38e15554680f0267d131e4c0d5ca6f6e4a81333fdc0c4f70fa0eaa13b3ee6287
data/real/100/IMG20220929002138.jpg,0,REAL,100,.jpg,3468,4624,RGB,dfdebb8231995f191b6bb5861c8fcc661cb66d300ed7197e5a92885939a0a6c5
data/real/100/IMG20220929002147.jpg,0,REAL,100,.jpg,3468,4624,RGB,2fac8a4e88c557ec51773bb07160ad254cfaf938a36e6ad005df1e414b53ebbf
data/real/100/IMG20220929002158.jpg,0,REAL,100,.jpg,3468,4624,RGB,d0c84141759216366fdd2c7dc658846b9708cbcddac04b07ddf937b6fe47b4c1
data/real/100/IMG20220929002200.jpg,0,REAL,100,.jpg,3468,4624,RGB,e0073f6788d98e4e7fe12f15a7e92a6dddab1c8d1814c6ead69dab56256e3222
data/real/100/IMG20220929002201.jpg,0,REAL,100,.jpg,3468,4624,RGB,33b925df60e7132b7477eab42e1d401da4e51d3ecd057121f66eaad2d7ea47b3
data/real/100/IMG20220929002202.jpg,0,REAL,100,.jpg,3468,4624,RGB,208d3ba65a33616174ca6ddee0581e721141b722312e3b6d1baeeaa447d9457c
data/real/100/IMG20220929002205.jpg,0,REAL,100,.jpg,3468,4624,RGB,0f894666a86d14e571f86aa5708dd20d005d45f877e720d76b44ee19a6119079
data/real/100/IMG20220929002207.jpg,0,REAL,100,.jpg,3468,4624,RGB,3ff3fbe9ef99019751650ca37c216e247e71a78b258f3c1f6c47d3eb94f8916c
data/real/100/IMG20220929002214.jpg,0,REAL,100,.jpg,3468,4624,RGB,c84c303bf67020fb893b7082f0bbf5b6476f9fa8864de2f98736cfad0f2ff6f6
data/real/100/IMG20220929002217.jpg,0,REAL,100,.jpg,3468,4624,RGB,3aed014145cfa16f396691f765a60b43b9ae846ffd9a599eae608b77b6a9d10a
data/real/100/IMG20220929002219.jpg,0,REAL,100,.jpg,3468,4624,RGB,0a5a4fb189eee76d7d7c4381dd8b33b6f86843c75721ee1a74e1202b9a3167a9
data/real/100/IMG20220929002220.jpg,0,REAL,100,.jpg,3468,4624,RGB,a66a6d423525a8594349f8744c63d764a8049da32f4af5fa39b3ee3a04fa805e
data/real/100/IMG20220929002222.jpg,0,REAL,100,.jpg,3468,4624,RGB,3edad633caf4cafb09838f728179aa7be43d54b23b1af8ee93e5c0ad23003669
data/real/100/IMG20220929002223.jpg,0,REAL,100,.jpg,3468,4624,RGB,eb43f463e5fcf9d13f739cce3b19eac3a2ecf9ba980d7fc005e6a9b6df21b7d6
data/real/100/IMG20220929002226.jpg,0,REAL,100,.jpg,3468,4624,RGB,251c89d6da522db01489eee2cc2b2b9c7241ff599af4e59cd9f3ea544251ea5d
data/real/100/IMG20220929002305.jpg,0,REAL,100,.jpg,3468,4624,RGB,7b052bae81894094aa0c24388abfa5b7ddf251e3c791d36a0b448304021907e2
data/real/100/IMG20220929002306.jpg,0,REAL,100,.jpg,3468,4624,RGB,44e8b1ee510cb92e9a75b25ea9a608fbb46d33ab91680262833d9e027559bf99
data/real/100/IMG20220929002313.jpg,0,REAL,100,.jpg,3468,4624,RGB,37edd0954446a3daf4417fc9b18852e766be2edcc05febcc7152d12d6a9b1733
data/real/100/IMG20220929002317.jpg,0,REAL,100,.jpg,3468,4624,RGB,18f4162358e60f831a85e149743d34e347fd31c3521c3fc0d9bd9f8a98b2556a
data/real/100/IMG20220929002320.jpg,0,REAL,100,.jpg,3468,4624,RGB,e0bd62a6b1fb22aec6aa6ab663e59b58780c95d128190931f3049754cf0a6e04
data/real/100/IMG20220929002323.jpg,0,REAL,100,.jpg,3468,4624,RGB,9980373e56f90c30f3c80c44a6cd0d4ad5badd37f20e7dbc7dafc2d970513f1d
data/real/100/IMG20220929002325.jpg,0,REAL,100,.jpg,3468,4624,RGB,965496643638787ef65c21ae068362c3873546c18dd8b985941b4929627a8ad9
data/real/100/IMG20220929002330.jpg,0,REAL,100,.jpg,3468,4624,RGB,a975d651ca708f99ad8268dc7d4777cb4cf81bed89ca7a5759b60dc1048b2635
data/real/100/IMG20220929002335.jpg,0,REAL,100,.jpg,3468,4624,RGB,3e926a9bbf50665234ddc2c623b506705b0966a9c5b8885422907bb6e61197dd
data/real/100/IMG20220929002338.jpg,0,REAL,100,.jpg,3468,4624,RGB,6de2cc3c3e71718af68f4bb67debc097584686ece18f9c4d5e0f335504a036d2
data/real/100/IMG20220929002341.jpg,0,REAL,100,.jpg,3468,4624,RGB,56dc583e10e069070b8b3c29285a430c0c60d0e741954aa9386039093481de68
data/real/100/IMG20220929002348.jpg,0,REAL,100,.jpg,3468,4624,RGB,5e1c9acb8c7ecbefcec57dcdae0a862ada24e9041ed2dc01d42d5fa441b7bd1f
data/real/100/IMG20220929002351.jpg,0,REAL,100,.jpg,3468,4624,RGB,e6c77df24ec989fb602b95aa71f550903a9bc6be2a2fe26cc4c23e00667f64db
data/real/100/IMG20220929002354.jpg,0,REAL,100,.jpg,3468,4624,RGB,71b406cd43a60e60d0c54c783201835897891ae5104a3b19da975a3cd4f96db1
data/real/100/IMG20220929002401.jpg,0,REAL,100,.jpg,3468,4624,RGB,77c489a95eac460a3f365bc718b743dd025bc06b0c21e52386f4e8a5e64f2c88
data/real/100/IMG20220929002406.jpg,0,REAL,100,.jpg,4624,3468,RGB,d3b5c80d3303765faa0743415beaeec9f843ad4cf3aca03676626b730aceb60c
data/real/100/IMG20220929002411.jpg,0,REAL,100,.jpg,4624,3468,RGB,64ee4a50453210d20d6417871438daf2f6dd0fd5bc6b533a311f22e425f35b73
data/real/100/IMG20220929002421.jpg,0,REAL,100,.jpg,4624,3468,RGB,e96314053f822f929cab20a6e43dc8fb124f2aed12e611ff84eca44b25a64e1e
data/real/100/IMG20220929002426.jpg,0,REAL,100,.jpg,4624,3468,RGB,0466cc8f9de9d226defa14a93ec36c5aebad00a93512ca07791a63c0b6c84c5a
data/real/100/IMG20220929002429.jpg,0,REAL,100,.jpg,4624,3468,RGB,a6bec463e3801e375f798cddd85b655546d5b80551958e09aaf11b472a2a2f82
data/real/100/IMG20220929002447.jpg,0,REAL,100,.jpg,4624,3468,RGB,a2c9b69dbb6f6089813bb3ed9b98758d938c2182824f270a62756da4b8ffd92a
data/real/100/IMG20220929002450.jpg,0,REAL,100,.jpg,4624,3468,RGB,01e33012ba2c899e7e6e92f95cbaa833f423f03d54218ae9be8772f0d071ac62
data/real/100/IMG20220929002453.jpg,0,REAL,100,.jpg,4624,3468,RGB,e67b9227ba294a02d86f120c0609290cea327186c8a0fe5c83d097e74d2a6da3
data/real/100/IMG20220929002459.jpg,0,REAL,100,.jpg,4624,3468,RGB,c455b20da795d6b0481bd794b23eaa97222171d228d6060caa6a20939533aad9
data/real/100/IMG20220929002504.jpg,0,REAL,100,.jpg,4624,3468,RGB,59b1c80872cedfbb7e16234a5d42e50fc562e45d278bdeca72e65189f3576696
data/real/100/IMG20220929002510.jpg,0,REAL,100,.jpg,4624,3468,RGB,447c68a930a485555eb2fb448f869979b9687e5f46069ced9efb6cec1e400ea9
data/real/100/IMG20220929002512.jpg,0,REAL,100,.jpg,4624,3468,RGB,ba4a39159dafe8402254701462c4042333769463a9909cce621397ab8eafad12
data/real/100/IMG20220929002516.jpg,0,REAL,100,.jpg,4624,3468,RGB,d21c67525f590a71b9f2a0bd6230ccd8161ae823e73dfba3bf0967c7adc2d2ae
data/real/100/IMG20220929002518.jpg,0,REAL,100,.jpg,4624,3468,RGB,85680952ff72af7307754f55279c3c81c4dd43e895a51fecb1ff58c88fa612e8
data/real/100/IMG20220929002521.jpg,0,REAL,100,.jpg,4624,3468,RGB,81f011f3c3012bb560830b92b4a4e77a85e46e4e69fc14903eb379279b6d39ab
data/real/100/IMG20220929002522.jpg,0,REAL,100,.jpg,4624,3468,RGB,e1528a7b6ac03dc7e1cb2714aba9e2b2993da895573e793de022b83d88fa7ff6
data/real/100/IMG20220929002526.jpg,0,REAL,100,.jpg,4624,3468,RGB,a5929fa232b1e349bc3893bd37625b6138472daf6f95072fa8a2347b6294d60a
data/real/100/IMG20220929002527.jpg,0,REAL,100,.jpg,4624,3468,RGB,b47e90f0cbe6383642282c559b65621047ba91cd1f4e7ebe61eacd2c86814dc1
data/real/100/IMG20220929002531.jpg,0,REAL,100,.jpg,4624,3468,RGB,06904e6afad9a8ca953c8690ad60378b947640e920b1868d228fc43aa7d75338
data/real/100/IMG20220929002534.jpg,0,REAL,100,.jpg,4624,3468,RGB,62cf6d33a0ae4da5c28ad5f23e287b3594c8a21e7e6f3aaf5e6036ffec482811
data/real/100/IMG20220929002540.jpg,0,REAL,100,.jpg,4624,3468,RGB,bb9a4b81c76e451cf0a91f7d12d4a4dc6c3fdf7929c7edbb328ed1097a20c345
data/real/100/IMG20220929002542.jpg,0,REAL,100,.jpg,4624,3468,RGB,32a551cc5141fd225757a9ef328410a7f6129421922b4cd04482ee4af3198597
data/real/100/IMG20220929002546.jpg,0,REAL,100,.jpg,4624,3468,RGB,5310f634e5f4edcebf8c74df04f274655e58e178c5b2a11b77e5815a6ab9f8e2
data/real/100/IMG20220929002555.jpg,0,REAL,100,.jpg,3468,4624,RGB,77ca00e704543f87922aa02396383874f2c87e28ffa62674d561a4f4a876c37b
data/real/100/IMG20220929002557.jpg,0,REAL,100,.jpg,3468,4624,RGB,9d6dbed1885b89011e46224ac3e39b357266956696b110c58d33ee85de2da5e9
data/real/100/IMG20220929002600.jpg,0,REAL,100,.jpg,3468,4624,RGB,37eadf6807844c7b080bcbd98c07197a7315587500a34f96f406b8185f6666d4
data/real/100/IMG20220929002602.jpg,0,REAL,100,.jpg,3468,4624,RGB,311300be5df0fc82631b28570fff027f4a8e469e32c3c95f1bff9cbd883f0cb0
data/real/100/IMG20220929002615.jpg,0,REAL,100,.jpg,3468,4624,RGB,54bc49ceac443cafb82133b568df7b858be7f3ad9aeea17c2b84ec62590a3487
data/real/100/IMG20220929002712.jpg,0,REAL,100,.jpg,3468,4624,RGB,2052d070c9751806743a5e0b63fba0c3933305fbbda5b1b7ba5ce0b23b3926b5
data/real/100/IMG20220929002717.jpg,0,REAL,100,.jpg,3468,4624,RGB,cb620de0eb0bb468b051cbdeee0c19248d1af47f531ecd8a68e5d8a8542f5824
data/real/100/IMG20220929002719.jpg,0,REAL,100,.jpg,3468,4624,RGB,5c3e53e89da0e76565c61fc718d8a91738e019bcc794bbb7d5cbff0402853d9a
data/real/100/IMG20220929002722.jpg,0,REAL,100,.jpg,3468,4624,RGB,b5c20a4ff4f130ba29cb91bca79bd6be8d264cf08a55c12b244ebf3366e2b9aa
data/real/100/IMG20220929002725.jpg,0,REAL,100,.jpg,3468,4624,RGB,c218a1ec5084c7a616a71c46867afacafe57351224c50cee3c111c8fb213b0cc
data/real/100/IMG20220929002732.jpg,0,REAL,100,.jpg,3468,4624,RGB,769f569841bfa607bc2bbc87e9b997fc0eb84fb4f42dc840193f5b0241e70ad6
data/real/100/IMG20220929002736.jpg,0,REAL,100,.jpg,3468,4624,RGB,89c1274b5259b4746391151fd9d3ef4831f895f377e3f9be92dddf2ff47c5fa3
data/real/100/IMG20220929002743.jpg,0,REAL,100,.jpg,3468,4624,RGB,c5b28641185e2ed5f48d64182ff1a616d5c79423de9bf5ab652660828007cee2
data/real/100/IMG20220929002745.jpg,0,REAL,100,.jpg,3468,4624,RGB,91ca916594e0bb503fddae1cc324d8085e930001da57f668870bd09defba816b
data/real/100/IMG20220929002748.jpg,0,REAL,100,.jpg,3468,4624,RGB,42dcd91a75ce1a09baabebe4c7ac55598889374d83ce156a7222574dcecfe3d9
data/real/100/IMG20220929002749.jpg,0,REAL,100,.jpg,3468,4624,RGB,22b89ef30b6aaeaba8652c8ca93a17a24278c21cdf4e42c08b78826bd1a54c3d
data/real/100/IMG20220929002752.jpg,0,REAL,100,.jpg,3468,4624,RGB,a3e0dac4e13f21ac7ff47c67bbd6856dc3818370e47ec3adec5864cd9e1fc118
data/real/100/IMG20220929002807.jpg,0,REAL,100,.jpg,4624,3468,RGB,ddfe8d9f8f00e9ff33c37860ff9e130d67b753799f80dbbf8ecb21a4d0c80489
data/real/100/IMG20220929002811.jpg,0,REAL,100,.jpg,4624,3468,RGB,dbb7619522d47ab333c34077f7964f84a4f75fb2ad1919d0e4d51b3aaf6e2404
data/real/100/IMG20220929002813.jpg,0,REAL,100,.jpg,4624,3468,RGB,dfa310441e06cb945e42cf630e111d5cf8e59f17ff96e6ef8a33f0a606d3c002
data/real/100/IMG20220929002815.jpg,0,REAL,100,.jpg,4624,3468,RGB,8bfca1069a929685b0d3a4df8c03524bcfa33896f9f14226c88c8a3be453bd25
data/real/100/IMG20220929002819.jpg,0,REAL,100,.jpg,4624,3468,RGB,595129eba0fcc35397d0b44711e6278129949e779e70d9b780044033c458073b
data/real/100/IMG20220929002820.jpg,0,REAL,100,.jpg,4624,3468,RGB,159c06f49744afe096d87cea5c60c40bfd674dde801e7895c73a24c89496872d
data/real/100/IMG20220929002845.jpg,0,REAL,100,.jpg,3468,4624,RGB,e448371b5d01d0eba3173dc7d3a42a4f64e56fcb228998d689b35681dc076851
data/real/100/IMG20220929002847.jpg,0,REAL,100,.jpg,3468,4624,RGB,f7547610b513b0392b711ec163746f29dd1766e9d3fc789da3f04369334e51ba
data/real/100/IMG20220929002851.jpg,0,REAL,100,.jpg,3468,4624,RGB,5b481d19caca5a4676c941f593639d41091a9ea40f49471f99602abd51b1ae17
data/real/100/IMG20220929002855.jpg,0,REAL,100,.jpg,4624,3468,RGB,0de80563f0a4d42b391e81cd2f6fd421f15ef9cd1c52021f0e78150e33544705
data/real/100/IMG20220929002859.jpg,0,REAL,100,.jpg,4624,3468,RGB,d213660b089b94a4202064c20b5e634a25485e939c930757f3426d9c19429e37
data/real/100/IMG20220929002900.jpg,0,REAL,100,.jpg,4624,3468,RGB,917299e54d3ff171ce3896fe797e5d5d107135253a0619127cdb7fe5ced25e70
data/real/100/IMG20220929002903.jpg,0,REAL,100,.jpg,4624,3468,RGB,c1cd8c5f9e0de3e6b777d77af23cd5772d18e22b0a5204adc92eed60dbd394ab
data/real/100/IMG20220929002906.jpg,0,REAL,100,.jpg,4624,3468,RGB,e0d17258266c38235c5a277c9d31923cadb0589d73cf99875a60ecd3a5ee9220
data/real/100/IMG20220929002910.jpg,0,REAL,100,.jpg,4624,3468,RGB,022f3797e8ae94f18f6a0cd4db1a17233a342d0a38a50937b34a92b403260eb7
data/real/100/IMG20220929002913.jpg,0,REAL,100,.jpg,4624,3468,RGB,8550a2d6e04d4e99ae7c7534a2c99b6752070398ce28d06990af30e85063035e
data/real/100/IMG20220929002914.jpg,0,REAL,100,.jpg,4624,3468,RGB,9795b6636b1c5b23a380886960188e484ef088d185e7110ee89d0fd8f57d9db4
data/real/100/IMG20220929002916.jpg,0,REAL,100,.jpg,4624,3468,RGB,01e65b43016b7b1b956c72050b972bce1ab4b8ed9df35b4a6feae887ab5eb30d
data/real/100/IMG20220929002918.jpg,0,REAL,100,.jpg,4624,3468,RGB,2153aa04b5f6c4ff849d6653a2da74845ac024915f01ba12332a285036fb4710
data/real/100/IMG20220929002919.jpg,0,REAL,100,.jpg,4624,3468,RGB,329224ae6cc0190d7e33bc39a0f75ec0135603625c3ab0cec6fd2a9eb16803c1
data/real/100/IMG20220929002920.jpg,0,REAL,100,.jpg,4624,3468,RGB,21f161721da33d65b86f235b13f81ea4d37e51e2e061899670d89955a293d146
data/real/100/IMG20221010133906.jpg,0,REAL,100,.jpg,3468,4624,RGB,f0549d7a7aa833339b24c25e24624258506ebd76ce6ca386761af6b830e059c2
data/real/100/IMG20221010133909.jpg,0,REAL,100,.jpg,3468,4624,RGB,babf63c58b5d6a8e551bee6c67f0780b939d1fa12e01cf83080569808d453191
data/real/100/IMG20221010133910.jpg,0,REAL,100,.jpg,3468,4624,RGB,f733fca0344e7ac5e21dcd995bcfffc9bf499ffb76c7bfad6140d02b01e9cc27
data/real/100/IMG20221010133912.jpg,0,REAL,100,.jpg,3468,4624,RGB,5ff7f2327bac6589ff7af2f79bf9d068f25a4ff76a3ee4f4ece20f87ffe51946
data/real/100/IMG20221010133916.jpg,0,REAL,100,.jpg,3468,4624,RGB,06006ff5c7b50404450a48c4f9ac30104ad58d523142f4d07e19eb0e5dcc4f7c
data/real/100/IMG20221010133918.jpg,0,REAL,100,.jpg,3468,4624,RGB,26cefe8edb96c0ebbf0f0b2a07223c7576c0a15db8a0ea34c47a178d5da185d9
data/real/100/IMG20221010133919.jpg,0,REAL,100,.jpg,3468,4624,RGB,d225b847cab54441850f9783c0cb47df97e30479b8171008e75e51784b3d4884
data/real/100/IMG20221010133921.jpg,0,REAL,100,.jpg,3468,4624,RGB,5df3e8da3aa42ea3169909ae417246d2a2ba3d532c79a791808eb0d4b63efeb0
data/real/100/IMG20221010133924.jpg,0,REAL,100,.jpg,3468,4624,RGB,4e79d40d1d69337025dab753363d6412a970396839bbf7cc7d997e73a773ae37
data/real/100/IMG20221010133937.jpg,0,REAL,100,.jpg,3468,4624,RGB,d74bc8d6e363ecca1c46bf8e3cb1d0d22d74acea39b15c8af3a4890f9c493388
data/real/100/IMG20221010133939.jpg,0,REAL,100,.jpg,3468,4624,RGB,3c55ef50b305c1c8faf93fa48cd3bfdc8b84eb942422c0403cd40fac19a442ea
data/real/100/IMG20221010133941.jpg,0,REAL,100,.jpg,3468,4624,RGB,24e2629c52a82fe67c2b30b31280cf25bac06f54cb0ecffc77a697ef703cdb40
data/real/100/IMG20221010133943.jpg,0,REAL,100,.jpg,3468,4624,RGB,93d18b6283df599bb2adbaacdb5d10c24abef05a0421f2fe290917f0522648fb
data/real/100/IMG20221010133949.jpg,0,REAL,100,.jpg,3468,4624,RGB,ee3e5327b16180ead4ab1ab79cd9e808d020b6c15e67e5c3a169333d558e4f05
data/real/100/IMG20221010133951.jpg,0,REAL,100,.jpg,3468,4624,RGB,6244f86ea4f646cd2d30859a8f5a6e87cb1a85842885c70677b1a17b53db2207
data/real/100/IMG20221010133957.jpg,0,REAL,100,.jpg,3468,4624,RGB,db9e7de4ccec0f8e8cb12ea7fc78fd19a274a51149681572848662bf33bab00e
data/real/100/IMG20221010133958.jpg,0,REAL,100,.jpg,3468,4624,RGB,2bb1babc73d3331178a46b664fd097c3ce929a056c94f56c1fc80b063c2621be
data/real/100/IMG20221010134005.jpg,0,REAL,100,.jpg,3468,4624,RGB,cf205bdede33e6bd9331f64b8e54f9dc22354c0b133c9c467c1ff6696e6ab2d5
data/real/100/IMG20221010134007.jpg,0,REAL,100,.jpg,3468,4624,RGB,61872df62135c522671aafc58b2508c94c608644da0b043d3287d11db1dfddc2
data/real/100/IMG20221010134008.jpg,0,REAL,100,.jpg,3468,4624,RGB,99cbe734f1fd5f3c181cdb2ba860e18b59c4774a27de2dbe85cdb3688ff43643
data/real/100/IMG20221010134012.jpg,0,REAL,100,.jpg,3468,4624,RGB,b0051275740dc0306fddf0e813009cd8c4ddbabb9bb08dd0f12654b8c3aba6f7
data/real/100/IMG20221010134014.jpg,0,REAL,100,.jpg,3468,4624,RGB,34377e9c0ec9bf3b83f0afae1c811405a21241ebfeb147ab4570d72bf52dd8e3
data/real/100/IMG20221010134030.jpg,0,REAL,100,.jpg,3468,4624,RGB,23fb009a5db03ed91f3a980af2bd13146350c3eaa5c708230e61b286b73a8529
data/real/100/IMG20221010134034.jpg,0,REAL,100,.jpg,3468,4624,RGB,f5a765f1ce4bb123735d3c56aa1dbd60f327f6046d4997a5544a94107d989b98
data/real/100/IMG20221010134036.jpg,0,REAL,100,.jpg,3468,4624,RGB,5b84682b6cb596e65fb88f294d567f413cdd33c1882a2482dace8441b7e02edb
data/real/100/IMG20221010134039.jpg,0,REAL,100,.jpg,3468,4624,RGB,5e7629ae4453ade425e76fe9fce6e6bb88a1097b22c712eea3dd92d4ce538400
data/real/100/IMG20221010134043.jpg,0,REAL,100,.jpg,3468,4624,RGB,824f45c47b460d133f61e4ac3758b0edfaa39301163471a160da5731f18b647b
data/real/100/IMG20221010134048.jpg,0,REAL,100,.jpg,3468,4624,RGB,8cdf5d415ccd637793c3c3d8c6e2b0d49401d9fe4d37a435d23425a6dc376269
data/real/100/IMG20221010134114.jpg,0,REAL,100,.jpg,3468,4624,RGB,132b84cd09c2061fc7a707507e286e44820152f867ae5b9a85fceb589b82255e
data/real/100/IMG20221010134116.jpg,0,REAL,100,.jpg,3468,4624,RGB,131d9b5456765587aafa03b11a33a3c3bc8df9cda4e3a4e8997ea724eaec6752
data/real/100/IMG20221010134117.jpg,0,REAL,100,.jpg,3468,4624,RGB,72d8a452bb8884b07fcf1367aba55a90ca6446acfd64655e1a80ad2b6e4a5425
data/real/100/IMG20221010134123.jpg,0,REAL,100,.jpg,3468,4624,RGB,1f5be51fd8b2dc8a1a6dcde05de564cfb3b82c210be5aa593152639cffb3c2be
data/real/100/IMG20221010134124.jpg,0,REAL,100,.jpg,3468,4624,RGB,7302c47dcb5e5c3203977301c349dc458ede837dc45536c1a1b3e1337f0544b8
data/real/100/IMG20221010134127.jpg,0,REAL,100,.jpg,3468,4624,RGB,5f9fa0fe9084834d6c8b19dfc14157a97c36e98cca5ca7b41be57ee7875bfe11
data/real/100/IMG20221010134129.jpg,0,REAL,100,.jpg,3468,4624,RGB,26a83fffc63d8c366eed44a5c8d8c9888542ca787e97f70e3b250a2f079644f6
data/real/100/IMG20221010134130.jpg,0,REAL,100,.jpg,3468,4624,RGB,0e578ed268b9c02959f918aaaed781a783dc8bf94104f01ce2e83f6607481537
data/real/100/IMG20221010134134.jpg,0,REAL,100,.jpg,4624,3468,RGB,43c90fcb2a811ca909af8a10aaf6f36ab6ea0c5c169077d56feac39a35298fe7
data/real/100/IMG20221010134135.jpg,0,REAL,100,.jpg,4624,3468,RGB,eb80b9abf4b31fd71b505f723ab1766730b3380fb07968de6bd43404d553a39f
data/real/100/IMG20221010134136.jpg,0,REAL,100,.jpg,4624,3468,RGB,dfdc94b1c5100bc7584173f38c2fd067d9a1453f48ce45457590902249b6cd5f
data/real/100/IMG20221010134137.jpg,0,REAL,100,.jpg,4624,3468,RGB,de9981b9bf200fb9b8271e4eb104a18264cb969cc952da488d9531ad4b6d7517
data/real/100/IMG20221010134140.jpg,0,REAL,100,.jpg,4624,3468,RGB,be29a287261254a1716ee023400d8526fa4fbdebafdd4f8939625ddc23ea0fb3
data/real/100/IMG20221010134142.jpg,0,REAL,100,.jpg,4624,3468,RGB,9b2f92e4767aaa7652b28b75a77eca600d767ff83b25455a4bf8725c03c18aa2
data/real/100/IMG20221010134143.jpg,0,REAL,100,.jpg,4624,3468,RGB,cbe91ada2cc6a5296ae699b5d0de97c16acc4ac6bd51de26c3bd0a1e058f8d31
data/real/100/IMG20221010134144.jpg,0,REAL,100,.jpg,4624,3468,RGB,4add9b4bd80b266702788ddbc8f0643a6a4d4b8042426ce14237e627b882be9f
data/real/100/IMG20221010134145.jpg,0,REAL,100,.jpg,4624,3468,RGB,901ee728d2ef2e11051678c3617377368643c309200fcc4cb8b8b2694ffaee84
data/real/100/IMG20230110194457.jpg,0,REAL,100,.jpg,3468,4624,RGB,8d646c1a44505e8dcc8430beab61f30314fcfe6dc96f93e69063f02d28d006be
data/real/100/IMG20230110194514.jpg,0,REAL,100,.jpg,3468,4624,RGB,8cc6925df148ca948d3123a807dc8dfbc2c6d9021bf15243cf3973632ab7b4c3
data/real/100/IMG20230110194519.jpg,0,REAL,100,.jpg,3468,4624,RGB,64c90c2de2d645a11d7ea4a3fcfe930286df1059d163f743eb23d72e66a9c948
data/real/100/IMG20230110194521.jpg,0,REAL,100,.jpg,3468,4624,RGB,fac7164a506bc284835f0fad260925bf7fcf2e3a9b0ae4726221fc4479473177
data/real/100/IMG20230110194531.jpg,0,REAL,100,.jpg,4624,3468,RGB,d1fd056b25039f53381801daba53a5da2b7be8ed0807ee6971b31fa59762483b
data/real/100/IMG20230110194534.jpg,0,REAL,100,.jpg,4624,3468,RGB,9d97223f58d4d9616aa1690b596303a12f91c21ad5e4f16d49102cfbfaca2be5
data/real/100/IMG20230110194553.jpg,0,REAL,100,.jpg,4624,3468,RGB,47d10c96450c7eb0da15be84d125fbdcb1977392fdeed04fce76bae82dbd27c9
data/real/100/IMG20230110194601.jpg,0,REAL,100,.jpg,4624,3468,RGB,909694984f037915d13ab488f11219d09f2443426ac4f1fd147c6e85a390b502
data/real/100/IMG20230110194605.jpg,0,REAL,100,.jpg,4624,3468,RGB,eaf3d4922fcff2ce7b0cc79c5bea11d64015e39fe894e4714a0c63d8439eaf2d
data/real/100/IMG20230110194607.jpg,0,REAL,100,.jpg,4624,3468,RGB,54d7bf520fc08e9e36d3d56802837dec205e6e51c6324abda4df31490fcd5548
data/real/100/IMG20230110194613.jpg,0,REAL,100,.jpg,3468,4624,RGB,a9547b9f80411d29e242000542a057c3f3403084b1c98526d9cc5dbce96ba299
data/real/100/IMG20230110194616.jpg,0,REAL,100,.jpg,3468,4624,RGB,9ffc0300dc5d649cc22399ef06134bc3735c0d853ea999d1646099aec90c30f6
data/real/100/IMG20230110194624.jpg,0,REAL,100,.jpg,3468,4624,RGB,6320895700e223bb36371b867c8738ed2cc3dbb9eca0a26caa11bc345cdc98a7
data/real/100/IMG20230110194626.jpg,0,REAL,100,.jpg,3468,4624,RGB,25c6b954972e222c832db366d71f675736c72a80234ef7000d3be5bc10a96562
data/real/100/IMG20230110194628.jpg,0,REAL,100,.jpg,3468,4624,RGB,c3c40a68b235097d6cc577dce17e360116c9c938c7699a2fd05fc54c9a824daa
data/real/100/IMG20230110194713.jpg,0,REAL,100,.jpg,3468,4624,RGB,79edf3f90bf6a1f74f95ab4b800a8b29b4ddf44129d0fdd5a88f0fcf41a2a1cb
data/real/100/IMG20230110194715.jpg,0,REAL,100,.jpg,3468,4624,RGB,56fd80faa64d04ccbbd0ed8495a3c79fe9344c6d50c69e2fbfe48033b34084b8
data/real/100/IMG20230110194719.jpg,0,REAL,100,.jpg,4624,3468,RGB,f55f8f3c4ebbd8f3615362d1592577cf039569a6b493ad1a7cdb21884a162922
data/real/100/IMG20230110194722.jpg,0,REAL,100,.jpg,4624,3468,RGB,334ef5025a0e3163189089d5b27f6d4c021d2f8eeea6a50ea200de05dce26c90
data/real/100/IMG20230110194723.jpg,0,REAL,100,.jpg,4624,3468,RGB,05f047856740d0435623f8ff900145c4109096ea9728757ba2a4ca73c8feded1
data/real/100/IMG20230110194725.jpg,0,REAL,100,.jpg,4624,3468,RGB,f19f5acd3f783a51219bfbc49facd193542b87f97de6ee1b2f6661a6303892e4
data/real/100/IMG20230110194728.jpg,0,REAL,100,.jpg,4624,3468,RGB,744c2ee7e2009f1ace6e153a7358e86247da89d92f4d49df7d54ad29f6a2869f
data/real/100/IMG20230110194740.jpg,0,REAL,100,.jpg,4624,3468,RGB,3822e6a1aa521ecc4619bd36c8cbf1f6e52a919fb45a784bf6dd49a955360bda
data/real/100/IMG20230110194744.jpg,0,REAL,100,.jpg,4624,3468,RGB,810b800f1bc240d22c707b2a3e8971127a96da45c0c7742171e60b71c1082b16
data/real/100/IMG20230110194751.jpg,0,REAL,100,.jpg,4624,3468,RGB,4add9d4f6c75087b01db599ae91abbaa657d859288440ed640638e15ffceb4f2
data/real/100/IMG20230110194752.jpg,0,REAL,100,.jpg,4624,3468,RGB,92cbc17cf30f7b155e7a2f78379f5c909966ec6ab80273b2e05a13e69c33b61e
data/real/100/IMG20230110194811.jpg,0,REAL,100,.jpg,3468,4624,RGB,b5360175c92cbd8b236f5c99fd11ad06d922aa5f9d179e77406df412e9552c59
data/real/100/IMG20230110194812.jpg,0,REAL,100,.jpg,3468,4624,RGB,83d96b3ab67cb90589cf7de4de2cb4f4fb2fdf901d31b38fbe4999274bfa0fac
data/real/100/IMG20230110194815.jpg,0,REAL,100,.jpg,3468,4624,RGB,3b267c1f21951ae71bf5dcb61690103ad1af6b485f6efec7eac2a9354412b04b
data/real/100/IMG20230110194819.jpg,0,REAL,100,.jpg,3468,4624,RGB,7e98f5209dd42719bdb1ef5bb0ec99bd0447e7a093290934814e3ad6b8e54735
data/real/100/IMG20230110194826.jpg,0,REAL,100,.jpg,3468,4624,RGB,240769af33e08a1982498c2a68711713b1074db5795d7d221d7ba476d5930fd4
data/real/100/IMG20230110194830.jpg,0,REAL,100,.jpg,3468,4624,RGB,327b930eb0a0e3ce67862fc686a5d052d90a1ac39ecc38425c1cfd7ccad4e9c4
data/real/100/IMG20230110194844.jpg,0,REAL,100,.jpg,3468,4624,RGB,7ddc6353a00a29885c87d9ec2f5ca860ff79ffd9ff748c3a845821ce9b703281
data/real/100/IMG20230110194848.jpg,0,REAL,100,.jpg,3468,4624,RGB,d9f61e253120685d818706137360fc06f4212c17eb5164e9d184bbf7c80b60d0
data/real/100/IMG20230110194850.jpg,0,REAL,100,.jpg,3468,4624,RGB,11548c7289fa9f5c94a0555fd0f0ce7f4db70f556a61016994434edebeed8e80
data/real/100/IMG20230110194851.jpg,0,REAL,100,.jpg,3468,4624,RGB,3fa674c8f1a27d5fbb8ab12088361a5b3464ed56edb122fc0f28c28105c56030
data/real/100/IMG20230110194853.jpg,0,REAL,100,.jpg,3468,4624,RGB,f7b83e0208c4130ec461d2d8a241aba703365f92df2c3f49f2050d33ae0f689c
data/real/100/IMG_1666266487927.jpg,0,REAL,100,.jpg,640,480,RGB,ee51062d9f449aa22575cbaf45d723cb53e31df368fdb444b2fc43f39297bc62
data/real/100/IMG_1666266502037.jpg,0,REAL,100,.jpg,640,480,RGB,5f665370dbf15cd383b10d9126ebbbf299d3703cd68469fdfde811670d84074f
data/real/100/IMG_1666266520221.jpg,0,REAL,100,.jpg,640,480,RGB,a7d1bc0cfe21c6e2bb4936c9b12382e3543f0ca0ee03ce11eec2d52556c78a15
data/real/100/IMG_1666266534808.jpg,0,REAL,100,.jpg,640,480,RGB,164fb441318eb1d36f78b76d266d96eb59f97d7051ead0a6a4de6ed40867b128
data/real/100/IMG_1666266545274.jpg,0,REAL,100,.jpg,640,480,RGB,332362d5fc56044f63d581e527e6e66eb4152b0726f42a9ffae4430b1a7e07e6
data/real/100/IMG_1666266559326.jpg,0,REAL,100,.jpg,640,480,RGB,da51ae8659c6b46d7cc35a61188ae6e5c883550cb24084132a9f1fa37eb259b3
data/real/100/IMG_1666266566906.jpg,0,REAL,100,.jpg,640,480,RGB,92460c8171c4493b98c8511ebcbbd9a069e7370918f8f6d612a647f3975a1e7f
data/real/100/IMG_1666266608510.jpg,0,REAL,100,.jpg,640,480,RGB,757434ef67a17b6cb75ec3ea42610093f0afcc149e886085577956ecd0208bb6
data/real/100/IMG_1666266617732.jpg,0,REAL,100,.jpg,640,480,RGB,6f7fb9be8f4bb99472344116f55cceb87f60c777fefaaee17ea8a0e320c96f4b
data/real/100/IMG_1666266622835.jpg,0,REAL,100,.jpg,640,480,RGB,37b7a8d8db20e319ddf3d6290d55263f905943a51e03913bcd8e94595d8b2175
data/real/100/IMG_1666266646378.jpg,0,REAL,100,.jpg,480,640,RGB,9f9aef191a950d8cb311a66a3a21fea18f8f0b09686f85cc8ab12fb30c0fb441
data/real/100/IMG_1666266654558.jpg,0,REAL,100,.jpg,480,640,RGB,f57dac842b2e1b7a853c169a40e18ea3b45f436b93035ee5addf8761cef78846
data/real/100/IMG_1666266674410.jpg,0,REAL,100,.jpg,480,640,RGB,494cbf48779f100892e909669e8188161588c7f512ab3d0a01a19ca4980a55c4
data/real/100/IMG_1666266688298.jpg,0,REAL,100,.jpg,480,640,RGB,63aa575c024510bed9bf654f0595ec6ed5b5fe39a111548a8eca34054aec3985
data/real/100/IMG_1666266698761.jpg,0,REAL,100,.jpg,640,480,RGB,251db121d905f558ee6a840b57799c10cabbca791731735723e2c41f9a1a1f9d
data/real/100/IMG_1666266710428.jpg,0,REAL,100,.jpg,640,480,RGB,eb5c42f136047259dee57c7dd81ae4bf20ca49aae7c3fec5a73dafc50fb0aa08
data/real/100/IMG_1666266721383.jpg,0,REAL,100,.jpg,640,480,RGB,d2ce074975b5dcfdc1d04761b9ceb20afd6f181d1b9f013336df2d1846f91479
data/real/100/IMG_1666266733902.jpg,0,REAL,100,.jpg,480,640,RGB,07d463246a325466e8ae796ee11d1e1998b6204a3c1504a9251e67ef1cd4c5f4
data/real/100/IMG_1666266823443.jpg,0,REAL,100,.jpg,640,480,RGB,b1dfdb8778c6afab38bf76d0d4e66a0eda6075aa98df76dc2c1f8cc885149c95
data/real/100/IMG_1666266827810.jpg,0,REAL,100,.jpg,640,480,RGB,0ce1873d50076e2d0fcb929bd213ab69996126cc0a20fdd620061284b73ae66f
data/real/100/IMG_1666266841763.jpg,0,REAL,100,.jpg,640,480,RGB,7045a288e5133c2855000d7e89fc4500446552f9ffe2abac280ed8bfa8ca82e6
data/real/100/IMG_1666266847237.jpg,0,REAL,100,.jpg,640,480,RGB,5267aca5ef3662cd5b94308ad38480c4ac9aa36214d7f655afbc3cb16cfe2f7b
data/real/100/IMG_1666266852875.jpg,0,REAL,100,.jpg,640,480,RGB,ebbb4fa6153fa4e315638a2574fd99cd44c1ef61d78b72b41fa439e4d966ae5c
data/real/100/IMG_1666266870376.jpg,0,REAL,100,.jpg,640,480,RGB,60f6c0b5a85adf89b42777173bb34dbf5a4ef58826d759ff63f0c5ac076268f7
data/real/100/IMG_1666266887823.jpg,0,REAL,100,.jpg,640,480,RGB,6bf8b65272ecc0b016d732c05e9fdff2cc8b93d95632afded7d5c2ea2f5c607c
data/real/100/IMG_1666266892120.jpg,0,REAL,100,.jpg,640,480,RGB,1314a5b1acba2ca02076ecd620b41c8eac2a14ab44c2ec11f3798a8dd385e2c0
data/real/100/IMG_1666266977500.jpg,0,REAL,100,.jpg,640,480,RGB,429ef0f7c75f94fe191e94ea91c08ec7d577ecaaddcf1ff557665add3c2108e6
data/real/100/IMG_1666267000962.jpg,0,REAL,100,.jpg,640,480,RGB,8cf49d4ef8c122ef388053b8bc906490a57bbdfcf58c5e991782107cd381b3a5
data/real/100/IMG_1666267014972.jpg,0,REAL,100,.jpg,640,480,RGB,8e10577d317b7c48a0d723a871659e70a99f423cc900c17d3d1f8a003becc5a8
data/real/100/IMG_1666267025074.jpg,0,REAL,100,.jpg,640,480,RGB,cf50cf392ebaa37ab2d5456ae75ba7ff2c73858cd75d53174c1175c26bb57433
data/real/100/IMG_1666267043725.jpg,0,REAL,100,.jpg,640,480,RGB,fea77c0f3db8d08bf6cfa64280db0f3c76a6b23472ce875484c7d066d511c876
data/real/100/IMG_1666267054247.jpg,0,REAL,100,.jpg,640,480,RGB,a48a98f524e60b550b4d702f63a429763083f14e9ba272902a34cf5fdafc2a5d
data/real/100/IMG_1666269978381.jpg,0,REAL,100,.jpg,640,480,RGB,401c7ab51a15777f8e712eb9d70a650636970d78ed9210cd82fda890e8e21d98
data/real/100/IMG_1666269979465.jpg,0,REAL,100,.jpg,640,480,RGB,7be9f268690bd93680d6b3fe80ccedd044627c2c0d25083bcd76c5d09a1a02fa
data/real/100/IMG_1666270118444.jpg,0,REAL,100,.jpg,640,480,RGB,9b3fc4045678685f2695ca1fe80d09c72e43f7d61a9b33b1598664fbee170889
data/real/100/IMG_1666270135658.jpg,0,REAL,100,.jpg,640,480,RGB,ce868b2d661ced034a05fb3dfb8d3239d71cb08dfb886ded62f03b908d87bf58
data/real/100/IMG_1666270148712.jpg,0,REAL,100,.jpg,640,480,RGB,6b4c79c22ef5a066b02e303cc0e7fb4c46fa53123e6cbb16bd5bfe4555bb1d1d
data/real/100/IMG_1666270153638.jpg,0,REAL,100,.jpg,640,480,RGB,1cb03acd186adb0de70035029ea90d6301d9a9a0c0d9fcd2e15b6fbf2d53f824
data/real/100/IMG_1666270158479.jpg,0,REAL,100,.jpg,640,480,RGB,5a0d31e6d18edb0a8e10eb729ad979edb4e170e141bef7b36747b5be68dbeef0
data/real/100/IMG_1666270162605.jpg,0,REAL,100,.jpg,640,480,RGB,ca937352cca414e4c9b184446fda2c78658409464bc9fb77adf512c00eeed6d8
data/real/100/IMG_1666270173674.jpg,0,REAL,100,.jpg,640,480,RGB,6f8c27249bdaae0c07dd5646661e4a55d9604fe57e5c61a9baa65c3f4cd415e9
data/real/100/IMG_1666270186876.jpg,0,REAL,100,.jpg,640,480,RGB,2513d86d3189e3616cead297b3ba23a65e83452d742384d0956cdca64daf2d20
data/real/100/IMG_1666270190505.jpg,0,REAL,100,.jpg,640,480,RGB,9eabea4501ffaeaf9b3268fb6cfb962899cd3205eccdf11799c5f87ab1d3d13c
data/real/100/IMG_1666270220286.jpg,0,REAL,100,.jpg,640,480,RGB,c8163545c81f39b2b50a7d2a32753bdbdc97b72037cc9622f301230f24e99c2a
data/real/100/IMG_1666270227782.jpg,0,REAL,100,.jpg,640,480,RGB,59c02022deaa57f2bc27d1ea16286c2f3e70d414bffdd1f6fa0a90d8fc5a9c00
data/real/100/IMG_1666270238825.jpg,0,REAL,100,.jpg,640,480,RGB,f1c478882c4361178d95f17be9abb6b8caf88a622568071cc593470ceded17e9
data/real/100/IMG_1666270245101.jpg,0,REAL,100,.jpg,640,480,RGB,a760f00f6ec30280388a5a61170eccc842fcf88ceb108a99f583da8ba49a19ca
data/real/100/IMG_1666270269602.jpg,0,REAL,100,.jpg,640,480,RGB,a1e52f97ceffc89a4a5699d2a9dc38562b3bc4eaca7bdc281aeb2924451d9062
data/real/100/IMG_1666270274544.jpg,0,REAL,100,.jpg,640,480,RGB,57d164d5a04e7df249c5b44358b3383da3fc80bc259271f4950c804bacd513f4
data/real/100/IMG_1666270293802.jpg,0,REAL,100,.jpg,640,480,RGB,6cffa755016707a4563c496a3018b5aec375c7fb31d704f04a3878a5732afc55
data/real/100/IMG_1666270305335.jpg,0,REAL,100,.jpg,640,480,RGB,2b9cfed8bab69436a4a16ac8c35fdd10ccf43733014f0a1d646afc4741937060
data/real/100/IMG_1666270315895.jpg,0,REAL,100,.jpg,640,480,RGB,f443aa4b781fc93f32d6a6e3cac24d85196a9767a5e335ffde091912c8cac2a9
data/real/100/IMG_1666270318927.jpg,0,REAL,100,.jpg,640,480,RGB,d266a9db526c3aa8ff879138e92bd4ccbde1f98f84b28667dd4acf5a4eb122d4
data/real/100/IMG_1666270328606.jpg,0,REAL,100,.jpg,640,480,RGB,84895e7e3e438e97e1a1545d50e94ea8076a0e46805ffe927d0ae9dc0d81c184
data/real/100/IMG_1666270336535.jpg,0,REAL,100,.jpg,480,640,RGB,c3a08e8772fb700affdbff37371ee456413bc44e2a5430b53da83379c580b289
data/real/100/IMG_1666270351142.jpg,0,REAL,100,.jpg,640,480,RGB,fb22b6d523e715c63ec77ecc559b710900b842ff0a9e2af36a07a86a1d2119e0
data/real/100/IMG_1666270356722.jpg,0,REAL,100,.jpg,640,480,RGB,f96ff1b5be1ce22879d0e88be43a90a513e22c933f8a7572e489cb947d5fe787
data/real/100/IMG_1666270369289.jpg,0,REAL,100,.jpg,640,480,RGB,9dbcaa07a2da424ddb29dacf46006efef3970fdf1c35e073c7004a16f459cb5a
data/real/100/IMG_1666270374647.jpg,0,REAL,100,.jpg,640,480,RGB,76cdb467256c8ee32fa10602b20aba391aa86e4efdbbf9e4d25229c18f962c83
data/real/100/IMG_1666270397430.jpg,0,REAL,100,.jpg,640,480,RGB,b35ad57a9ae7e7a7bfa216d66b9454a051cef6129c4dbd24f5a2d421410e93a6
data/real/100/IMG_1666270464248.jpg,0,REAL,100,.jpg,640,480,RGB,6c53a79b82000ea9b1a1348c6ddf6073ee3a1d491890af53214cac90bf41ee3c
data/real/100/IMG_1666270487409.jpg,0,REAL,100,.jpg,640,480,RGB,b31fed95ee94eb7b6ba70575eacb4d962eb68d6f6fed6dec7a5bd0caf0dec008
data/real/100/IMG_1666270495374.jpg,0,REAL,100,.jpg,640,480,RGB,f5ebac14de94e3fd43e68b31c067775e6ce8caad5935ddcc8c1b1941e01e7654
data/real/100/IMG_1666270497473.jpg,0,REAL,100,.jpg,640,480,RGB,b502037eb791485eb6c9af9db6f01aa702796f3fb7ec2267761865c6a24d2ebb
data/real/100/IMG_1666270530162.jpg,0,REAL,100,.jpg,640,480,RGB,8cf954fc7478fd89ee6463f57ac7a0ab27ab0044cd0910c21b1383112b9922b3
data/real/100/IMG_1666270535407.jpg,0,REAL,100,.jpg,640,480,RGB,54eccba47c092e289db09fe96f647d35d67a7d00d9361e334f6e497c88e8b3d7
data/real/100/IMG_1666270540769.jpg,0,REAL,100,.jpg,640,480,RGB,407d88f67ebadf91c47469017638a394c137e139245e8b29cf467cd3edee7ec6
data/real/100/IMG_1666270551813.jpg,0,REAL,100,.jpg,480,640,RGB,9d76017b27fd80a6f61ac7fbad2ada21bf189ef02096f04a2dcc5a2f05427494
data/real/100/IMG_1666270576211.jpg,0,REAL,100,.jpg,640,480,RGB,e51562d80c99c928363f9eff54fb0a8f80a224a6f8609e17f04da7c5d7e55896
data/real/100/IMG_1666270581508.jpg,0,REAL,100,.jpg,640,480,RGB,8160428f42e2796f4eeb7ae763e44abdbe8d62b02026ab9899510e9a7b47907d
data/real/100/IMG_1666270607876.jpg,0,REAL,100,.jpg,640,480,RGB,6c7988b1b38e6d1afb07f4fbf865618baee927d3be4f1ccffa3763cd4dcf9fa6
data/real/100/IMG_1666270631565.jpg,0,REAL,100,.jpg,480,640,RGB,295785bc301e3ee4a5fd9b8972d419c296d1a24cd30ec6520a2b24196723b075
data/real/100/IMG_1666270640615.jpg,0,REAL,100,.jpg,480,640,RGB,3057347f3420f47a33f10a891a29d5569c8d50bfc2051a0151c0d076365ffb69
data/real/100/IMG_1666270657220.jpg,0,REAL,100,.jpg,480,640,RGB,4008baebc993bd292ea580b09bd12fcc5b1e5ee8fbaecadecbe924ba4dc29383
data/real/100/IMG_1666270662447.jpg,0,REAL,100,.jpg,480,640,RGB,a77317a4777211d5636a2b18ae74987fa3e276a2e15cf5bbba61dccef888885f
data/real/100/IMG_1666270669674.jpg,0,REAL,100,.jpg,480,640,RGB,69585bd76ca1a89d2e1766ae729d30c2a1a9a5b9590b34561de9a7b0186f24f7
data/real/100/IMG_1666270682388.jpg,0,REAL,100,.jpg,480,640,RGB,8742f9c45b36477b769ed915e5fc3ef2e89eac81384b31932e8ae24990179a96
data/real/100/IMG_1666270706926.jpg,0,REAL,100,.jpg,640,480,RGB,3c21146ce5f2a82c1e29705d657fa4a0aa7a7553a25f661b9ecda2e5c05a9c3d
data/real/100/IMG_1666270721989.jpg,0,REAL,100,.jpg,640,480,RGB,3f3dd38f92371f49d7a6d0d421484ea673c8b0d344eb7ca788ea855cd3ea60e3
data/real/100/IMG_1666270732198.jpg,0,REAL,100,.jpg,480,640,RGB,69b1e3f179bc14fbf39a9f0e753c37ff5113747a49b23509db36eb6bf48e736a
data/real/100/IMG_1666270737788.jpg,0,REAL,100,.jpg,480,640,RGB,7a825c26e7a7d4d658a4df3de0aec2eb214c9c02ee37eacbbed71972b0400eb9
data/real/100/IMG_1666270751832.jpg,0,REAL,100,.jpg,480,640,RGB,b98d9b7132f1ae837f459841a61f8bdd76d0acacf14176604e9abc02d1f35e37
data/real/100/IMG_1666270759883.jpg,0,REAL,100,.jpg,480,640,RGB,174b923b97ebd00ac3652ee06b000afa6daf7bad62d83949483784ae3872e2cc
data/real/100/IMG_1666270764980.jpg,0,REAL,100,.jpg,480,640,RGB,74036cbaaa5ce49c298876b9f0daacc7c545a07b2d9e4fc71c668ff595b1a72b
data/real/100/IMG_1667894121600.jpg,0,REAL,100,.jpg,640,480,RGB,5e4113b2e00c16c979cd13cc0443678093d6f9cb69e688b8df5223770b15cf0a
data/real/100/IMG_1667894128660.jpg,0,REAL,100,.jpg,640,480,RGB,5df8de2cfafda059939f0b13911c1f4f58ffee80abf74e529434386abaa88fb5
data/real/100/IMG_1667894167401.jpg,0,REAL,100,.jpg,640,480,RGB,d036f76118a6ff52bcca2cbbc29eca33d1584c822c7ac648740e513b939aa85e
data/real/100/IMG_1667894190307.jpg,0,REAL,100,.jpg,640,480,RGB,c9763a798e1cc3b291ccbb5b92a82d877f8bb5020b5b843fd18eb61475a8478a
data/real/100/IMG_1667894306562.jpg,0,REAL,100,.jpg,480,640,RGB,bed83cbc27e611ec98d45031124d6036fe2ad1b5cd31c4d9872a7010c897849c
data/real/100/IMG_1667894314927.jpg,0,REAL,100,.jpg,480,640,RGB,62740f12fed9e8aa4448dc06587ad00a4effb7bd146787c539e017364a0b9fb9
data/real/100/IMG_1667894322031.jpg,0,REAL,100,.jpg,480,640,RGB,b835728f443dd401a951852daa84a8818df5a93a36cbbbe5d0738252c7a7299b
data/real/100/IMG_1667894341555.jpg,0,REAL,100,.jpg,640,480,RGB,6966fa86f3593552aa3791efb9f72baebbbff2fd373ecd14260ce0f9a513b0c2
data/real/100/IMG_1667894346861.jpg,0,REAL,100,.jpg,480,640,RGB,4c3dd5d68596fbff1c4f70f33e093faa819fefaa65a3f6b59f706856c00d9296
data/real/100/IMG_1667894370613.jpg,0,REAL,100,.jpg,640,480,RGB,f28c1422e1eb9f4bd5010b5fe86e223d18b902141297229ad2095be797a0dc98
data/real/100/IMG_1667894393449.jpg,0,REAL,100,.jpg,640,480,RGB,0846e247682e6e68337e5612c1493074cafac80cf2f53ad4df6600e9196a2159
data/real/100/IMG_1667894421778.jpg,0,REAL,100,.jpg,640,480,RGB,13895295e2d079eb6d3de5d262151dfa1e70566e7524b7d955533ac90531fc6b
data/real/100/IMG_1667894428481.jpg,0,REAL,100,.jpg,640,480,RGB,7594e2c9067ae80eb0cd48f96713a6f980c73dc7681987093e51fed40386c47f
data/real/100/IMG_1667894438848.jpg,0,REAL,100,.jpg,640,480,RGB,ec08d0b702d7eb2a4beac567332ea0c5af01c4fab7a3912d8e652d770281658a
data/real/100/IMG_1667894445170.jpg,0,REAL,100,.jpg,640,480,RGB,0fabdbea7615310f5b55286365f097e0098fae665e2975479f81608630bf2c07
data/real/100/IMG_1667894452003.jpg,0,REAL,100,.jpg,640,480,RGB,3e62235800794a9048def3be87abb7a70a7c470329756d6536250fded9b28913
data/real/100/IMG_1667894486460.jpg,0,REAL,100,.jpg,480,640,RGB,4c98f38c645f5eafc270ce121af0b11eda125902b5d5198d064ad6e709d4bf77
data/real/100/IMG_1667894502490.jpg,0,REAL,100,.jpg,640,480,RGB,2f20bf91b867f9c664d583f55006b73893a2bf51af6ed9dd9f5b756759e481a2
data/real/100/IMG_1667894516123.jpg,0,REAL,100,.jpg,640,480,RGB,fa5bfca9caba3c83a87a88cda06f0435e95a146dfbbc2783dbf32f67d7b005cb
data/real/100/IMG_1667894558279.jpg,0,REAL,100,.jpg,640,480,RGB,ae7163298e7eb75006c76d67c00477388dad734ff151be9574aaf27ac1a2ca08
data/real/100/IMG_1667894562696.jpg,0,REAL,100,.jpg,640,480,RGB,ac1f35c2b7d0628771d3027000b169ccff8a69747cf5d7a95f5054e771f67513
data/real/100/IMG_1667894568311.jpg,0,REAL,100,.jpg,640,480,RGB,ece59afaa153ea4687b2edb414fb14f60f1728d9e3bc91026a9dbdf971d236e4
data/real/100/IMG_1667894579665.jpg,0,REAL,100,.jpg,640,480,RGB,1ee034107b2a0e18748b89414603c11cc78601b2460e526bc3c83647bd23b151
data/real/100/IMG_1667894586843.jpg,0,REAL,100,.jpg,640,480,RGB,4049f29f1542eb076c4471b5dbd63d0a157a28c0302078b972e2a8291ff47af5
data/real/100/IMG_1667894594581.jpg,0,REAL,100,.jpg,640,480,RGB,055af78a6c5b10edcac3693739211ba89782c2ba319f6368cb049729538f0b04
data/real/100/IMG_1667894604369.jpg,0,REAL,100,.jpg,640,480,RGB,cebcf39f05e3f75ec1a2319f9c61d1afc44078cff3c656edb57b4c50163289e0
data/real/100/IMG_1667894614686.jpg,0,REAL,100,.jpg,640,480,RGB,c0e1a2146fb59262e91be3e8f74537198dddb5d7f55f60d969c574e7c5fc5fa9
data/real/100/IMG_1667894626559.jpg,0,REAL,100,.jpg,480,640,RGB,1ecc582c9249731504c9475b2688fa54e8cd25c671a7fc7256a6d81464270bb4
data/real/100/IMG_1667894646073.jpg,0,REAL,100,.jpg,640,480,RGB,412cc654d23260e342fce6ad1bc32668e2db5e9393356e4e03c4371ec5cfe4fb
data/real/100/IMG_1667894650611.jpg,0,REAL,100,.jpg,640,480,RGB,a02ab56185a0f7cf52a7dbef1e044aad4c458c27cf6e2c5c6d0c2c9c7eb9e069
data/real/100/IMG_1667894665212.jpg,0,REAL,100,.jpg,640,480,RGB,a216f1539df6c36425fd811a600ff2868f91205bf5a0d17a5a11020fc2ad0598
data/real/100/IMG_1667894686382.jpg,0,REAL,100,.jpg,640,480,RGB,a30b656173b10e07c04392e29c69b4825ebfcbc93c183df79b12798e56bb286c
data/real/100/IMG_1667894690922.jpg,0,REAL,100,.jpg,640,480,RGB,2a09250e4e7a6998c3b452db7990fb9bb4f220122b057565b543c4bd94a183db
data/real/100/IMG_1667894704050.jpg,0,REAL,100,.jpg,480,640,RGB,189d19660848180acbcab58972e158ea0c2335f73f286d88a86525a29f09b196
data/real/100/IMG_1667895268291.jpg,0,REAL,100,.jpg,640,480,RGB,6194fb0ba58d56958b1a1e9ceabe8adbc6d85188cd8e18ff41b1630536f85bd9
data/real/100/IMG_1667895279808.jpg,0,REAL,100,.jpg,640,480,RGB,a9ca04d048c7431c0f48d951dedca35d79728348fb96a6b7711c0eed799b8c80
data/real/100/IMG_1667895284883.jpg,0,REAL,100,.jpg,640,480,RGB,0a895ea0a0e0ec4319c14e54371e685b88f257835a2e22d973353452eedca521
data/real/100/IMG_1667895294595.jpg,0,REAL,100,.jpg,640,480,RGB,e8a272778ccd051684ca86be98e89ce076bf673f65c7e7a1163a2f94c0c2f79e
data/real/100/IMG_1667895301194.jpg,0,REAL,100,.jpg,640,480,RGB,fdb953180ab590470f6de98511f7cff6a5432f1f32c7bcad5b1a0a6c907c4f03
data/real/100/IMG_1667895350570.jpg,0,REAL,100,.jpg,480,640,RGB,37ff4f8517caa737681d89ada57074ee8555f573b96c1ce396e309d6d46244bd
data/real/100/IMG_1667895356842.jpg,0,REAL,100,.jpg,480,640,RGB,26e4248bcd22a9be2b55e8107b077c9f786e99f4bb4879811788d864227e2d34
data/real/100/IMG_1667895373392.jpg,0,REAL,100,.jpg,640,480,RGB,51b62a0cb7eb969b8b41d4a45617e7a617266fbee55cdd148562e72692a738c5
data/real/100/IMG_1667895395772.jpg,0,REAL,100,.jpg,640,480,RGB,3caae76c113d428ce503143ffb94a02db11591e99a85de30247fe309809f8b41
data/real/100/IMG_1667895413589.jpg,0,REAL,100,.jpg,640,480,RGB,09d1a5201ad7405eb1ff90e64f3f40a493d17552e68cd6db3a11ba0198f063d4
data/real/100/IMG_1667895460422.jpg,0,REAL,100,.jpg,640,480,RGB,009acfb1a40c6833b94220571a642272d0ed4e7fb4edc6d57080012973370b6a
data/real/100/IMG_1667895539773.jpg,0,REAL,100,.jpg,480,640,RGB,40054c15a366915db5291a926c1fbc5aafe888b78e3128d494f7db485f3cb0c7
data/real/100/IMG_1667895552364.jpg,0,REAL,100,.jpg,480,640,RGB,30ff34b905c547527255c4aa8bdee53c2b5ec5559bfd5c9722c69343eb72da76
data/real/100/IMG_1667895573124.jpg,0,REAL,100,.jpg,640,480,RGB,7cb59d459c78c65ed501087d75df536432beb0c8e39f0d2e49dc6b531d17672e
data/real/100/IMG_1667895579738.jpg,0,REAL,100,.jpg,480,640,RGB,c94df0b1ccc8b59fe2b8b9f5c5a9fa411b3fe7d45c66e526fb0a62cfabfb1a4f
data/real/100/IMG_1667895584705.jpg,0,REAL,100,.jpg,480,640,RGB,998a9acdbd1689411245c6879201bbaa93c6299fc03aa65e2e689516f4972335
data/real/100/IMG_1667898527113.jpg,0,REAL,100,.jpg,640,480,RGB,0b0e83722f9f225c4dd2e040c39326d3f45b8d25b54cfc571e1ef711375a8647
data/real/100/IMG_1667898552478.jpg,0,REAL,100,.jpg,480,640,RGB,82ee2a66bf01349dddaf6e9d20ec8c3ff484e280c934bc5c29f8fda5e33dfb41
data/real/100/IMG_1667898564306.jpg,0,REAL,100,.jpg,480,640,RGB,a2a722672b06bfd08be2d905705151dd73e85e49132f3ebd18442775ef7ddb05
data/real/100/IMG_1667898592793.jpg,0,REAL,100,.jpg,640,480,RGB,b7267dff21c5fc6e927ed91fb571ed40d9683cb13d646d18bffca353a05df4dc
data/real/100/IMG_1667898598922.jpg,0,REAL,100,.jpg,640,480,RGB,1a167875ac00b3f4777f800e44c5907bbb5ec0d1edc974d4270573a24abe0d54
data/real/100/IMG_1667898634013.jpg,0,REAL,100,.jpg,640,480,RGB,1dd7e91a6cb1c037190051d9bb727cbb6ceec3227d16261bcebbe226ca784206
data/real/100/IMG_1667898635978.jpg,0,REAL,100,.jpg,640,480,RGB,25da1e159a3cb3d7ea9dbdf6e04eba2a3e433543f10ca694e4b5ec62a7d1c5e1
data/real/100/IMG_1667898692356.jpg,0,REAL,100,.jpg,640,480,RGB,5aacff01a346dc62d65695e79d6e90095eba7c1465aeb8691f0d550e17ccb349
data/real/100/IMG_1667898756140.jpg,0,REAL,100,.jpg,480,640,RGB,be0b95584e67131af4777d11e5b87f88aa62290e8887367c008e8d0fcd31f45b
data/real/100/IMG_1667898762698.jpg,0,REAL,100,.jpg,480,640,RGB,385c60d150b742decd3b95e23c186925159702d2e806523565eb1385cb60711f
data/real/100/IMG_1667898782545.jpg,0,REAL,100,.jpg,480,640,RGB,f95b1734e8426e6c05fcc85ec8522263a55a7677bfd94b7c4e7f68f855c6963d
data/real/100/IMG_1667898867445.jpg,0,REAL,100,.jpg,480,640,RGB,aa5fc4cb3365bb75a9b2329f5284cb172bce4f6dd14afa896128bf8c653abc97
data/real/100/IMG_1667898875671.jpg,0,REAL,100,.jpg,480,640,RGB,757240448cf46788f2eb4864b1cfc8bf397a845615225b6a2375d46dff5e1f0d
data/real/100/IMG_1667898919161.jpg,0,REAL,100,.jpg,480,640,RGB,b0c83d8c9b72dbc737084fce05ecaf06da9c796bde6ebcd6385190d30e884de9
data/real/100/IMG_1667898924776.jpg,0,REAL,100,.jpg,480,640,RGB,6590247c4fda798a6365db462188d39bfe7eca5ba962e6ae3e8047672b89a038
data/real/100/IMG_1667899201124.jpg,0,REAL,100,.jpg,480,640,RGB,d609bf1cf23592c4a73662980b9da5f346d685abc8d027d164bd776a39432d2a
data/real/100/IMG_1667899211150.jpg,0,REAL,100,.jpg,640,480,RGB,f021f06972426716dfc0650ae0dad36288a940420f6a353fa583de9f088a2a6d
data/real/100/IMG_1667899229602.jpg,0,REAL,100,.jpg,640,480,RGB,fd9c4a49eef61613b21b15dc2b12c2669434dc840f1a66fc0875fc820ffa9449
data/real/100/IMG_1667899235190.jpg,0,REAL,100,.jpg,640,480,RGB,5c73e81e5235291637438babd6e840446fba29ec06c7e82c9485c902fcbc9f02
data/real/100/IMG_1667899250358.jpg,0,REAL,100,.jpg,640,480,RGB,43d84b2717131933d531e3c3adf045f63c8e69a21b3c89c23636e2418c8652c9
data/real/100/IMG_1667899266733.jpg,0,REAL,100,.jpg,480,640,RGB,2bbaa4db56f40ed88263a23ca008a3b5a59b7708efdd7d50b077d5b0260f219d
data/real/100/IMG_1667899288655.jpg,0,REAL,100,.jpg,640,480,RGB,ad771ad4d0295e122f542fca94e04bbb0cc462328b6b6f5dda60a8f1e5409bd4
data/real/100/IMG_1667899314663.jpg,0,REAL,100,.jpg,480,640,RGB,afa57e6ffd4725873829fa339b91526a99d6b19ad3220cd9d43bc66d200a5109
data/real/100/IMG_1667899344447.jpg,0,REAL,100,.jpg,640,480,RGB,1d3d06dadb0e61d587b526ad4678d92bc1894e873145a0cdba02010c11726864
data/real/100/IMG_1667899414208.jpg,0,REAL,100,.jpg,640,480,RGB,cff955912c2bc9259aa4835fc8afe9f9ba2bae2dc9dfffb0c9d2ad0303859484
data/real/100/IMG_1667899462992.jpg,0,REAL,100,.jpg,480,640,RGB,22dd37b951e079f1083da0ce268fd8844d043c1132132f88c7eebeb5daf54973
data/real/100/IMG_1667899507354.jpg,0,REAL,100,.jpg,640,480,RGB,efd46648fbbe15361aa3c1a9f9c1947c8fb8f977f166823aa7f0c910dfe99ae7
data/real/100/IMG_1667899531190.jpg,0,REAL,100,.jpg,480,640,RGB,5c77d0aa24de2edefedb8e708bf505a12c4016247a8eb40a7708ea0f825f55f6
data/real/100/IMG_1667899621372.jpg,0,REAL,100,.jpg,640,480,RGB,ad527f48fa4f748e938078f87c844b175a7f974fd1348aab80144e9bb66d9635
data/real/100/IMG_1667899627421.jpg,0,REAL,100,.jpg,640,480,RGB,fd7d1e36e4e8c89e7a9d1c80872348319100e40d02ea63c45d4b8bd84d18367e
data/real/100/IMG_1667899710725.jpg,0,REAL,100,.jpg,640,480,RGB,b712323e16101a5144dee1d50fe10f5aad080dfb12af8bb06368f582b65d09ae
data/real/100/IMG_1667899723296.jpg,0,REAL,100,.jpg,640,480,RGB,931fa49e16df4519a523a6eb0430ee395f2187c9d81665f58a3f1afa07c94d5b
data/real/100/IMG_1667899759977.jpg,0,REAL,100,.jpg,640,480,RGB,d7e043731afe6850d577ae13d77fa88077009ffa4e95d84aee7fd66e82d12468
data/real/100/IMG_1667899769020.jpg,0,REAL,100,.jpg,640,480,RGB,c4d079fa55319da3d497250e9519db42cfbeb61d2659a6481c249c2c3c5402c8
data/real/100/IMG_1667899786650.jpg,0,REAL,100,.jpg,640,480,RGB,18493c1ba7dcdb1df021111c7a9a3f11b6e28d21e3ffab6af4faa525f52f1155
data/real/100/IMG_1667899828521.jpg,0,REAL,100,.jpg,480,640,RGB,442befa37e7b4df973a3efdcd5143737196ddf89f81d8f923056074fba4942b1
data/real/100/IMG_1667899848070.jpg,0,REAL,100,.jpg,480,640,RGB,4a590492c37117873c9ec02b5b466f284e14af8311f864628b5726ef3e178e34
data/real/100/IMG_1667899875582.jpg,0,REAL,100,.jpg,640,480,RGB,9075e7ce3ffdcaa6f03249f3d31f40f1a5768dd5d2374b563f5720349e3c7045
data/real/100/IMG_1667899881039.jpg,0,REAL,100,.jpg,640,480,RGB,b0e109e206dff671a38e9f62ef935fc58b443d20eca401e8ca9702da3c080bd0
data/real/100/IMG_1667899894073.jpg,0,REAL,100,.jpg,640,480,RGB,74af842ee1e568daddb185a00c9815303cde87c430ded14566b5bc87657d27b4
data/real/100/IMG_1667899924506.jpg,0,REAL,100,.jpg,640,480,RGB,e5b8607885dccb49c5729435ef16bf05374581dfe3880db5fb45e2d5fc2a1547
data/real/100/IMG_1667899931463.jpg,0,REAL,100,.jpg,640,480,RGB,675fddf7ec33773cc949fddde26e920d18a8f529c9c532c2ce25ad25d5dab0ba
data/real/100/IMG_1667899936638.jpg,0,REAL,100,.jpg,640,480,RGB,be2fd573d1c6c87e55bde385d08780491e27ff7942c958225e7346d8c6777abb
data/real/100/IMG_1667900010229.jpg,0,REAL,100,.jpg,480,640,RGB,8027d396b9fa43f89f3e28b6926a9456a55a5e0c5502c946a329392feb719e4f
data/real/100/IMG_1667900028781.jpg,0,REAL,100,.jpg,640,480,RGB,07903380a848c0d784010a97161bf5b2107623adaf588e8c0def1e2c893fbe47
data/real/100/IMG_1667900053858.jpg,0,REAL,100,.jpg,640,480,RGB,51435689fffe334a61c9bb69d5dcf5986f8a38a0b1ff4d788febcc9ad8f3499e
data/real/100/IMG_1667900063374.jpg,0,REAL,100,.jpg,640,480,RGB,b5f921ba419c3f80d13e24834c48bf4e3be6db472d5b34b421d050bfe6c9289a
data/real/100/IMG_1667900073361.jpg,0,REAL,100,.jpg,640,480,RGB,e98d1e2af1ce27a5e170bc495d3a42dc51b241fef8a98f9b2268cba99ad6e4bc
data/real/100/IMG_1667900112614.jpg,0,REAL,100,.jpg,640,480,RGB,965c3f64d308a701ba9b6611fd65b988a5d692486015d6428a2c329f6f0da009
data/real/100/IMG_1667900134046.jpg,0,REAL,100,.jpg,640,480,RGB,4e12fc1d028587ff3bef46043c2f77431e77e11e1010c4829ec0a8faa23e7207
data/real/100/IMG_1667900143869.jpg,0,REAL,100,.jpg,640,480,RGB,8bf127b2c4cbfbec29ff146d790809155ca48343ce203942c224e9dbc693c36c
data/real/100/IMG_1667900193553.jpg,0,REAL,100,.jpg,480,640,RGB,707fc1713bf83c5df5444623c6a1ad6a8bf6906f5424f39776a9736acaf3ead7
data/real/100/IMG_1667900214562.jpg,0,REAL,100,.jpg,640,480,RGB,2c8974c30be3980149c4f9583ad96d639944a81938ddaa8996f02dd9d3d3eff2
data/real/100/IMG_1667900227059.jpg,0,REAL,100,.jpg,480,640,RGB,7334baab0206b1d401a5e66f6d89c0216507e588ea646c84a51133e95f577244
data/real/100/IMG_1667900232517.jpg,0,REAL,100,.jpg,480,640,RGB,88e5f63943117aaecf129c0ae3a18f0bcdf657f6fcb486421b5bd93706210001
data/real/100/IMG_1667900319568.jpg,0,REAL,100,.jpg,640,480,RGB,f9224a3fdaa3d8c9553c7ba99584b234d8e4e48863b9e9d81b469328b4d03b21
data/real/100/IMG_1667900330322.jpg,0,REAL,100,.jpg,640,480,RGB,89cd499393dd9c0dcf7b013713d5aa7cb08e7ebbf4374ff8c58b06108fafc3c1
data/real/100/IMG_1667900337660.jpg,0,REAL,100,.jpg,640,480,RGB,44989461448a18683fc5e90868e2f702dc41bc4704456c2212f8a0aad5c1fc76
data/real/100/IMG_1667900349697.jpg,0,REAL,100,.jpg,640,480,RGB,cbf174247f5e52c5fb755565c24817bbf54d24cd5a36b966d03af44b895d591a
data/real/100/IMG_1667900373693.jpg,0,REAL,100,.jpg,480,640,RGB,a1ee62da4d3f5910640e48ad4960a780c1144ff7f67e2cfcbde3415618c88bb5
data/real/100/IMG_1667900997370.jpg,0,REAL,100,.jpg,480,640,RGB,281378455610e746c016734be7abc12faada95bacfbe4b55286b066e301417d1
data/real/100/IMG_1667901046662.jpg,0,REAL,100,.jpg,480,640,RGB,85bf427b8c3c04ae9a59f893c65e2521b70e3348ffe2ed4e307fb64b6457955f
data/real/100/IMG_1667901100600.jpg,0,REAL,100,.jpg,480,640,RGB,d415e3f1f538669e14b5c00341ea2d82f0037d96a263cb753def74b8fc3e426a
data/real/100/IMG_1667901112590.jpg,0,REAL,100,.jpg,640,480,RGB,8205bf0160b08c2a5ff33d68618ef5ff7dd953c6829d19fcd66d1628e526228c
data/real/100/IMG_1667901124129.jpg,0,REAL,100,.jpg,480,640,RGB,94202fcd1a9733a752df46a5b5dd659942c7396c8b88e1b562163cff2c36af8b
data/real/100/IMG_1667901138060.jpg,0,REAL,100,.jpg,640,480,RGB,14ad788ddc300cd49273ac17f689c9764ba24e705ff48db071d0bae562511f1b
data/real/100/IMG_1667901148106.jpg,0,REAL,100,.jpg,640,480,RGB,2c79dd048cb51c27200b00e9e090ae46cc050a6b1cac00ba3e3efb2087165386
data/real/100/IMG_1667901160073.jpg,0,REAL,100,.jpg,640,480,RGB,971f99aec5270db26c4fba97c8fba17b3836defa567d87d4734af7b706cbe484
data/real/100/IMG_1667901202042.jpg,0,REAL,100,.jpg,640,480,RGB,c6985234fb77463ce14399f740301b8f6c47d65db2869c0eae408c0a5f05ed1e
data/real/100/IMG_1667901213517.jpg,0,REAL,100,.jpg,480,640,RGB,227c0e440b8b498a785f52a2c479c4f5f1fc7b0a82efcf426826fed8b217b663
data/real/100/IMG_1667901235543.jpg,0,REAL,100,.jpg,640,480,RGB,0ffc1f580557c55f2ec77c59278f837251b56e062c7136ac74a7c068ded5ebab
data/real/100/IMG_1667901285691.jpg,0,REAL,100,.jpg,480,640,RGB,e03a7ed4878893ded25651bfb346d8d8b1ee6d2e83e4624c5ddd7ace20d59241
data/real/100/IMG_1667901291674.jpg,0,REAL,100,.jpg,640,480,RGB,ca76538e956795edbfbc397b3ed109e5b375619e21aab22a897a2780c1749e5a
data/real/100/IMG_1667901311596.jpg,0,REAL,100,.jpg,640,480,RGB,b0de33f948d87892cb869b978acee3bc4aebf10aa142567b6c702dc73f0ef28a
data/real/100/IMG_1667901342405.jpg,0,REAL,100,.jpg,640,480,RGB,668ae061ffa56d86aec2d87a6433678f8d3a5eff1045e938d3fa6e71ea362682
data/real/100/IMG_1667901349763.jpg,0,REAL,100,.jpg,640,480,RGB,76b0122aaba941246ffe8a4965310d1f5ee490ff5abc05034462c3f5501648f3
data/real/100/IMG_1667901377046.jpg,0,REAL,100,.jpg,640,480,RGB,baa585e5a53d1f99a576c4863b4e5ff5712255498f0d06ef9777bdd2d5849355
data/real/100/IMG_1667901407909.jpg,0,REAL,100,.jpg,640,480,RGB,5fd4827120973f24080c7b4c37d8711966374307b5b13d9bb9085b773464687d
data/real/100/IMG_1667901411903.jpg,0,REAL,100,.jpg,480,640,RGB,68cbb4fcad898768580ae1dbf0a4e2b5f43998ac4742523a0516fc16f25c1eb8
data/real/100/IMG_1667901460226.jpg,0,REAL,100,.jpg,480,640,RGB,85554cc6c59f7d317c4686147f1064bb33a3e5bdcfe18b68887943226aa07f67
data/real/100/IMG_1667901473448.jpg,0,REAL,100,.jpg,640,480,RGB,5989ec0b8ea491d3f7faff7193c42979fd767d739b0085d97b99cfc3f1e0a273
data/real/100/IMG_1667901584036(1).jpg,0,REAL,100,.jpg,640,480,RGB,3afdf933bf6bce7876c305a32c55a177c61b64e32d483df315d0a2e26a24b4ec
data/real/100/IMG_1667901584036.jpg,0,REAL,100,.jpg,640,480,RGB,3afdf933bf6bce7876c305a32c55a177c61b64e32d483df315d0a2e26a24b4ec
data/real/100/IMG_1667901605193(1).jpg,0,REAL,100,.jpg,480,640,RGB,34bdafc7382afe62b5989eb35a4b8c44b1f8dcd1a70e669b2060e3bbc79a2ff8
data/real/100/IMG_1667901605193.jpg,0,REAL,100,.jpg,480,640,RGB,34bdafc7382afe62b5989eb35a4b8c44b1f8dcd1a70e669b2060e3bbc79a2ff8
data/real/100/IMG_1667901980029.jpg,0,REAL,100,.jpg,480,640,RGB,bcaadce43d64f10d0faf95ee85d72a76ee2db34e513a7ddac09446bd4b178df6
data/real/100/IMG_1667901991423.jpg,0,REAL,100,.jpg,480,640,RGB,87f1eaa9d30224e4d5e3caf5a324cdb44b8aa665cc59864cb0d3f95ae2ac086d
data/real/100/IMG_1667901998847.jpg,0,REAL,100,.jpg,480,640,RGB,b08f62cbed3ac9aae7b6bfb2454ee120215a4be4cf6aa58083df67bf71d47f61
data/real/100/IMG_1667902016639.jpg,0,REAL,100,.jpg,640,480,RGB,bac5b7dea4d216f359c5f855734532d2a8da08b80074e1811a0e162d5451b9ec
data/real/100/IMG_1667902028945.jpg,0,REAL,100,.jpg,640,480,RGB,ee12b2bbd3c96d053a86e2f7f432bff32396b52f9cde5d835bd0cf86cd7a3447
data/real/100/IMG_1667902042758.jpg,0,REAL,100,.jpg,640,480,RGB,3c5faa79266599d3f655990fb18624dc21c87122a8e8e490fd1062b6134d1251
data/real/100/IMG_1667902055753.jpg,0,REAL,100,.jpg,640,480,RGB,e1625c8c7d2ed3e704482980419bc2e48db042fb8611601810f8b25427720d6c
data/real/20/1.jpg,0,REAL,20,.jpg,224,225,RGB,4f56a3ac43102ef4823249afbbfc4d3552d34a5bf18731e520e389e1b010dffc
data/real/20/10.jpg,0,REAL,20,.jpg,668,450,RGB,fae008f6416f10e8087e819c3b72948b92ed88e30abfa61926c0271dbe042990
data/real/20/16.jpg,0,REAL,20,.jpg,355,231,RGB,6d652cd5825d359ce61bbfb08c5d141503ed8a7d51100242ea95d7218c5f08e2
data/real/20/17.jpg,0,REAL,20,.jpg,326,154,RGB,0484051d58b6eeaa672e8e23887fcf5b6dc1603552ac88115438c5f334b6be77
data/real/20/18.jpg,0,REAL,20,.jpg,471,246,RGB,f9e18e5a17afa556050147993c6b81d4f03e22879d6c746d56b64e099fc71eaf
data/real/20/19.jpg,0,REAL,20,.jpg,294,126,RGB,661cb9aab38280c6884d445b0f040f0656058b8d0e1814a02e8f1d53d1b6453a
data/real/20/2.jpg,0,REAL,20,.jpg,789,304,RGB,ae4008bf39a518d07043c9443164af7ef40f487599f0f8e6bbe73d46e25f69bd
data/real/20/20.jpg,0,REAL,20,.jpg,930,427,RGB,deb08ceebe2328bbd39b79553f7128d5231ca1eb767aab43e0f25fe84ed5f221
data/real/20/23.jpg,0,REAL,20,.jpg,295,105,RGB,e63c412c62638921d2c3a8ed70c1774d887541fad522af1bd17d4747f20aaeff
data/real/20/26.jpg,0,REAL,20,.jpg,293,134,RGB,215af205d92ee5337b1fc092eb446e97a05bf866146f9aae35810d019e4881b6
data/real/20/29.jpg,0,REAL,20,.jpg,686,255,RGB,c7613119a127ae8fd782f33635a311cf4fbcdfdec302b222a29f76c07b226770
data/real/20/3.jpg,0,REAL,20,.jpg,470,200,RGB,9995de5c6175905a0c749b52036cb7e497f41152bf64589b9ee9ab10d3e2493e
data/real/20/31.jpg,0,REAL,20,.jpg,568,326,RGB,feabd6f3ef180972924aea4a65549912b274f38f833f6f9bd5663952c9a3ae68
data/real/20/33.jpg,0,REAL,20,.jpg,293,138,RGB,7d7c24a28c14aa543ab64e5cebb8135330db4188fbbafeee6d7f7871ca0a0d70
data/real/20/35.jpg,0,REAL,20,.jpg,1280,720,RGB,86b51a5bc54b09660e4698406ad00d329d63f5b247a49c01ee36b665a226692a
data/real/20/37.jpg,0,REAL,20,.jpg,937,449,RGB,79b395e37ad34ad3ddadfcdc25c1da867070aca8b39a719ebc64a7ac61b69dc3
data/real/20/38.jpg,0,REAL,20,.jpg,789,309,RGB,8221bf0c95b88a1cd5a2cdfbb606848218ebeb3256f19327065dd0fbc3ca085f
data/real/20/40.jpg,0,REAL,20,.jpg,568,326,RGB,feabd6f3ef180972924aea4a65549912b274f38f833f6f9bd5663952c9a3ae68
data/real/20/41.jpg,0,REAL,20,.jpg,1265,600,RGB,a846c857c22cd5c437fcd3a2ea194b5c6abb12d2b75a5bed89fc584928b47fc8
data/real/20/42.jpg,0,REAL,20,.jpg,649,164,RGB,cec2b87bc5aaeeb35fdd258979cf3f3123f38508da25d55eff2ca82bf0b55a13
data/real/20/43.jpg,0,REAL,20,.jpg,4032,3024,RGB,ed3157445adb3aafd66980ae7801f371834010b9956c451e7498c97f49afe379
data/real/20/44.jpg,0,REAL,20,.jpg,347,280,RGB,04dbeb884d8fef48e2db08a3fedae3ee81e136e5b1d16cfb980da3c6021235a6
data/real/20/45.jpg,0,REAL,20,.jpg,1200,900,RGB,c5164c028500ba0ef16c84a7b39ed06cd25f62df0158a45f345912aca2716377
data/real/20/46.jpg,0,REAL,20,.jpg,759,210,RGB,db292d4056c7e491214043796ee05c744de7357fea78ea0491b85aaf972a15cb
data/real/20/48.jpg,0,REAL,20,.jpg,560,337,RGB,e46d3dca645bb99edf5253239dc6697b4999b52350cb49418b7da15fd7e51c6b
data/real/20/49.jpg,0,REAL,20,.jpg,1269,585,RGB,a335fa0dd25349c612fe18aa08eb93550a7c3b4ef190c3ff825db163743b1d10
data/real/20/50.jpg,0,REAL,20,.jpg,612,269,RGB,3057c6df9e10524089a844aa0f5d068c806df70404ffaec505785a73ec4549a9
data/real/20/51.jpg,0,REAL,20,.jpg,1600,707,RGB,ac5f40d963bd56d53daee648a0719f3df88378cdffab70b611bd6ff12073ed0e
data/real/20/52.jpg,0,REAL,20,.jpg,647,180,RGB,c06efaa2ceea0718aef74d1fb018a6299993da88b6ae4a5edbd29f863bd1846d
data/real/20/54.jpg,0,REAL,20,.jpg,567,204,RGB,11f054a940b19d6b06fbea6cdeb824086ae44b5356ff4752a64e0c3703b8d928
data/real/20/57.jpg,0,REAL,20,.jpg,1272,630,RGB,8d8232add7cc46f0e2b80c167bd797ca9742a90e67738894aa14070e00c8b7c5
data/real/20/6.jpg,0,REAL,20,.jpg,1269,587,RGB,47ffc1c838469b8d9abd8bbc46c0a586b0f1542e4ca4d278916246ef0d77a1b2
data/real/20/61.jpg,0,REAL,20,.jpg,594,772,RGB,bae24939e55815f63b3e3c1046706d1c5ca4fa2a4ccd6c6adf92d02114dab8a3
data/real/20/63.jpg,0,REAL,20,.jpg,635,382,RGB,02f09fcd13c0193247987bf1b9348593e2f78ec6b3a81551438f5e29c8bc6c1c
data/real/20/64.jpg,0,REAL,20,.jpg,470,201,RGB,9ec0edefd302bf1c2427ae1dc8a9755d912a3552df002f69a06a08be4327320f
data/real/20/67.jpg,0,REAL,20,.jpg,510,340,RGB,fe9d8bcfc06a081ac5cb36aa9b7db3c7f5a2aa449e3e49cbddf0832db3ea3117
data/real/20/68.jpg,0,REAL,20,.jpg,4032,3024,RGB,98205c483df4ff6a4b27a49f3562250d6a53266aefaf97d7c68f5f8bf3149a09
data/real/20/69.jpg,0,REAL,20,.jpg,604,304,RGB,56b396222ecffab7329f301ebdeb331c575b9ba977883ec429c91cdad226ca90
data/real/20/7.jpg,0,REAL,20,.jpg,1280,720,RGB,21d7e278c7b9c9772651633025ea3fbd82c4a544eb8178c4a4f93befb2c9fffe
data/real/20/71.jpg,0,REAL,20,.jpg,755,325,RGB,cb4e66895dc9abfc9d5cea9cd09ac8c21ec5d670589b1f0b26f5eacc3a83dba0
data/real/20/72.jpg,0,REAL,20,.jpg,800,341,RGB,df635fa04bbea676d8c40e83843a8572322a97831247705158ff39bcf0c1e59f
data/real/20/74.jpg,0,REAL,20,.jpg,4032,3024,RGB,56dc4dc0c6304b585e3d002e3d0f3229dd6bd4ae5341bc4554fb22c03fb21cc8
data/real/20/75.jpg,0,REAL,20,.jpg,500,239,RGB,56209e176f34127d0b6bdf29d165ec9bcc7031fcd452c10cc6d7775e0f301323
data/real/20/76.jpg,0,REAL,20,.jpg,1200,900,RGB,c5164c028500ba0ef16c84a7b39ed06cd25f62df0158a45f345912aca2716377
data/real/20/77.jpg,0,REAL,20,.jpg,656,443,RGB,cc378e7d4e41451d7c4c1d1c881bed1f0de4102ba052fb31ca2e984b86308c58
data/real/20/78.jpg,0,REAL,20,.jpg,4032,3024,RGB,fbfe8d22fe00ee8f0f8d40033d3170ce1cd5b94490fd253837a464e2ae19609a
data/real/20/79.jpg,0,REAL,20,.jpg,519,460,RGB,19cd78f98b7d4f7539a5155859ded9f1c1f1fc9e4ebe159f8e149cbf49d40b96
data/real/20/8.jpg,0,REAL,20,.jpg,707,350,RGB,0b5a2f5b43d119bc67ff06d4dabbcf357d5e6fd00c3bb46e60ee711950cd964f
data/real/20/80.jpg,0,REAL,20,.jpg,4032,3024,RGB,d46bd0045f91d1c3bfd19bcfc3a683b4189dfd845a3b3ff4f58cfedeee94ed9c
data/real/20/81.jpg,0,REAL,20,.jpg,835,547,RGB,dac80e86c15c01dcfcb4414cc384d4813bdb0e7c38a7097427ebd88fea2f2069
data/real/20/84.jpg,0,REAL,20,.jpg,470,201,RGB,bc718258f383f6e81b7c363205c7f33d200f823bde6175fe4bfb5d454f6aea46
data/real/20/85.jpg,0,REAL,20,.jpg,294,132,RGB,2cdd14177536708c49294a270f7442e919e7eb99ce0167e365df1ed66ffdf555
data/real/20/9.jpg,0,REAL,20,.jpg,1024,682,RGB,f64cc7e1e17e0ff8ad82b25d082908dc4ab0ca46f7d8a74ee919f146e4085ebe
data/real/20/IMG20220901124230.jpg,0,REAL,20,.jpg,3456,4608,RGB,fa77b43807a8ac1e4322b21b74118cf7bbc75e277c764fce073f1f1f0567ca0e
data/real/20/IMG20220901124256.jpg,0,REAL,20,.jpg,4608,3456,RGB,2eb01aaaa5b87fc115fd107f9d01e0e0a6d149a59b25e385e22a4c23a590b6d1
data/real/20/IMG20220901133227.jpg,0,REAL,20,.jpg,4608,3456,RGB,7207c70763da7bf6767a8269194bac6b77483b8dc7d4c639fb166ebe4c87fc12
data/real/20/IMG20220901133236.jpg,0,REAL,20,.jpg,4608,3456,RGB,c47cd0ae9fa14fa9c1d02791b42080969f730edc9da48b483c6dc4872220c75b
data/real/20/IMG20220901133241.jpg,0,REAL,20,.jpg,4608,3456,RGB,d56a1aa5c9d4ef4b4a69936266954ffb55c9e4e2a77d49759d5cc3f455f68318
data/real/20/IMG20220901133249.jpg,0,REAL,20,.jpg,4608,3456,RGB,21747be79d3b29e96bcc6ccf0b32ad7ae7c8e1f85614f6976205064c92ceae9c
data/real/20/IMG20220901133257.jpg,0,REAL,20,.jpg,4608,3456,RGB,4c799e2f1ed98e692d45eb00d1c72e827fc6ed2866903c8951c34ce3102c5c7e
data/real/20/IMG20220901133305.jpg,0,REAL,20,.jpg,4608,3456,RGB,687b92097c48aca821e1afc94eadd065618bbcc315fb7d3ae7458fc5d2de4469
data/real/20/IMG20220929005029.jpg,0,REAL,20,.jpg,3468,4624,RGB,9054c551588ff0a82cfc6059ec5c1f9d51a2903d265d5948d5c452a2b6384b1a
data/real/20/IMG20220929005030.jpg,0,REAL,20,.jpg,3468,4624,RGB,1c0461b1f7cb71d9f616a060a4c9c6c6205e667a3a076f6a3f895c9b83a4e122
data/real/20/IMG20220929005034(1).jpg,0,REAL,20,.jpg,3468,4624,RGB,15e3f402ff54a99a881a80226396bd13bf27c9c1e10a6e28770596c10761cf1c
data/real/20/IMG20220929005034.jpg,0,REAL,20,.jpg,3468,4624,RGB,15e3f402ff54a99a881a80226396bd13bf27c9c1e10a6e28770596c10761cf1c
data/real/20/IMG20220929005037.jpg,0,REAL,20,.jpg,3468,4624,RGB,d1f4ffb8f79f288941225ba2bb6b70138f0aed7a575e3e0114935bef01201fc4
data/real/20/IMG20220929005046.jpg,0,REAL,20,.jpg,3468,4624,RGB,75c699895457d8ee6cb47c60ccdc219da56a7db33863ce28cc740ae30099247c
data/real/20/IMG20220929005047.jpg,0,REAL,20,.jpg,3468,4624,RGB,afb94f9f8833d634904a4dd9ca55794f18bd2a5b5f7fb0e2c20e5da9abcb1281
data/real/20/IMG20220929005053.jpg,0,REAL,20,.jpg,3468,4624,RGB,9892995afd03dc2355db1453fde150a15fa5d7d21672e5a069a7bb9da4bd5934
data/real/20/IMG20220929005057.jpg,0,REAL,20,.jpg,3468,4624,RGB,59a8e9abac936efdf99cd7e8ecf46447ea6d1f869324e8490e63db9de4d3e2e0
data/real/20/IMG20220929005058.jpg,0,REAL,20,.jpg,3468,4624,RGB,c268a5b3458b295f814b7672f33b678b62ea163f4eec963c3ad6c75caa7868e3
data/real/20/IMG20220929005104(1).jpg,0,REAL,20,.jpg,3468,4624,RGB,e5bf349e15d75aebe5310cfd3f57d259284e54d1e29c49a9af3afcc6dcc53dba
data/real/20/IMG20220929005104.jpg,0,REAL,20,.jpg,3468,4624,RGB,e5bf349e15d75aebe5310cfd3f57d259284e54d1e29c49a9af3afcc6dcc53dba
data/real/20/IMG20220929005109.jpg,0,REAL,20,.jpg,3468,4624,RGB,6deb67c498bc9aebe16ba0e133047f40cd94030beb8bc9f08f4badc9f26cba15
data/real/20/IMG20220929005110.jpg,0,REAL,20,.jpg,3468,4624,RGB,d410cc2da557224eb2e229577108945bb5f3ae33607ab5d0a85c205497cf26ea
data/real/20/IMG20220929005112.jpg,0,REAL,20,.jpg,3468,4624,RGB,fdd7d8ecb24bab61f77b030737391925f6efddb0e897782d401301b7d7a56d0f
data/real/20/IMG20220929005125.jpg,0,REAL,20,.jpg,3468,4624,RGB,7ee2ed1c74a7b7911b1a3a3e5bc4ec8b768c4e07afa57bd41b6a9d88cee7f184
data/real/20/IMG20220929005127.jpg,0,REAL,20,.jpg,3468,4624,RGB,f8d14c8529b8f7bd3da123367a48102d3117c24b79629499eb99a24f16b42527
data/real/20/IMG20220929005137.jpg,0,REAL,20,.jpg,3468,4624,RGB,9204e3140f85729242a692cb0cdccfe4df2759e6e59fe23e046c781387ee196a
data/real/20/IMG20220929005140.jpg,0,REAL,20,.jpg,3468,4624,RGB,6f2005236caba80c10672b8c470dff38142aae13a4861381eb4dc2533e938cdf
data/real/20/IMG20220929005144.jpg,0,REAL,20,.jpg,3468,4624,RGB,1b604b6fca7ab5fa95763536f793864700242013c575735a379600f2d4d1aa83
data/real/20/IMG20220929005147.jpg,0,REAL,20,.jpg,3468,4624,RGB,44280fbf5c7c7e02a02d45c0fab70ae5a530231a29a1487ac0db7d28770e4687
data/real/20/IMG20220929005153.jpg,0,REAL,20,.jpg,3468,4624,RGB,d4fc8d4a42ac381a38fc4712a0f457c764b590e2ca59823bdd9062fa7e4cd3a6
data/real/20/IMG20220929005154.jpg,0,REAL,20,.jpg,3468,4624,RGB,466526050efd53bd7b92fd4503d24ad81d68d45ccdace0a33ecf24da0c931adb
data/real/20/IMG20220929005156(1).jpg,0,REAL,20,.jpg,3468,4624,RGB,c61d55d430eb96be44f0db4b9038724830bccb92bf5d1b326f0fa42b5f7743b9
data/real/20/IMG20220929005156.jpg,0,REAL,20,.jpg,3468,4624,RGB,c61d55d430eb96be44f0db4b9038724830bccb92bf5d1b326f0fa42b5f7743b9
data/real/20/IMG20220929005159.jpg,0,REAL,20,.jpg,3468,4624,RGB,a48af6cc22083292a9e76ca4cf2c8b4cb85c2389ab74d0b4699717ff6d1a482d
data/real/20/IMG20220929005202.jpg,0,REAL,20,.jpg,3468,4624,RGB,7895a565d2142b6f62dcae74b74882a6534c68d7e11a8269ac03275e90c826fa
data/real/20/IMG20220929005203(1).jpg,0,REAL,20,.jpg,3468,4624,RGB,a7b165f018846c5694aad6135f9cc1b99eddd162642707525becc993cbaa68ee
data/real/20/IMG20220929005203.jpg,0,REAL,20,.jpg,3468,4624,RGB,a7b165f018846c5694aad6135f9cc1b99eddd162642707525becc993cbaa68ee
data/real/20/IMG20220929005205.jpg,0,REAL,20,.jpg,3468,4624,RGB,8201a659e1538bdc7d261fed6ea16198c64848fe3b942df09df165ced1c00478
data/real/20/IMG20220929005209.jpg,0,REAL,20,.jpg,3468,4624,RGB,4bf1b19cbc6611986d185c6b40f263103b812df871a80a34026b3652962aa3c9
data/real/20/IMG20220929005212.jpg,0,REAL,20,.jpg,3468,4624,RGB,a68b983fcb7bcc9ae3d61a3325a6a61128a9cdf0b45fd8f3b6fad7be3110b144
data/real/20/IMG20220929005216.jpg,0,REAL,20,.jpg,3468,4624,RGB,cb65fb9c78923d15d0b449ce2416434783a7310aa12413d0f6249f7a814d7e95
data/real/20/IMG20220929005226.jpg,0,REAL,20,.jpg,3468,4624,RGB,62d9b96e4b07363aab259919f3aea868635b611cf315bd3d4b25ec67b0d68a23
data/real/20/IMG20220929005237.jpg,0,REAL,20,.jpg,3468,4624,RGB,47b7f21721858f69021019d7d05c8f932285c6c06be6b5ef5dee92dba3c260eb
data/real/20/IMG20220929005240.jpg,0,REAL,20,.jpg,3468,4624,RGB,6b014510e86383920dd3b6c6978f5d6c4d20d6440008b4138be02e24301883de
data/real/20/IMG20220929005248.jpg,0,REAL,20,.jpg,3468,4624,RGB,55ef90ca12df47843a42c805a6bf75dfd28027c71fe9a288fde8ede294562286
data/real/20/IMG20220929005258.jpg,0,REAL,20,.jpg,3468,4624,RGB,fae59954f068b38bedf7bded7d4cbc3a373c22216bd4e3dc78d41176959100be
data/real/20/IMG20220929005300(1).jpg,0,REAL,20,.jpg,3468,4624,RGB,fc80dee9a8fa7639b31b49a42a2a67fc73659fec6336ff53795a6b59dca02c86
data/real/20/IMG20220929005300.jpg,0,REAL,20,.jpg,3468,4624,RGB,fc80dee9a8fa7639b31b49a42a2a67fc73659fec6336ff53795a6b59dca02c86
data/real/20/IMG20220929005305.jpg,0,REAL,20,.jpg,3468,4624,RGB,90c42399e88b30848fa0a6c8b0c05e13f8f7424b43395430ea6f1b5c76a6b2e9
data/real/20/IMG20220929005307.jpg,0,REAL,20,.jpg,3468,4624,RGB,46a731ecf78a2bfc90fc6008ec3810f90ca33da3380508ba35418e818927a68a
data/real/20/IMG20220929005309.jpg,0,REAL,20,.jpg,3468,4624,RGB,b85de51e484cf0a8bac0ce43ad84f813c4535c17d14c8fea1d8bbdbda7604417
data/real/20/IMG20220929005313.jpg,0,REAL,20,.jpg,3468,4624,RGB,e0a6624f0ab1b79ad697e48fe5314bed7a529b2080ee31d5545fff21384956d6
data/real/20/IMG20220929005326.jpg,0,REAL,20,.jpg,3468,4624,RGB,fb755cc75b7788faf69d91afe7eb1710581c073aec5bdb18d654a0ebebb4821b
data/real/20/IMG20220929005328.jpg,0,REAL,20,.jpg,3468,4624,RGB,58ab78b120054a5aff777fa9e71df95f0e33018d39408546d862e498d0060091
data/real/20/IMG20220929005343.jpg,0,REAL,20,.jpg,3468,4624,RGB,64eb057fe97b2cf14ebcc629c26ac755e6d5f3377860d349893f920018dd969c
data/real/20/IMG20220929005345.jpg,0,REAL,20,.jpg,3468,4624,RGB,8ab4bc2438d4cf52a0fccd630043d31fca2d89f89c8dea8f8144577693c7d668
data/real/20/IMG20220929005347.jpg,0,REAL,20,.jpg,3468,4624,RGB,c4136b9664cd5fe9e67aee17b3986fa7d30e35fe8ff3c228bef8c343926641ba
data/real/20/IMG20220929005356.jpg,0,REAL,20,.jpg,3468,4624,RGB,5df70e36c80e97e02f8d0a61d62bf5c9e00ae4f215ab1fb9b81f7c22c843f2e4
data/real/20/IMG20220929005358(1).jpg,0,REAL,20,.jpg,3468,4624,RGB,094620dcaf7c8edb7783eecbe1955d2089100f1973aa7279e21e20a6ba5e65db
data/real/20/IMG20220929005358.jpg,0,REAL,20,.jpg,3468,4624,RGB,094620dcaf7c8edb7783eecbe1955d2089100f1973aa7279e21e20a6ba5e65db
data/real/20/IMG20220929005401.jpg,0,REAL,20,.jpg,3468,4624,RGB,e684975e170cd71d6d2f62532b8143fbc3f019c5441b4042a0f5aa1bed78e64d
data/real/20/IMG20220929005403.jpg,0,REAL,20,.jpg,3468,4624,RGB,1560b89a845daa26aa5433893e555e31346ccccd22bba8f16c44bfe776f6ab6d
data/real/20/IMG20220929005404.jpg,0,REAL,20,.jpg,3468,4624,RGB,78e4f388d76fb3f2208f8e3c3957bab36f7905fa1cf18485ddfc29cf9a74042a
data/real/20/IMG20220929005410(1).jpg,0,REAL,20,.jpg,3468,4624,RGB,22b2d1d84799f27e22dc933928a24fd68e944ab0f84614982d92b2b931fcf584
data/real/20/IMG20220929005410.jpg,0,REAL,20,.jpg,3468,4624,RGB,22b2d1d84799f27e22dc933928a24fd68e944ab0f84614982d92b2b931fcf584
data/real/20/IMG20220929005413.jpg,0,REAL,20,.jpg,3468,4624,RGB,10b4bd83921a90b540db78bfbe9f4455c2c971b3d30c22e8350dfd86093e0aae
data/real/20/IMG20220929005415.jpg,0,REAL,20,.jpg,3468,4624,RGB,9561afec2d99d81fe0ec13ad1b02181864d28345c1bb4adeda969dd3f78e8182
data/real/20/IMG20220929005417.jpg,0,REAL,20,.jpg,3468,4624,RGB,3e112294b56fcaf600301d6a4af0961dfc9478be42952ed069988896c64d5f6e
data/real/20/IMG20220929005419.jpg,0,REAL,20,.jpg,3468,4624,RGB,45aee6fd966785283185b38cd011e8ab6ad371575f6bec69b93f503e243f225b
data/real/20/IMG20220929005420.jpg,0,REAL,20,.jpg,3468,4624,RGB,c2b6ede93d460ae63f5bb17e3b138f0be613013a8bcc1bcecd2f5c8be2a679c5
data/real/20/IMG20220929005428.jpg,0,REAL,20,.jpg,3468,4624,RGB,771815fdd5de7855cd12a189690090b5481e01a352a6851727a6f8b654045b39
data/real/20/IMG20220929005429.jpg,0,REAL,20,.jpg,3468,4624,RGB,b20a07da6b3862b8ff206031c8f2618b9332fad83cff09052d94ba133bdbcfb8
data/real/20/IMG20220929005431.jpg,0,REAL,20,.jpg,3468,4624,RGB,f80d03cb56fc39d63e60cae7c65e874918b527767e53b48b05301e18f324aac7
data/real/20/IMG20220929005432.jpg,0,REAL,20,.jpg,3468,4624,RGB,95a43e83aa4932df9da8ad5921c096ab0befac7044745f6e01559bf60e5fcf23
data/real/20/IMG20220929005435.jpg,0,REAL,20,.jpg,3468,4624,RGB,f3b575acede005bcbca66222899dc4de9a1070e9aeb2d8e23d3643bebb1de4de
data/real/20/IMG20220929005437.jpg,0,REAL,20,.jpg,3468,4624,RGB,fb9647af6cbb0b4a7e0a6dda2c9b7225a1c3c99562ccdb03e516446bd2228d8e
data/real/20/IMG20220929005439(1).jpg,0,REAL,20,.jpg,3468,4624,RGB,a7102748b29676569b340f21f4ffa1694dd4fe5b20783521e82a6a4189a76be4
data/real/20/IMG20220929005439.jpg,0,REAL,20,.jpg,3468,4624,RGB,a7102748b29676569b340f21f4ffa1694dd4fe5b20783521e82a6a4189a76be4
data/real/20/IMG20220929005600.jpg,0,REAL,20,.jpg,4624,3468,RGB,497f8424d7e6a20054aaf46a29c615ae703894604e9c5d1b1446fa09377685e5
data/real/20/IMG20220929005602.jpg,0,REAL,20,.jpg,4624,3468,RGB,454cf19538a222a15232e7e2b03c3958b200a16c2c880e3c349febb70189180c
data/real/20/IMG20220929005603.jpg,0,REAL,20,.jpg,4624,3468,RGB,4b3ed6c1cbbf500a2e459f8fd79e440e96f02df2e4833232aaf7c4b55f8330eb
data/real/20/IMG20220929005604.jpg,0,REAL,20,.jpg,4624,3468,RGB,6c9aa4ce3673e8ef4d31f3c404cdc2ff1a335be4586080d25b6d043cc4ae7f22
data/real/20/IMG20220929005609.jpg,0,REAL,20,.jpg,4624,3468,RGB,193bd3243013c1b912d21a3c21a8c7597cb42faf8251d8d5e0a8de6972fc0280
data/real/20/IMG20220929005613.jpg,0,REAL,20,.jpg,4624,3468,RGB,f37b1ee446da80bde7dd2c11d5ad7ca2ce930a3f6792e68aa021f0a37e54ca67
data/real/20/IMG20220929005614.jpg,0,REAL,20,.jpg,4624,3468,RGB,879a065e0a6249643e5266f2325e016b944fe1dcd717fa02baed255bb4f44cb1
data/real/20/IMG20220929005615.jpg,0,REAL,20,.jpg,4624,3468,RGB,688f3ae87fe80d9a9ec16cae3e6449c56ee6ab977ea3d5a18a0903c2b9a32073
data/real/20/IMG20220929005619.jpg,0,REAL,20,.jpg,4624,3468,RGB,7218602a40ddd3c0dd05547dc5402b6c47088d5c5d28284ab4c6cd21df68930b
data/real/20/IMG20220929005621(1).jpg,0,REAL,20,.jpg,4624,3468,RGB,d0a9f1f28e7d24256fd39ae2f79d7940b5fe7a9909f6e0b0e94fe8fdbdcecf4f
data/real/20/IMG20220929005621.jpg,0,REAL,20,.jpg,4624,3468,RGB,d0a9f1f28e7d24256fd39ae2f79d7940b5fe7a9909f6e0b0e94fe8fdbdcecf4f
data/real/20/IMG20220929005622.jpg,0,REAL,20,.jpg,4624,3468,RGB,629b1d5576b60d6a51cc1c6549087e5c2524cffed3b696a1e0fcde83fc42a2f5
data/real/20/IMG20220929005625(1).jpg,0,REAL,20,.jpg,4624,3468,RGB,f97a4a9a3f39a3c6fee86751525e4d72f32771240e15b75b1cd787c461a33e14
data/real/20/IMG20220929005625(2).jpg,0,REAL,20,.jpg,4624,3468,RGB,f97a4a9a3f39a3c6fee86751525e4d72f32771240e15b75b1cd787c461a33e14
data/real/20/IMG20220929005625.jpg,0,REAL,20,.jpg,4624,3468,RGB,f97a4a9a3f39a3c6fee86751525e4d72f32771240e15b75b1cd787c461a33e14
data/real/20/IMG20220929005627.jpg,0,REAL,20,.jpg,4624,3468,RGB,4a6eb0ccd18d2db759b182213bc9ab9d68238d79f98a880f2736cc02fdfd1ce0
data/real/20/IMG20220929005628.jpg,0,REAL,20,.jpg,4624,3468,RGB,13e029d02b1b4f8d7b52b19a4956914cb9d55889b2526c0e0f0de38abc0cfba9
data/real/20/IMG20220929005632.jpg,0,REAL,20,.jpg,4624,3468,RGB,cd081183ef81676786a63d8b3b1fd37f7c563051f5e1e1613f20f4d40b175574
data/real/20/IMG20220929005635.jpg,0,REAL,20,.jpg,4624,3468,RGB,09ff6886d2f4b028aa79992a786171c1370a737fc129677c05d33ece807ed658
data/real/20/IMG20220929005636_BURST000_COVER.jpg,0,REAL,20,.jpg,4624,3468,RGB,bc0833e07b70a02f100e4607c80347040f6682976ac9fa1201a0e219f1742310
data/real/20/IMG20220929005636_BURST002.jpg,0,REAL,20,.jpg,4624,3468,RGB,396e8a8662c745ce2aa2e88d7cef76bdb073b41513fc70acc3fbd12bb956218a
data/real/20/IMG20220929005636_BURST003.jpg,0,REAL,20,.jpg,4624,3468,RGB,22815156a71e8a31c8d129d363649242531dff118686471a7fd4046eeb9891f9
data/real/20/IMG20220929005636_BURST005.jpg,0,REAL,20,.jpg,4624,3468,RGB,bad1b57b146a540de36678120ff30303a62f802b49e5792e7112a9d90069d08a
data/real/20/IMG20220929005645.jpg,0,REAL,20,.jpg,4624,3468,RGB,c60acc06683b76c1bed070db1e0c0627b357338da3fc009cbd3f4d17535f6fbe
data/real/20/IMG20220929005649.jpg,0,REAL,20,.jpg,4624,3468,RGB,6d416cf40cc595637062c647592202ef446812215c13150cb2c6b271416a412f
data/real/20/IMG20220929005650(1).jpg,0,REAL,20,.jpg,4624,3468,RGB,252c70aac00631dc4c1eeb3fa0cb4194d1cb54a0fcdcbb3b2ef28bf81b78181e
data/real/20/IMG20220929005650.jpg,0,REAL,20,.jpg,4624,3468,RGB,252c70aac00631dc4c1eeb3fa0cb4194d1cb54a0fcdcbb3b2ef28bf81b78181e
data/real/20/IMG20220929005652(1).jpg,0,REAL,20,.jpg,4624,3468,RGB,6757cc0323600680750d7ba8522c25794b880b6d7596d3d883cf58f0f2bcfe3e
data/real/20/IMG20220929005652.jpg,0,REAL,20,.jpg,4624,3468,RGB,6757cc0323600680750d7ba8522c25794b880b6d7596d3d883cf58f0f2bcfe3e
data/real/20/IMG20220929005703(1).jpg,0,REAL,20,.jpg,3468,4624,RGB,dfed35a2f0a90be0300e64ed533dabf83c7409951613b2246da6b440e0d5f74c
data/real/20/IMG20220929005703.jpg,0,REAL,20,.jpg,3468,4624,RGB,dfed35a2f0a90be0300e64ed533dabf83c7409951613b2246da6b440e0d5f74c
data/real/20/IMG20220929005704.jpg,0,REAL,20,.jpg,3468,4624,RGB,505b8fa611b6a039de4bb47845455968ff55902691659a6948997184e3658eff
data/real/20/IMG20220929005706(1).jpg,0,REAL,20,.jpg,3468,4624,RGB,7d1f686b99ac85f29f2f3012f6c64c6a5b9e9a3c58a5899aaa76b61be36338a2
data/real/20/IMG20220929005706.jpg,0,REAL,20,.jpg,3468,4624,RGB,7d1f686b99ac85f29f2f3012f6c64c6a5b9e9a3c58a5899aaa76b61be36338a2
data/real/20/IMG20220929005715.jpg,0,REAL,20,.jpg,3468,4624,RGB,eabcc96fcff144e5914372dac71ba58e52a599eb07ace3a02c04d45e87537f59
data/real/20/IMG20220929101528.jpg,0,REAL,20,.jpg,4624,3468,RGB,622ec4b7f746965ca589f0967b1ee8356b1b2c1d8139287bd445dc4ea7b3e29f
data/real/20/IMG20220929101600.jpg,0,REAL,20,.jpg,3468,4624,RGB,8e209d23cbac05644e5b66e894f317d03e1896adb3ceb111809acbc8bf023372
data/real/20/IMG20220929101602.jpg,0,REAL,20,.jpg,3468,4624,RGB,10f63507de871a812fe7b3067d1403fe4f955225fb5ac255109949151adb4415
data/real/20/IMG20220929101607.jpg,0,REAL,20,.jpg,4624,3468,RGB,84dfa46b928dc0d47fedcd182f261c1f68d33e6b63fc1c785c5ddbc6f3b6f2f6
data/real/20/IMG20220929101610.jpg,0,REAL,20,.jpg,4624,3468,RGB,25ec512c0bdf335ad3dd1cf9b09fe7759c37b627911c9cdf0b1a6fee6115561e
data/real/20/IMG20220929101616.jpg,0,REAL,20,.jpg,4624,3468,RGB,b228e72ccf68af1fc2955e1b1469b83351fd7853fb46695225e7dacdddf75b5f
data/real/20/IMG20220929101618.jpg,0,REAL,20,.jpg,4624,3468,RGB,0d5d73c2ba019920c52f4050d922c5514f3af0f9b97a02ba327f7e7d8a72428f
data/real/20/IMG20220929101703.jpg,0,REAL,20,.jpg,6936,9248,RGB,77cf3985509ccb397c630e56bd27e295ed06958506d44c2c4156898412ef0c1c
data/real/20/IMG20220929101708.jpg,0,REAL,20,.jpg,6936,9248,RGB,5a96fd4bf87e5d55c8df7f139d9b1060c4276d32738bc84fdb362290cffc0207
data/real/20/IMG20220929101710.jpg,0,REAL,20,.jpg,6936,9248,RGB,aeaaefb53b2c5c5d90aab4baf13fb8a956949f106541f47e073ec41d4a48d3f0
data/real/20/IMG20220929101717.jpg,0,REAL,20,.jpg,6936,9248,RGB,934c65f61f41e9967f1ee22ed3b27d4006797063719d65e6fed555453239d39b
data/real/20/IMG20220929101723.jpg,0,REAL,20,.jpg,6936,9248,RGB,5efb9aa872bda498a01e7c3b81e671a8c0806f9aca4c346496d93863b9cfda09
data/real/20/IMG20220929101740.jpg,0,REAL,20,.jpg,9248,6936,RGB,cb8339394f3e71bee689a543561c750f9919e11b153fd383e4a7110495cbe67e
data/real/20/IMG20220929101744.jpg,0,REAL,20,.jpg,9248,6936,RGB,4e64227012994cceeaefc1e52c08a6a004f71f00abb5c276a14ceabf14f2d0f5
data/real/20/IMG20220929101746.jpg,0,REAL,20,.jpg,9248,6936,RGB,d774b28c3eb49f837bb4079534bef1ed571074c7d7e102435b7850e03d5d3388
data/real/20/IMG20220929101747.jpg,0,REAL,20,.jpg,9248,6936,RGB,2d509b6df1eeba95385556f58d4f38719bac6b4795d81ce16757e261b151c517
data/real/20/IMG20220929101751.jpg,0,REAL,20,.jpg,9248,6936,RGB,a33e99be8500bd64ad3ef626230c50bb75800987ba40aad6514c7c7df6b19e67
data/real/20/IMG20220929101752.jpg,0,REAL,20,.jpg,9248,6936,RGB,576e12df8a560708227351565c72748105a51b12462a1fec574ae1e48a28afba
data/real/20/IMG20220929101802.jpg,0,REAL,20,.jpg,9248,6936,RGB,c5b50706d05d30fec7c54c683fe630c490ee93ddb525351eb88a634b32bd8da2
data/real/20/IMG20220929101805.jpg,0,REAL,20,.jpg,9248,6936,RGB,d67159cc207cf305336825db497a065cfd5016070a06de391adc88e0b28b92d1
data/real/20/IMG20220929101806.jpg,0,REAL,20,.jpg,9248,6936,RGB,3480e6985ce533df8e2af41b91f75206a226d2a22eaf2580462f94d43b9f4a42
data/real/20/IMG20220929101808.jpg,0,REAL,20,.jpg,9248,6936,RGB,3e9fc2a6394dc13205f3ce715eb65556bf3e099a5a7fdaa981fc891b950aeb45
data/real/20/IMG20220929101812.jpg,0,REAL,20,.jpg,9248,6936,RGB,e5d1075f2fdc7833b9014a0fc65c48995f4fc635e8e0c53f401718cb61294b19
data/real/20/IMG20220929101819.jpg,0,REAL,20,.jpg,9248,6936,RGB,fc68ca816541a2cb51ea1d485fcb330dd6bca24c49a1ce9b61b92a7d9b50319d
data/real/20/IMG20220929101840.jpg,0,REAL,20,.jpg,6936,9248,RGB,8038a5609b0d892f3172ecf78340f9434fd287baa784ef455191190591a13d75
data/real/20/IMG20220929101845.jpg,0,REAL,20,.jpg,6936,9248,RGB,f39b8af3e8b43e51ff4c0d3ebf059304d9c20740b817d8fed410651b897aa00f
data/real/20/IMG20220929101847.jpg,0,REAL,20,.jpg,6936,9248,RGB,166a5321ae27e82c7bd8294331b81646287598458b1a6256a085b908c6219361
data/real/20/IMG20220929101900.jpg,0,REAL,20,.jpg,6936,9248,RGB,39cade75afe519ca7832eef265a46307dbbd8b139df3601a5dfe7f38371dc26d
data/real/20/IMG20220929101905.jpg,0,REAL,20,.jpg,9248,6936,RGB,0eb44e0451d8b6311cb810bfa9cacd3749ab6f8b793005fb2a158fd8d80a1cc6
data/real/20/IMG20220929101907.jpg,0,REAL,20,.jpg,9248,6936,RGB,047d069bbd579a9409272c185b2fb6644ada2c3d237d2ba2766a88cbab9ca553
data/real/20/IMG20220929101908.jpg,0,REAL,20,.jpg,9248,6936,RGB,6673b47de0f94b04b89132c8eab5ea0d11ef7809c1d6fd8a417b4ea611d0a007
data/real/20/IMG20220929101909.jpg,0,REAL,20,.jpg,9248,6936,RGB,69854c905de9b01bd194802fe1d853f1541491dc7e4b01bfad124701701666e3
data/real/20/IMG20220929101923.jpg,0,REAL,20,.jpg,4624,3468,RGB,46cac897a6f0930acdb9e40ac349ad2c8ca5c9aa3dba0a7cca363f30e993f1ce
data/real/20/IMG20220929101940.jpg,0,REAL,20,.jpg,4624,3468,RGB,334ba4e89b94320926fd68da287b75f3a483219e9c478d16e3e9c4fc580ac651
data/real/20/IMG20220929102010.jpg,0,REAL,20,.jpg,4624,3468,RGB,d4365a5aff1e13b36d15187869a012afaede10794efead96c0225a8cf2dd22ab
data/real/20/IMG20220929102012.jpg,0,REAL,20,.jpg,4624,3468,RGB,1a955925a03dc1e25d37de69e54199046e33eed8a2423b33a864ed62c3a559f6
data/real/20/IMG20220929102015.jpg,0,REAL,20,.jpg,4624,3468,RGB,17c7fec709e3c7dd6001f9686cc3195f7ee9bb04e3d4c6ed7344aa65d56f1b8f
data/real/20/IMG20220929102018.jpg,0,REAL,20,.jpg,3468,4624,RGB,c65d56d0e06495b4a0c8445e453bd6c48b8beb1f5cf917fc3bb7de0dc01e9554
data/real/20/IMG20220929102020.jpg,0,REAL,20,.jpg,3468,4624,RGB,a5f92e881ae648dfd213291212bc23be9ba3d6c8dbe337947d261dd71e12e268
data/real/20/IMG20220929102020_01.jpg,0,REAL,20,.jpg,3468,4624,RGB,79fd069f2e1f2ddc93cb16661b6ea7daecd8979f58430bd1ba2b16948c4ee85c
data/real/20/IMG20220929102023.jpg,0,REAL,20,.jpg,3468,4624,RGB,d7ee3b66f3eeebdebf8c3bfa1def450a7ff46ac5aa304a021eb43d767453c33e
data/real/20/IMG20220929102025.jpg,0,REAL,20,.jpg,3468,4624,RGB,7f2d7e2525a87538f1c578d7bbe94ec673650513249c10ff9e2a328522db3f89
data/real/20/IMG20220929102031.jpg,0,REAL,20,.jpg,3468,4624,RGB,5c3f1d401da9683d8b0f9b2096fd3ab22b6f5ab000fba179466818b0a33f6a5c
data/real/20/IMG20220929102047.jpg,0,REAL,20,.jpg,4624,3468,RGB,7ed454b7b62364f21962cc841450e9184dd098494834458db881aacc2ed1dc61
data/real/20/IMG20220929102130.jpg,0,REAL,20,.jpg,4624,3468,RGB,787b4f936bd4fae053b2d00e539ab780344408496a757bfb583abcffc91cee78
data/real/20/IMG20220929102233.jpg,0,REAL,20,.jpg,4624,3468,RGB,583f3104883cf7e75b9bf3d08001c27f480668c0217bbd6cf8faab3b4d02890d
data/real/20/IMG20220929102235.jpg,0,REAL,20,.jpg,4624,3468,RGB,4a7093013ab3f05d2614b0304b6944ee3f89b4c688e7fc4989cd5b0147208bd7
data/real/20/IMG20220929102240.jpg,0,REAL,20,.jpg,3468,4624,RGB,5d61d189d9d531f10c3c816be62d99bf55267c38fd5395d023b026dd0c3c92a5
data/real/20/IMG20220929102241.jpg,0,REAL,20,.jpg,3468,4624,RGB,35974f63909dc99481637bd72846ab1ea57373382e1702c4e9e8af5c4b93ad3c
data/real/20/IMG20220929102300.jpg,0,REAL,20,.jpg,3468,4624,RGB,574dd1230064491e964ca4ff918045f0a5c1cbdef910a27a987b1f7eef433b37
data/real/20/IMG20220929102301.jpg,0,REAL,20,.jpg,3468,4624,RGB,4fdeb3d9e0e01c8a80a723770742296aba9119f5f59bcf6cf35f574819ef8a6c
data/real/20/IMG20220929102305.jpg,0,REAL,20,.jpg,3468,4624,RGB,6c2e41d3801624cac839bb3278173c13fb06b1b721af0167494f0bdd275486d4
data/real/20/IMG20220929102327.jpg,0,REAL,20,.jpg,3468,4624,RGB,59b39e2a96d0c703fa67fff45d5b6bfdd63ed6ee98b10e29e8adc86e45629e78
data/real/20/IMG20220929102329.jpg,0,REAL,20,.jpg,3468,4624,RGB,d3b8f9b7891f19caf32067a51e615218a1702de914ba360604450ab15cd4564a
data/real/20/IMG20220929102330.jpg,0,REAL,20,.jpg,3468,4624,RGB,64b3a640ac68c8151cd412d107d13694d6f846764ac9cb52a8b155973bce2b37
data/real/20/IMG20220929102335.jpg,0,REAL,20,.jpg,3468,4624,RGB,b6f4d8be334d6d809a0c2ead464258c5c8adaa292fb9a8dd51d23c50087db37b
data/real/20/IMG20220929102340.jpg,0,REAL,20,.jpg,3468,4624,RGB,a6f23ff2f869b12343cc45effe0bf3250ddaa87c2bd72d6157c9d079eb744ef3
data/real/20/IMG20220929102343.jpg,0,REAL,20,.jpg,3468,4624,RGB,76c9e0b507cb4743a88c1db751f42485a8ed36e22a8b4549f156637219bf320f
data/real/20/IMG20220929102344.jpg,0,REAL,20,.jpg,3468,4624,RGB,e59eeda827b73b219c18d28569fe9839b2ae6422c521d8efbfde6e2ddb2a1682
data/real/20/IMG20220929102350.jpg,0,REAL,20,.jpg,3468,4624,RGB,f05a03a4d62e453a6f4e87f5bff61f6a9567952582b8c7d22d12c918eb11f745
data/real/20/IMG20220929102355.jpg,0,REAL,20,.jpg,3468,4624,RGB,df4a8f6cd7fe65807500d6337d4b7410bdbe682b9430b4ecd869580d89dd8822
data/real/20/IMG20220929102401.jpg,0,REAL,20,.jpg,3468,4624,RGB,f9ceeb2bbe81aeb25fa5058afdb12a5b773d0f880dbd2bb8f3c286533122c431
data/real/20/IMG20220929102405.jpg,0,REAL,20,.jpg,3468,4624,RGB,f45b7068bd2d0690e91e9c72739894af0c656c1e9fe2b6a9cf8fc1ba3feb33dd
data/real/20/IMG20220929102408.jpg,0,REAL,20,.jpg,3468,4624,RGB,cfa6c79420918884d1739e45a130c98781d57877019b05439e6fffa174658757
data/real/20/IMG20220929102411.jpg,0,REAL,20,.jpg,3468,4624,RGB,486af8d2804a14d6da5847f6a5917ac982a11a59c89ee39dd9038e8a98b69d8a
data/real/20/IMG20220929102418.jpg,0,REAL,20,.jpg,3468,4624,RGB,fdd1b8b8fb8f5440e153d9e4e5839835f9acb3a8b284097e6613c086978756b7
data/real/20/IMG20220929102422.jpg,0,REAL,20,.jpg,3468,4624,RGB,e3d2722b72231d61f96a36a8363d6ebf97605534133c014a6112b21472c2ec05
data/real/20/IMG20220929102423.jpg,0,REAL,20,.jpg,3468,4624,RGB,b022f282ee5c8b8e613e80daa6fd0c0d2ea4d6a5ad4864d9e767cbe242a40a57
data/real/20/IMG20220929102425.jpg,0,REAL,20,.jpg,3468,4624,RGB,4093b1a29bef36ea2763b472f5abe901e61450f7a384ada1c5f44f15a4576282
data/real/20/IMG20220929102426.jpg,0,REAL,20,.jpg,3468,4624,RGB,565fcf76c62ffbb3463e6bd9748fe73fa4e9b584be0b8b917f1e61b1e14e375e
data/real/20/IMG20220929102427.jpg,0,REAL,20,.jpg,3468,4624,RGB,d5711e29beb4b8c66d6e6f68698adee57c1c88cd0c6647f3e66ffbe520d9787f
data/real/20/IMG20220929102429.jpg,0,REAL,20,.jpg,3468,4624,RGB,95dee1c93e031b8bd5597eb0f8afc17a5a555c9d045ae73ffc7635d3c9edf280
data/real/20/IMG20220929102432.jpg,0,REAL,20,.jpg,3468,4624,RGB,012ff73d4c14a43be05e6ecd792754edf5244928860146a82878a517fe56b8b1
data/real/20/IMG20220929102434.jpg,0,REAL,20,.jpg,3468,4624,RGB,2f30b1fb6cc01ed5574e0236940f7bf7bf36dd993b53b50868cc5458a7b470b5
data/real/20/IMG20220929102436.jpg,0,REAL,20,.jpg,3468,4624,RGB,4d9e022cf5efb832b4828a2e1855d9a3463230dbf10c614181f3ceb0df42aa50
data/real/20/IMG20220929102439.jpg,0,REAL,20,.jpg,3468,4624,RGB,7feffa000e036011003a0bc455648ff192669f1ad15e158539150f58d2050ce5
data/real/20/IMG20220929102440.jpg,0,REAL,20,.jpg,3468,4624,RGB,61ebaa1c644d33b45b7fbea01e67642e4773fcde92393cc57b1b7872a3e22fc5
data/real/20/IMG20220929102442.jpg,0,REAL,20,.jpg,3468,4624,RGB,5d639e6d6d5ddd581ff8e05fb027169453bc7392ae5512385bc5f1682a651978
data/real/20/IMG20220929102443.jpg,0,REAL,20,.jpg,3468,4624,RGB,7ea61640804d86bc363d8011547bda06b883ae432819660fb54114e8b57fd485
data/real/20/IMG20220929102448.jpg,0,REAL,20,.jpg,3468,4624,RGB,09352a1c4b3e808d02766da3b7039e3580c98b6be9240b0ca88586032bb9d023
data/real/20/IMG20220929102613.jpg,0,REAL,20,.jpg,3468,4624,RGB,08c0e163452c88cc7e539ea386df1e28773252601a6b346265efbe2c2dd1f189
data/real/20/IMG20220929102618.jpg,0,REAL,20,.jpg,3468,4624,RGB,4ade88b4428df302c475d9dbb4be26da3eb586017e6d2b9b241e3bf0cf70e1fd
data/real/20/IMG20220929102620.jpg,0,REAL,20,.jpg,3468,4624,RGB,d3df8bf83201554d2a603f27165bb5eb10940bb17319f9bca09e0d195df75d6f
data/real/20/IMG20220929102626.jpg,0,REAL,20,.jpg,3468,4624,RGB,3cd496dae76c20116d7d3c6f1df6d4c3c277114656328eeb618c5dfb6560a2ab
data/real/20/IMG20220929102627.jpg,0,REAL,20,.jpg,3468,4624,RGB,d5192ea40e5a0bca42e68672c71c0cdcb8555d77cd1d9d156b9220dafe5a918a
data/real/20/IMG20220929102630.jpg,0,REAL,20,.jpg,3468,4624,RGB,62a937d95f5d7831793dc76b9cde5b2f7cd61703724d024d975c0bc6a6bf94a2
data/real/20/IMG20220929102634.jpg,0,REAL,20,.jpg,3468,4624,RGB,8e3f694ad287ee5d5e30640156644bb0b2e24154e85a4ce9979bf8c45c8094dc
data/real/20/IMG20220929102635.jpg,0,REAL,20,.jpg,3468,4624,RGB,fe636f458352a1bb44524c03f1894a9c9e8b00e58e6b934427f4f9092058450d
data/real/20/IMG20220929102641.jpg,0,REAL,20,.jpg,3468,4624,RGB,13ed07b61e238c11c80339f14280bd3b376180b5de5f6a160f6ed138bfebc9d2
data/real/20/IMG20220929102645.jpg,0,REAL,20,.jpg,3468,4624,RGB,c6246be2b6f916084efa3fe586ea934ab75e57530499e16bd1191cde03fcfa44
data/real/20/IMG20220929102650.jpg,0,REAL,20,.jpg,3468,4624,RGB,eca3ad4f7553e5422f8a30655a0c7c1d8609680298c9c911aed1b942578eff31
data/real/20/IMG20220929102654.jpg,0,REAL,20,.jpg,3468,4624,RGB,7703facbcf324fe64c010cbb365b166315e2552eb093159fc15f382c0089f2b0
data/real/20/IMG20220929102656.jpg,0,REAL,20,.jpg,3468,4624,RGB,542cadb18c0315db94841408c93490a12938bf96e330ad03355a74d6eea63c7e
data/real/20/IMG20220929102701.jpg,0,REAL,20,.jpg,3468,4624,RGB,f55bbee295a8844e8a97ce52427356c50a6fc978ab468d95fefc583bd745b9df
data/real/20/IMG20220929102713.jpg,0,REAL,20,.jpg,3468,4624,RGB,fa3f15a52f60a7c3c31269dce2ec3c387478d06b79c9627063800813bd76abe3
data/real/20/IMG20220929103028.jpg,0,REAL,20,.jpg,3468,4624,RGB,518dc7c5420b4444e2b47ab332aa3fe0c8f93ca0eb02a5c6efa5a2d6bf205db0
data/real/20/IMG20220929103029.jpg,0,REAL,20,.jpg,3468,4624,RGB,4a47595a9b38a1b44aae85edd42d762a04c2c44ad53aa71ec72c225624eb2a46
data/real/20/IMG20220929103031.jpg,0,REAL,20,.jpg,3468,4624,RGB,226c65d295c68e060cf2f295f855428603220ffb5861278ba7fcd800acbc9a82
data/real/20/IMG20220929103032.jpg,0,REAL,20,.jpg,3468,4624,RGB,b8c19cdf1181311581c3a2b5b0cb80559811cfdbb92e42b6396b7df172480e5e
data/real/20/IMG20220929103034.jpg,0,REAL,20,.jpg,3468,4624,RGB,cf52968a1b1e9840fb83a7d3f8921d6fe2367b0f4e5252ea99d2d6f14c594dfb
data/real/20/IMG20220929103035.jpg,0,REAL,20,.jpg,3468,4624,RGB,bd0cd6252e6f22488a41ec21b62c25f4f44e86b91ebecf433049a7926ce0a08a
data/real/20/IMG20220929103038.jpg,0,REAL,20,.jpg,3468,4624,RGB,39099d6b3e3bd27be5123233e2aafea401a9e530bf42d74f50cc7c06cf03c9aa
data/real/20/IMG20220929103040.jpg,0,REAL,20,.jpg,3468,4624,RGB,1ac862aab615499cf0378a058e5de78cd16d649bf348964aa6378c5d5a933d94
data/real/20/IMG20220929103041.jpg,0,REAL,20,.jpg,3468,4624,RGB,6b3460026d51261a8d9385f04bb1300637dd3fa5458366931140ba4adf2f6873
data/real/20/IMG20220929103044.jpg,0,REAL,20,.jpg,3468,4624,RGB,adc0a3f30ca6cc8d16a2a2057e0a24abdcab4265f9f8566c265aa998e27ec4cb
data/real/20/IMG20220929103047.jpg,0,REAL,20,.jpg,4624,3468,RGB,e0aa08c920f1cd5c4adfc52eb7af7ad786716d2bd6e3174b42f5632481fe6296
data/real/20/IMG20220929103050.jpg,0,REAL,20,.jpg,3468,4624,RGB,d74636c6944f374f1c067e079a067f04447ab544577daac5b78bb5bc13e5faa9
data/real/20/IMG20220929103052.jpg,0,REAL,20,.jpg,3468,4624,RGB,fc2ac1a2f36cdf34aed009d69f583b425ae2a158c2e563a579c720252346438b
data/real/20/IMG_1666262749490.jpg,0,REAL,20,.jpg,640,480,RGB,1d8979360c24b0ab2f94963713dfe6be0c11ce5b251d5a323798866ca57af719
data/real/20/IMG_1666262767019.jpg,0,REAL,20,.jpg,640,480,RGB,922a83864449d6cfe5d11ead3eec4063e3f2992566f93c3e849e60cf4586e9e9
data/real/20/IMG_1666262828706.jpg,0,REAL,20,.jpg,640,480,RGB,12ab53656d97537e5cb963d53d3ca23095da1bc0ab9f344175d19541dca959a1
data/real/20/IMG_1666262834692.jpg,0,REAL,20,.jpg,480,640,RGB,db6139595b5f6647a127b53010761e67f724ab607c364426c5fe156ebb0cbf78
data/real/20/IMG_1666262886583.jpg,0,REAL,20,.jpg,640,480,RGB,bcd36d50955aca316a232f2d5d14a9ac421d49570554c89da789bcac444f91b9
data/real/20/IMG_1666262936166.jpg,0,REAL,20,.jpg,480,640,RGB,c73d009c337377d5e52accc7c082294e4614ea45e0c41e3380c6d5f2ed67544a
data/real/20/IMG_1666262955462.jpg,0,REAL,20,.jpg,480,640,RGB,bb30a68d790382bd556860747c0a5fbfe693e22feec086034ce5d5c43f029a06
data/real/20/IMG_1666262963265.jpg,0,REAL,20,.jpg,480,640,RGB,f71a6d15ef033dfc5634b5bd5c6c565c97603d82087bff494b45dd17ac7804ef
data/real/20/IMG_1666262977058.jpg,0,REAL,20,.jpg,480,640,RGB,2886e2838f4278cc67a35a7ffd2d8dfd4603033534c84798fec486bb675f2a3a
data/real/20/IMG_1666263010233.jpg,0,REAL,20,.jpg,640,480,RGB,f1c5362d85bde79f30c40311e9b7df56920fa0f244ca15900532c96c94e7427d
data/real/20/IMG_1666263030185.jpg,0,REAL,20,.jpg,640,480,RGB,63087183cb23dabe398398fc1cc176ee70a0b5d46347607e7aa61a81e0b3170f
data/real/20/IMG_1666263052686.jpg,0,REAL,20,.jpg,640,480,RGB,ca8a9505cab3fb1353b6c14eb0294d3118795194d85ae8f50e900cf7e8bf2b14
data/real/20/IMG_1666263062748.jpg,0,REAL,20,.jpg,480,640,RGB,4b442397e5cd0ab8dae49fa273a8d640dd62d76f1d618d82ce60c9359a32b9cc
data/real/20/IMG_1666263098561.jpg,0,REAL,20,.jpg,640,480,RGB,8d3d66dcd1f05b70399c3dc1d6921a8cf970ff11246e949141443bbc64dd4025
data/real/20/IMG_1666263110904.jpg,0,REAL,20,.jpg,480,640,RGB,e49814d6651fba5481e14dcd30b0dc8e8510d3fa59f73f8ed53ef354d6bec398
data/real/20/IMG_1666263119950.jpg,0,REAL,20,.jpg,640,480,RGB,a9ca284e0afa601ea1304bc11eac84306cd0a0aa73b30ad51962164f56cc9417
data/real/20/IMG_1666263185309.jpg,0,REAL,20,.jpg,480,640,RGB,9af8c918756731f68a2069693283815452ce3550a7489b9f5acad30914572906
data/real/20/IMG_1666263228305.jpg,0,REAL,20,.jpg,480,640,RGB,3af06ff9f8b5d16a7bf551fad46c3713936dfa6c7fd80b9688ff654176948f51
data/real/20/IMG_1666263331652.jpg,0,REAL,20,.jpg,640,480,RGB,9f51242b60631c1c45ce840351675ffae1ac535c25a2e237e1f336e8debb6690
data/real/20/IMG_1666263375251.jpg,0,REAL,20,.jpg,480,640,RGB,b77c89ed8f91f55669b090930866ddaac4278e0f08578c3a214d7fb9d2abb78c
data/real/20/IMG_1666263384147.jpg,0,REAL,20,.jpg,480,640,RGB,395a83bec511b253a3889dc359bd6cac9fe76b135632dc626ef3fcd4f4e32170
data/real/20/IMG_1666263409955.jpg,0,REAL,20,.jpg,640,480,RGB,b76e746677989b247a31224e87407c3b6c8539b677c7b64217a35ab07a07342b
data/real/20/IMG_1666263434534.jpg,0,REAL,20,.jpg,480,640,RGB,54a97938929f2e91825edffc7387f06fa2753f8a2c9c7b1a4e6a343127dfca53
data/real/20/IMG_1666263494205.jpg,0,REAL,20,.jpg,640,480,RGB,0da5b2743bc70b4c598e6f2a44afc45a12d061a68c18b9c07718aab00ae10713
data/real/20/IMG_1666263537973.jpg,0,REAL,20,.jpg,640,480,RGB,936a0930c4d4a042e0e0ac29dc814c15cda1cdd3e56f065cac41de7f82029e20
data/real/20/IMG_1666263604161.jpg,0,REAL,20,.jpg,480,640,RGB,6fd894ad59b30e7d185c33427bbcdcb1a7ddfcf05c28a9a33810b63cfe311d68
data/real/20/IMG_1666263616225.jpg,0,REAL,20,.jpg,480,640,RGB,7c7e5e549a0fc84c826f0558ca860c60513ab2a83021a86489a3903286c0c557
data/real/20/IMG_1666263666453.jpg,0,REAL,20,.jpg,480,640,RGB,06233561ab4cbbbf300976844e6cefd595d67ec136b918130feb495d0528a8b8
data/real/20/IMG_1666263773520.jpg,0,REAL,20,.jpg,480,640,RGB,2f107c8f5565c34dca6929e3523d3025779a01ecaa8a57595b99911e8041963f
data/real/20/IMG_1666263784630.jpg,0,REAL,20,.jpg,480,640,RGB,9dd7095d5b87149baf0b41d9c9f371962ce8b63c89b8906325cfe35a4a012e93
data/real/20/IMG_1666263817674.jpg,0,REAL,20,.jpg,640,480,RGB,2bbd283605e7ec48d3bf0e76c4518d7ac382e16d5c39082ad896dd877800f931
data/real/20/IMG_1666263858494.jpg,0,REAL,20,.jpg,640,480,RGB,c5b04928fa43b1716829858fee91a9b384b47dc92334b79de6059eb0f41e705d
data/real/20/IMG_1666263866281.jpg,0,REAL,20,.jpg,640,480,RGB,26a195760f175321dfb7c49be78d3e5909df4b525533f8502bdceaa3083f961c
data/real/20/IMG_1666263867185.jpg,0,REAL,20,.jpg,640,480,RGB,2c3a493ce041f63a87d83987f62ed2cd1a716948a367ee1b4e45089d3d5785ad
data/real/20/IMG_1666263874614.jpg,0,REAL,20,.jpg,640,480,RGB,9985afcd1876bb5f066ca39d3da0e550037f6f51a61410982b5a7dcfe9c2237d
data/real/20/IMG_1666263895891.jpg,0,REAL,20,.jpg,480,640,RGB,64872e9ae67879f2a02df588c55b761713a8c26da503a4a333dfe1f8bba07e11
data/real/20/IMG_1666263910869.jpg,0,REAL,20,.jpg,480,640,RGB,53c295edccfc3dfd6703144364ad0104586a0efdb91e7c61ff79dfb949ce9163
data/real/20/IMG_1666263926987.jpg,0,REAL,20,.jpg,640,480,RGB,62aeb9fff86727f89aaf1c10fbf1d5ad472f8d2172b2340cf486a4cbbee1ef8f
data/real/20/IMG_1666263947473.jpg,0,REAL,20,.jpg,480,640,RGB,042ea7c8b58b3fc7491550d362f4f17477502a0c19074fd45a0032597415cb59
data/real/20/IMG_1666264045765.jpg,0,REAL,20,.jpg,480,640,RGB,0c6713d31f9d7e52b43edc89ccbb8c342d00d0a1dffb3f447a6013eb023639df
data/real/20/IMG_1666264067259.jpg,0,REAL,20,.jpg,480,640,RGB,4ec981af180ffe74cdbb380cf8354dcaf2082063b0c4f6a4d2ac2323477d53fd
data/real/20/IMG_1666264110006.jpg,0,REAL,20,.jpg,480,640,RGB,440f01635882271fd9b02f6126da953105126f8bc765aa8d86cdbd41a8738597
data/real/20/IMG_1666264129220.jpg,0,REAL,20,.jpg,480,640,RGB,99ab46b750ae24dabc3a28eece35b38795ce0138e0d946616305fc3f25a37fdc
data/real/20/IMG_1666264187799.jpg,0,REAL,20,.jpg,480,640,RGB,badf5dbfe51020514f0a614576767d197468b4018d3dd462fc3f53708e837b1d
data/real/20/IMG_1666264193293.jpg,0,REAL,20,.jpg,480,640,RGB,e82913a5cdcd47d5c4ed4ae93a929bc19421a601c956d02d995475104a5e128d
data/real/20/IMG_1666264219043.jpg,0,REAL,20,.jpg,480,640,RGB,f1fce961e7edd76bcd20e841fd5b1b7b75df2c5e34f00ac2f44fcae1a361707d
data/real/20/IMG_1666264239511.jpg,0,REAL,20,.jpg,480,640,RGB,f85523c9fbb3f630fa696e00f44e3a821ab487081bf01538022a34e7ed856a79
data/real/20/IMG_1666264245268.jpg,0,REAL,20,.jpg,480,640,RGB,05d344a445887f321ca8af204b9b0e0f02725144472637daea686697fe1e23a0
data/real/20/IMG_1666264280003.jpg,0,REAL,20,.jpg,640,480,RGB,bc7d2f45616a23ed8f77fd97e57fb2514886f4d86ba544ef02fa745d035eae09
data/real/20/IMG_1666264316723.jpg,0,REAL,20,.jpg,640,480,RGB,3b8d2b4877518ad22a6bf0a8ea7fa63c640a8374003c0254dd97d788b339060b
data/real/20/IMG_1666264346171.jpg,0,REAL,20,.jpg,480,640,RGB,b5cd4e0c37750ff3263fadad312c71d70f8ba1a96602d1167ca0dd9b4a0b7f59
data/real/20/IMG_1666264355908.jpg,0,REAL,20,.jpg,480,640,RGB,0f1413e4ea908ffa0b5fa0cf9cbd9c0b89a689adf0049168144be49d4f9978da
data/real/20/IMG_1666264422650.jpg,0,REAL,20,.jpg,480,640,RGB,c8b7e3d06811a8ac405a80cf04cdb223d089512d763d3f80eb3322f0ed446a99
data/real/20/IMG_1666264438044.jpg,0,REAL,20,.jpg,480,640,RGB,6792201c4cd652d746dc7018cfe4ee96ce8c86da11ca509423b0b75dfcefafd6
data/real/20/IMG_1666264470802.jpg,0,REAL,20,.jpg,640,480,RGB,503ceb8db96e16830c38796df3fdfec6909707a823ed066c77d2971b89d32c8d
data/real/20/IMG_1666264517077.jpg,0,REAL,20,.jpg,640,480,RGB,bb11b996ecc962b99ac33f3edb627fd0d41f57780fb379758d5752a1ec55fc80
data/real/20/IMG_1666264557337.jpg,0,REAL,20,.jpg,640,480,RGB,01abe2b482595cd0184337a529c380ce2d86f766a447f56d072177fcb12ef7fc
data/real/20/IMG_1666264592041.jpg,0,REAL,20,.jpg,640,480,RGB,0c0e7751a1bfa07e3236d922eaa3204a473e1096ef8161f1801cca14300c4dac
data/real/20/IMG_1666264740992.jpg,0,REAL,20,.jpg,480,640,RGB,8d27476e421c630368b2874cfee15749f3ef6085257327cd557c2bc9725f5283
data/real/20/IMG_1666265194037.jpg,0,REAL,20,.jpg,640,480,RGB,9b233747a3a31d080ed7e6e6ada1dab795eb10b918f9bb4706d2e96d867cc3db
data/real/20/IMG_1666265282604.jpg,0,REAL,20,.jpg,480,640,RGB,83b887e7ca1b2e5040f6e79d3e73099c2b6833d5f4f9821c8148d99a8964aa32
data/real/20/IMG_1666265305140.jpg,0,REAL,20,.jpg,480,640,RGB,f98af7d7ad4c6a839dade6e6512ae0060ca104885b3edfd356d113cf38131825
data/real/20/IMG_1666265354417.jpg,0,REAL,20,.jpg,480,640,RGB,930f46cde74958702bbfc7df3787f4d7952aa957e8c590b0c7c58db141b1b512
data/real/20/IMG_1666265400588.jpg,0,REAL,20,.jpg,640,480,RGB,1f275775f8f1955c92f42eba02912d9be57fff10825332f3cdbdda100a9408d9
data/real/20/IMG_1666265411395.jpg,0,REAL,20,.jpg,640,480,RGB,f1e7bc8b1f3db9968ee8909f1b39e87a23966b30af0d8f1c717a895f5aa93c57
data/real/20/IMG_1666265431024.jpg,0,REAL,20,.jpg,480,640,RGB,d68bfdb3719a40fbb143a9dbc31e4cfd6b9f625fe64a46f473fef122a9ed5617
data/real/20/IMG_1666265445997.jpg,0,REAL,20,.jpg,480,640,RGB,6ad4e41c9574dbdac7f563ade6413c2c60b9e943ea605335bf9c73f1aa0cc976
data/real/20/IMG_1666265481183.jpg,0,REAL,20,.jpg,640,480,RGB,d3bd534be50368eba34fd4c32760fd44572c9c71ef904024ed907c301d1f769b
data/real/20/IMG_1666265544755.jpg,0,REAL,20,.jpg,480,640,RGB,56ad32aae9118835b13e9d1ea80f21fb076f13daa0f7182519a9956ce4ea8f65
data/real/20/IMG_1666265567517.jpg,0,REAL,20,.jpg,480,640,RGB,db49240e12b7aaa68e1ab4609fac2b7a3005292fc1b711ee93237518459e408f
data/real/20/IMG_1666265610863.jpg,0,REAL,20,.jpg,480,640,RGB,1788db3f2e8121082e910662f7aafed2d8896e6560bec180096fce583f59a748
data/real/20/IMG_1666265626727.jpg,0,REAL,20,.jpg,640,480,RGB,7a32082682619fa50690aebb8c540423a4906be177a3e979e639510dcbe67699
data/real/20/IMG_1666265685741.jpg,0,REAL,20,.jpg,480,640,RGB,9d4dcacc0200ff309571065c3c9590dfbc289b5527fbdb6ee55e489154ed3387
data/real/20/IMG_1666265705234.jpg,0,REAL,20,.jpg,480,640,RGB,0efdcfe033f74e9fb086ae21d6b6173aed38e88f29b29d0ebda59389813c650e
data/real/20/IMG_1666265840916.jpg,0,REAL,20,.jpg,480,640,RGB,f52d1f256c1dcf2f1d4c2e7aa5cd5482cb6d095d6449ad16dc7d09ee41d93d5b
data/real/20/IMG_1666265850677.jpg,0,REAL,20,.jpg,640,480,RGB,ce6c280d3bad2bb0c14fb6ae1a37c5fa3dd0826f72bcc61aac97af9eea97dbf7
data/real/20/IMG_1666265923954.jpg,0,REAL,20,.jpg,640,480,RGB,0e41053a48f7f8c60ab0bc1492e067809d288c7ebc79b5596df31632a84511a0
data/real/20/IMG_1666266051022.jpg,0,REAL,20,.jpg,480,640,RGB,a8ae962ed4b55882d2278242ae5d25dd85e4fc79e79e7a9da11b626638f2f21a
data/real/20/IMG_1666266068651.jpg,0,REAL,20,.jpg,640,480,RGB,ebcb4d85bea7cf31018602f64e5119e099a5700bcfe6025eba64bff999c32937
data/real/20/IMG_1667839270491.jpg,0,REAL,20,.jpg,480,640,RGB,4a2f56d3d047e0408726b8e62192e9514826bac6fbe75f6769c72eed30705e68
data/real/20/IMG_1667839291326.jpg,0,REAL,20,.jpg,640,480,RGB,a4699041f3c178598e0bb7cee8dcfd01f8d93e9254a85d222224818401538850
data/real/20/IMG_1667839311920.jpg,0,REAL,20,.jpg,640,480,RGB,e79a01fd8d745d142343d141edaea3927ed625886aeb81355a3bdb31228ee9d7
data/real/20/IMG_1667839326943.jpg,0,REAL,20,.jpg,480,640,RGB,1d9e412808aa3c4c882a83b07e19c0d800b77b6b02406ead83b516aef1348b7d
data/real/20/IMG_1667839349893.jpg,0,REAL,20,.jpg,640,480,RGB,abb0b9cd7584b466c8c03ae574c37ba2506f25d96f9c1095d605d0e4ad03d4f5
data/real/20/IMG_1667839356342.jpg,0,REAL,20,.jpg,640,480,RGB,71b0707f19e241af184b28537ecc4feefd858b89121d5812f4af4d0d60abe472
data/real/20/IMG_1667839366483.jpg,0,REAL,20,.jpg,640,480,RGB,36f198a289c0bc290f8e80f8ac6b7701709abdd058749c8c2c953b19154dde8d
data/real/20/IMG_1667839370641.jpg,0,REAL,20,.jpg,640,480,RGB,93aa174b8f0ba8a07acbe1bf09e892a80ea88d987195088e72dc3795a01fcc9b
data/real/20/IMG_1667839376732.jpg,0,REAL,20,.jpg,640,480,RGB,d689847491698912926d7bc088a7f58d001878c831b243c6bf922cc0f171bd11
data/real/20/IMG_1667839386470.jpg,0,REAL,20,.jpg,640,480,RGB,9a7bf2b7f609fc513adccbdd5f659441be9fd2f770de78e1bfab87e3f32b4af8
data/real/20/IMG_1667839405248.jpg,0,REAL,20,.jpg,640,480,RGB,b9dd492d7f4fa5bd0ba93712ae765f833e3b6aca9b6c736b05c44f9b84615732
data/real/20/IMG_1667839419389.jpg,0,REAL,20,.jpg,640,480,RGB,11ad8dda99c5013aaeb363307c9a91c00a02512ad8e7fea455eef1a637f181ff
data/real/20/IMG_1667839424223.jpg,0,REAL,20,.jpg,640,480,RGB,f2a1d76855d9eb240a2e46328c8fea2d8c2c1c6fcc3cd98697caef196f061649
data/real/20/IMG_1667839428511.jpg,0,REAL,20,.jpg,640,480,RGB,7ab0e6ced4b2b3766216d0942485aeaa5ac92657129e15287cb30e07b2ebbf4f
data/real/20/IMG_1667839432190.jpg,0,REAL,20,.jpg,640,480,RGB,6f039e30cb38c3f5bb098ad27f0e374c2213b64aec7843d07db2ae80bf2c7cb7
data/real/20/IMG_1667839445309.jpg,0,REAL,20,.jpg,640,480,RGB,b0a288b8c672614e42a9daa494370a56844cd1dd7a5c0b4e52febcf2a48c5d5e
data/real/20/IMG_1667839449442.jpg,0,REAL,20,.jpg,640,480,RGB,21091388c5e3020fe8bdbf0175f4f267468e2bfe407c2feda35ec7113678d1bc
data/real/20/IMG_1667839453845.jpg,0,REAL,20,.jpg,640,480,RGB,41771a2fd368c84f5d1f86fdd4851fb9bbd46aa7e7192c6f2e313639bc31900a
data/real/20/IMG_1667839463871.jpg,0,REAL,20,.jpg,640,480,RGB,e534728a58caed4f90c5a9cd7d88743eff603d7ff98b3502fc92eb1ecc9505d5
data/real/20/IMG_1667839469470.jpg,0,REAL,20,.jpg,640,480,RGB,a76decbd43931632f4a23d19df183c588f56cf3813722d9eff5b74861ce9cfd7
data/real/20/IMG_1667839473229.jpg,0,REAL,20,.jpg,640,480,RGB,6a215e5f9c0a74ae9f95475bf2735548c604c72eee4a3294c1e0d7c67bc9e544
data/real/20/IMG_1667839480919.jpg,0,REAL,20,.jpg,480,640,RGB,c8f8e950512838087aaad5419e473e78b62bb7e83cc58315f93714fe411ec63f
data/real/20/IMG_1667839494857.jpg,0,REAL,20,.jpg,640,480,RGB,aa4ada77f9258dfb201d388468bd3d5a9866de393c7a4a6889da688116abf101
data/real/20/IMG_1667839500018.jpg,0,REAL,20,.jpg,640,480,RGB,42216b2e704715a8a18730da26f4fefeb67d48fef41d50dcbd5639755e734785
data/real/20/IMG_1667839506951.jpg,0,REAL,20,.jpg,640,480,RGB,f35604019d385319717f6826126781c8303e09d7de2d8fca471fd155b6dea7bf
data/real/20/IMG_1667839512806.jpg,0,REAL,20,.jpg,640,480,RGB,e5f2a21b4543c1a52f6ff1f51dad1b562f42c9eaae3c2892fea5e6835e997aee
data/real/20/IMG_1667839518136.jpg,0,REAL,20,.jpg,640,480,RGB,d5fe751103f80f0525b20849a3b0195dcc20839d8f27263d3e992ac62177de59
data/real/20/IMG_1667839523860.jpg,0,REAL,20,.jpg,640,480,RGB,1140c151f0fa849d0bf9e49cf76dc70554263bcdcd29d4b8126114e9b4555e57
data/real/20/IMG_1667839529393.jpg,0,REAL,20,.jpg,640,480,RGB,6fb39d2fa43cd0d1ba332ffcbe5f99fb6977c965351dbca740e508a0033971a3
data/real/20/IMG_1667839535128.jpg,0,REAL,20,.jpg,640,480,RGB,52297b24edf64cf73c5adeb9c52cbdc29443243e1becc9879d40275fe6d8263e
data/real/20/IMG_1667839539632.jpg,0,REAL,20,.jpg,480,640,RGB,1b15c6c2a519e9ac109be73ea923ea59cc789b48b1f26f18652a384dc12c56fe
data/real/20/IMG_1667839551373.jpg,0,REAL,20,.jpg,480,640,RGB,3646a7319d5d2369293862f22627400b53bd512e3b75ff30432cb2804efb40fe
data/real/20/IMG_1667839557737.jpg,0,REAL,20,.jpg,640,480,RGB,8266a3ed0f9700be8cf4e120cbfb29a2249752197d73d2df9854b87a38b09cab
data/real/20/IMG_1667839562765.jpg,0,REAL,20,.jpg,640,480,RGB,e1f9dbf1aa337c2d6a57a31cc547f02bb82903f65ea553f5d2badc324774434b
data/real/20/IMG_1667839568295.jpg,0,REAL,20,.jpg,640,480,RGB,b5d7c00a0394757421a89081d22e618095d0ead7a55e3002acdf756ebe06798f
data/real/20/IMG_1667839573285.jpg,0,REAL,20,.jpg,640,480,RGB,8f6c1a49ba38fe76ef53ab340bf0e291d52d771106bd6ff880954de239c207f3
data/real/20/IMG_1667839580523.jpg,0,REAL,20,.jpg,640,480,RGB,01812e72c2a344f7d4790cf7308c6703648efa22a9a7d95390ed4366762474fa
data/real/20/IMG_1667839589165.jpg,0,REAL,20,.jpg,640,480,RGB,509ef7d49917ae4e063ee2d66e5ade485689443ca415736524741f7596fb5c33
data/real/20/IMG_1667839592564.jpg,0,REAL,20,.jpg,640,480,RGB,cc3a5e0df76a2ba95fdad523d2b57a9cbae100b23cede67fe57af346740e1bd9
data/real/20/IMG_1667839600375.jpg,0,REAL,20,.jpg,640,480,RGB,97831b56dc592e90fd947e03dd3b9a790068f35a56a940b48242711e459e8d67
data/real/20/IMG_1667839608032.jpg,0,REAL,20,.jpg,640,480,RGB,833eee43a7a25f56347463eca9f66cb93e238609f2e38c590ce2ae90068885e4
data/real/20/IMG_1667839616689.jpg,0,REAL,20,.jpg,640,480,RGB,0fb44940af4e47b7f7ce4b03927b91ed748cd924b90753d5edf5f54e0b780e0c
data/real/20/IMG_1667839620972.jpg,0,REAL,20,.jpg,640,480,RGB,e37fccb92666ac0bd9a7e0e776cee018b80bd2cf5c3003e901c3d804caedc093
data/real/20/IMG_1667839635745.jpg,0,REAL,20,.jpg,640,480,RGB,b6efe6353382869403c66213df82577cd34f929bc471b20baad9b8f07f9c539e
data/real/20/IMG_1667839642212.jpg,0,REAL,20,.jpg,640,480,RGB,f3b65672cd6449d28db1818c6177b877b324a8ff494f2211f48a44bc3b592058
data/real/20/IMG_1667839654174.jpg,0,REAL,20,.jpg,640,480,RGB,9c6607fca1c81082104fc92c9f553cf25e02bd35d1e669a93a2777f36fbe5922
data/real/20/IMG_1667839672918.jpg,0,REAL,20,.jpg,640,480,RGB,0aff6c33913e17bfec840f9cc71bf72010a579f36732fc5d6895c0da881cda02
data/real/20/IMG_1667839684353.jpg,0,REAL,20,.jpg,640,480,RGB,647e40837dad03795589151d2b9d861948fb3e55062017bf72c17bd7d763e934
data/real/20/IMG_1667839697165.jpg,0,REAL,20,.jpg,640,480,RGB,35d2280d2625b69a760241d2bee198571bc113b4dd88566ec5e30554667b326a
data/real/20/IMG_1667839702915.jpg,0,REAL,20,.jpg,640,480,RGB,5893e8e046818b25d8ae672e5f39d6b206f7994d43324d9ae2e135516ec9dc6a
data/real/20/IMG_1667839713098.jpg,0,REAL,20,.jpg,640,480,RGB,0fc3586b1f88c96b63383bf7c6ef5df0bf4ead6a9d2f069c93c137b466fe4ae2
data/real/20/IMG_1667839718632.jpg,0,REAL,20,.jpg,640,480,RGB,ddcd6ad935bdb9f0bb1689eb15717022f1d20b1287e781de0fdee45aeba16f3f
data/real/20/IMG_1667839734538.jpg,0,REAL,20,.jpg,640,480,RGB,457deea9baa628406ee98f468e6ae09dbb9b43c0c0c575c66fbef7410744020e
data/real/20/IMG_1667839738968.jpg,0,REAL,20,.jpg,640,480,RGB,67bb10fdce35a26da3ac7a6b17efd79919b9bf05b81ab8d6194e82b5fe993679
data/real/20/IMG_1667839743053.jpg,0,REAL,20,.jpg,640,480,RGB,340a3a5096a3fbe5d83547891d461c1483a16666cf34e62b9bc7b246448053d4
data/real/20/IMG_1667839747852.jpg,0,REAL,20,.jpg,640,480,RGB,40b4aa1ac6633ecf016bfb1262d730d921926d4cd25184d99c73c847978ac063
data/real/20/IMG_1667839757006.jpg,0,REAL,20,.jpg,640,480,RGB,7ce957d5e85d29064bd122f53f60d4cf8c8357de339c5b98dc64230350a67bf3
data/real/20/IMG_1667839761986.jpg,0,REAL,20,.jpg,640,480,RGB,7d79c044f9e89fb0c9957137077954fbf26f15f4469ea8a18325c3db9ae226a2
data/real/20/IMG_1667839766114.jpg,0,REAL,20,.jpg,640,480,RGB,389c8f224dd9db38a8acf86f62b070de64e44911158630fba00b78151ee3fcf3
data/real/20/IMG_1667839769884.jpg,0,REAL,20,.jpg,640,480,RGB,9e2baa5810d93af917cff8fb100b29db7a7e36f118ddabc50efa791b759d47b1
data/real/20/IMG_1667839773891.jpg,0,REAL,20,.jpg,640,480,RGB,803a9ff13de05d05db73e14a7aead7104e733ad8241f6727fbfa5feaf418c251
data/real/20/IMG_1667839777353.jpg,0,REAL,20,.jpg,640,480,RGB,3a5554fc551c799c29a01dbabf3f5df6957f477a153e17f372d278b4185f74fe
data/real/20/IMG_1667839781421.jpg,0,REAL,20,.jpg,640,480,RGB,b4d99aed1f5b7df47428f9a8b0710f53951fb0a884ecd4bb7ab61687c9f42043
data/real/20/IMG_1667839808849.jpg,0,REAL,20,.jpg,640,480,RGB,df7f66defe65f52a8b088845996b5da1f2727194f318445b17f7edbb12ded232
data/real/20/IMG_1667839817105.jpg,0,REAL,20,.jpg,640,480,RGB,7135a7349496d59432bd518c780117bf97d9221662fba4bd21f2a72ff7044790
data/real/20/IMG_1667839822814.jpg,0,REAL,20,.jpg,640,480,RGB,0d9838475a0dbdf1aa2891e473e7945d3330f534504d80d0c95c5f5a0f6f6a90
data/real/20/IMG_1667839879738.jpg,0,REAL,20,.jpg,640,480,RGB,bfde722495e0e588214e224b674b307e996be606ebc2b0bb5b75900591423b69
data/real/20/IMG_1667839884574.jpg,0,REAL,20,.jpg,640,480,RGB,bd52c39d0cba54727b9227606af0fe43812fd69808796b56212bf1d515ed2003
data/real/20/IMG_1667839888738.jpg,0,REAL,20,.jpg,640,480,RGB,4d53a33f65fe59685a18d493e1b0419821ff17a1c5e5fd3300f93939d70a103b
data/real/20/IMG_1667839893002.jpg,0,REAL,20,.jpg,640,480,RGB,6c58be6f0c8cc9e9928857305208c985cdfaab6497e0ecd76d3c33a1c06e3e5a
data/real/20/IMG_1667839900248.jpg,0,REAL,20,.jpg,640,480,RGB,b2b3eaca179f80210c89e4da4f6294006210b132c63d949ada26be6c0a2b8fc9
data/real/20/IMG_1667839904783.jpg,0,REAL,20,.jpg,640,480,RGB,d8ea9735359e31d2c8e53d41fa7ac173bc5339e33b79011d5dc18eec7147b4c8
data/real/20/IMG_1667839909119.jpg,0,REAL,20,.jpg,640,480,RGB,4caf199a752e290d3f6c7fa62f29bea316099babadc3f874d83e3e78e20c7fd4
data/real/20/IMG_1667839912701.jpg,0,REAL,20,.jpg,640,480,RGB,9dae87556251a6182f92cd82721a96f77dcfdff8752a36bd9b40bbe73d7a747d
data/real/20/IMG_1667839921830.jpg,0,REAL,20,.jpg,640,480,RGB,620dc0025656778d9d5561f54dfd9232d8edbff6bc1cf4199adc6bdcb7fd0199
data/real/20/IMG_1667839934237.jpg,0,REAL,20,.jpg,640,480,RGB,a04b16ad34609db2286082410717fd0ac8aa16c1a6d7afcfd0f24aff1fc844d4
data/real/20/IMG_1667839938408.jpg,0,REAL,20,.jpg,640,480,RGB,d2c9faeb8c414bcd2b6422de4dddadfb93e2cc625a1b848cc952e3575cacda10
data/real/20/IMG_1667839943368.jpg,0,REAL,20,.jpg,640,480,RGB,f177b28e3593391032cd8c665a781723e3642f5c4d58c55625376faea9c0fc8b
data/real/20/IMG_1667839955455.jpg,0,REAL,20,.jpg,640,480,RGB,0eb1e01da74b3469b87d41ac9ed1ca39840eacec3429715f79e4ee2d2e564e9d
data/real/20/IMG_1667839959179.jpg,0,REAL,20,.jpg,640,480,RGB,0ea323b190dcc66be922fc83956a9c0fe2d6fd9430ea9a7ad402bb8a78140bd8
data/real/20/IMG_1667839963944.jpg,0,REAL,20,.jpg,640,480,RGB,3f0d20aec27fa31a8f4633603c045640a75d617e248a72dc9b6f543f67b55b61
data/real/20/IMG_1667839967928.jpg,0,REAL,20,.jpg,640,480,RGB,f72e6c096eb11c97e0668c6d107b7029e60e9302637ffd2ee85922e9188ab599
data/real/20/IMG_1667839972958.jpg,0,REAL,20,.jpg,640,480,RGB,4f494d20944d4890ca615bc5183dd2a8f9ab3df83d04cde4c2ef9c2fc1ee5553
data/real/20/IMG_1667839977960.jpg,0,REAL,20,.jpg,640,480,RGB,3521c83464d61d0d447f1f95bbfe1be408d58b877cf19ce15d9e86e3cc8be60f
data/real/20/IMG_1667839982913.jpg,0,REAL,20,.jpg,640,480,RGB,576724d646315e49af23673c56f17c8c50ebaa9a2a7d90789ae38d1489f09132
data/real/20/IMG_1667839987522.jpg,0,REAL,20,.jpg,640,480,RGB,f47fca522626c7b4e5e55a43b0003c8943eb77f1eb475ca6ee27d530a29ec43c
data/real/20/IMG_1667839993447.jpg,0,REAL,20,.jpg,640,480,RGB,3e58b2b4e691a1ffcb55b16b60329a42c8a7c5bf2a17227cf745dfa3f2205d4f
data/real/20/IMG_1667839997017.jpg,0,REAL,20,.jpg,640,480,RGB,3bd11040682b020a030ce3540177dc47cfcc91f86098ce7eb34e46e5a8a1dd5b
data/real/20/IMG_1667840001463.jpg,0,REAL,20,.jpg,480,640,RGB,06305e8d780d160e2197aecf270f5c9b8eaeef8c09658ba776ffaebfeedae890
data/real/20/IMG_1667840011591.jpg,0,REAL,20,.jpg,480,640,RGB,e21b44129108b5ada5a0d223bf1f23091a65b4f70165c715826a56f1e4252596
data/real/20/IMG_1667840015516.jpg,0,REAL,20,.jpg,480,640,RGB,dbbc1b5e0d5ef361dc9a4ef2e0c7758adad7e7d87d6079d5cf688ed7b7a2ac70
data/real/20/IMG_1667840021765.jpg,0,REAL,20,.jpg,480,640,RGB,c534c761b71eef6324fbd39c8c9c18995032b151bf84808046c8d846a14e02c4
data/real/20/IMG_1667840025749.jpg,0,REAL,20,.jpg,480,640,RGB,0e5316d5dea6bd2e03ef4bae6123a49c3e25839e2edd426e120f7779d7dc7f34
data/real/20/IMG_1667840043976.jpg,0,REAL,20,.jpg,640,480,RGB,1a9593b211cc8465d45deacb0bd47e8f0801c15f770ed9d4dd47a726d0c5d830
data/real/20/IMG_1667840048558.jpg,0,REAL,20,.jpg,640,480,RGB,531f14fdd127647a7d28a7eb14cc84bf5427a8f9e6e962b2f0d2cdafb9d4f584
data/real/20/IMG_1667840053392.jpg,0,REAL,20,.jpg,640,480,RGB,06517cfe524e2353cc17c4e2e5fd76666f1f251e03ef414fa158bdb990003b46
data/real/20/IMG_1667840065307.jpg,0,REAL,20,.jpg,640,480,RGB,f4edfd150f5c440484e7e9a013f7ea6c359adda510e06708586080849a3f7e70
data/real/20/IMG_1667840069537.jpg,0,REAL,20,.jpg,640,480,RGB,559c35a20f65954a681e1f9a74fb6f98612fe7b666475d33d4d948d933ca0612
data/real/20/IMG_1667840075417.jpg,0,REAL,20,.jpg,480,640,RGB,6d13f2b80b5651c7e3bf84a2056f4d2580bc4c713d1f24e59c90ad819048f918
data/real/20/IMG_1667840095631.jpg,0,REAL,20,.jpg,640,480,RGB,e78459e0e336945e52e697082ef069ef2cf4c7fb8f363fc606cb418de7e150c9
data/real/20/IMG_1667840099234.jpg,0,REAL,20,.jpg,640,480,RGB,d7e71152061cf122ffad8875d6227aea9595cc4f6f5535f28465aa62392cdc1e
data/real/20/IMG_1667840103185.jpg,0,REAL,20,.jpg,640,480,RGB,82f93d252a65bd51ae27305c4418477e05b60f35508be39b6b97f4f3ca9b92ee
data/real/20/IMG_1667840106601.jpg,0,REAL,20,.jpg,640,480,RGB,af96c72f65a96eb8b4237b66d1094cbaf9953db19fa1168d5da3ea7c814fc091
data/real/20/IMG_1667840114793.jpg,0,REAL,20,.jpg,480,640,RGB,f355dc103f4cd193edbd67cf357437bce73aab18505c059b30df06796e189c09
data/real/20/IMG_1667840118872.jpg,0,REAL,20,.jpg,640,480,RGB,c16b9437d941cd73a1bea9fc8a372616b76988b59b52711ae89f30f09b623de1
data/real/20/IMG_1667840122133.jpg,0,REAL,20,.jpg,640,480,RGB,e048855d53bc50b7d69415a4c0004a5c83c409fe121f31675c721fa1f770a0bc
data/real/20/IMG_1667840126421.jpg,0,REAL,20,.jpg,640,480,RGB,a29db79954240a2da8cc39e8888e001d0b37ddccc0c2161d68dae652bfdfe145
data/real/20/IMG_1667840130393.jpg,0,REAL,20,.jpg,480,640,RGB,2f3c06d1aefce5736d8f8eb10264f42214b1ac87642b7de0b4079ecab034616a
data/real/20/IMG_1667840134691.jpg,0,REAL,20,.jpg,480,640,RGB,9fc63893bec6dd672d6ee6ae1c72059ae1754400c971b5e429afad8b6a713c56
data/real/20/IMG_1667840144590.jpg,0,REAL,20,.jpg,640,480,RGB,3ed0656675fac1d0fe10e886fa92ccea770d76c401b0f2fb2225b78dee695bdd
data/real/20/IMG_1667840155908.jpg,0,REAL,20,.jpg,640,480,RGB,723af34a568527a0e8e0abfdf6e94f68e2d5c606209a9c2ea714d3238798598c
data/real/20/IMG_1667840159986.jpg,0,REAL,20,.jpg,640,480,RGB,ec2048a0b494dd24907c9422d597c4d4dbc706944f7554a8c7c9ce3e515f38f6
data/real/20/IMG_1667840170159.jpg,0,REAL,20,.jpg,640,480,RGB,fe499f09114f7df31d88b2a6be53dcc8a826fa7939da94aa7a26ddcc814a12c9
data/real/20/IMG_1667840177557.jpg,0,REAL,20,.jpg,640,480,RGB,cf329dabfea2f592c4fae7bf28275d258fa4aa53aabd04da7b16da0b1cf72e27
data/real/20/IMG_1667840185738.jpg,0,REAL,20,.jpg,480,640,RGB,81fb2a2cbe3a6d5fff460a405dfb301cbf644104f01774856c6ba7250427eafd
data/real/20/IMG_1667840225218.jpg,0,REAL,20,.jpg,640,480,RGB,9de1c77e205e1b234b61fb2bdafe45edb223575d02c7da7ee44f3a13eed09549
data/real/20/IMG_1667840228803.jpg,0,REAL,20,.jpg,640,480,RGB,4a11daaa7090430d58f9a3396065b08e2f0d3ada24c52ce8c839078389272f82
data/real/20/IMG_1667840240814.jpg,0,REAL,20,.jpg,640,480,RGB,bbcebcd415a958bc0bb658ab14d651486515dfb194515af5a04d3c325676a01d
data/real/20/IMG_1667840254005.jpg,0,REAL,20,.jpg,640,480,RGB,36a61da577e0d8057a47c296c3707420ecb618c91e83cab0c09b3ffc14323af5
data/real/20/IMG_1667840256928.jpg,0,REAL,20,.jpg,640,480,RGB,23f8fadf4eaa0aa75601abbde12700ff6f2a1b1f4edaf04f446b9c3dc7545d36
data/real/20/IMG_1667840263523.jpg,0,REAL,20,.jpg,640,480,RGB,0fa0d58fd9b2d0278688835c4a8ce60a0786ed71503daafce49aa8af8eff876f
data/real/20/IMG_1667840266896.jpg,0,REAL,20,.jpg,640,480,RGB,8b962fd9abce67255d3fc84b4f17a32b896822cb87b8df6171f44fcdf61944e7
data/real/20/IMG_1667840269918.jpg,0,REAL,20,.jpg,640,480,RGB,5340054f4b522157b9b7c6e1714bb8dbca2f3e1f6bbdbe01c4f366c8cb1870d5
data/real/20/IMG_1667840273501.jpg,0,REAL,20,.jpg,640,480,RGB,82030d984713a8159dc3065fa174299a93fc5f016c64aac9a7c9ea120c0905e2
data/real/20/IMG_1667840284245.jpg,0,REAL,20,.jpg,640,480,RGB,164a7d582e3a820b34d3ecdac27837b65c426acc75e798e95694e33d61a35bee
data/real/20/IMG_1667840287710.jpg,0,REAL,20,.jpg,640,480,RGB,bacca9ec15a668f4bc9c87cf3d07ea8e2d447d85ee86ce3f6fdfeb140fe075c1
data/real/20/IMG_1667840291179.jpg,0,REAL,20,.jpg,640,480,RGB,e040edfc9bfdc713c269f7b4b0353e636551376c07e29969262d72a596197a0b
data/real/20/IMG_1667840303905.jpg,0,REAL,20,.jpg,480,640,RGB,f36389ec155972e4943d8992043c20d2a30b30bf935e837122519be9a53c335c
data/real/20/IMG_1667840316247.jpg,0,REAL,20,.jpg,640,480,RGB,30498df9bac2627a42d6200d340f9c304310e179e937444ec7c1cb9f1ae194ac
data/real/20/IMG_1667840319873.jpg,0,REAL,20,.jpg,640,480,RGB,0d4e32cfa7225b3ae2385da9f1d2b66c5f1fe2f5855e1778f9b5318bc16b00ef
data/real/20/IMG_1667840323094.jpg,0,REAL,20,.jpg,640,480,RGB,c0c69da1bd28ef0cedc94529f2f49a5c9a78df3266655e0f9d44ac421bd94f02
data/real/20/IMG_1667840327138.jpg,0,REAL,20,.jpg,640,480,RGB,9ad2ae9320ba347f4d5f00b409e63e61ad8f7e5e476a3b4fed1fdb331c3a4df5
data/real/20/IMG_1667840331172.jpg,0,REAL,20,.jpg,640,480,RGB,54e265f2e90b5ca7b6eaa5dddbabbebf6ab34a775e7fc63796c10b5d79792c03
data/real/20/IMG_1667840336845.jpg,0,REAL,20,.jpg,640,480,RGB,b9dca2856e86fbd71b05ab8779bf901f9cc2dc92ddf56a005e0b168ca08b2595
data/real/20/IMG_1667840341726.jpg,0,REAL,20,.jpg,640,480,RGB,a7b6de1c6c8f3c6d94cc25b57684329fce99e1041a1729efc1d6eabc12ca3b12
data/real/20/IMG_1667840345628.jpg,0,REAL,20,.jpg,640,480,RGB,56391f83c0047e0620fb7b566fa195099bba9dd0bbfc564c2fa074b46b85800b
data/real/20/IMG_1667840349461.jpg,0,REAL,20,.jpg,640,480,RGB,86f282312e3b2dc40933f974ac44c1f0dfa88e0ed3074fd7eb51b66bbd046ddb
data/real/20/IMG_1667840358892.jpg,0,REAL,20,.jpg,640,480,RGB,3a14d731777c8d9f1c6151a2d45a768528cda8b1b1c929256337fa966cd20600
data/real/20/IMG_1667840362916.jpg,0,REAL,20,.jpg,640,480,RGB,efdf3c900b7aa07f67c28b04aee8b3d3aa881af1d9e25f9bade8ffe8dd27e9d5
data/real/20/IMG_1667840367381.jpg,0,REAL,20,.jpg,640,480,RGB,ea7cf0d50dbbcf485a5d0037191c3f86b2b948b3db54175ce4b2987fa2d59a8f
data/real/20/IMG_1667840378077.jpg,0,REAL,20,.jpg,640,480,RGB,489b9547571b9270a0a3e014cf53329a6533b752efe119d05181d1f7ee206fa9
data/real/20/IMG_1667840383173.jpg,0,REAL,20,.jpg,640,480,RGB,52d82257e677ff669ef0427f0ec1f2f2964f958b9be82ff6382f49dbedee3261
data/real/20/IMG_1667840387869.jpg,0,REAL,20,.jpg,640,480,RGB,36c71c524e896c8839e6c3c036c9b63f98568f6730a513d1ab1f83a3da821247
data/real/20/IMG_1667840391884.jpg,0,REAL,20,.jpg,640,480,RGB,21a7b2c1d0b667d565c905665fc23b4834f2413087bab701dde9787e2c73fbb6
data/real/20/IMG_1667840402295.jpg,0,REAL,20,.jpg,640,480,RGB,3f55bfab4984d2629879594ce702e3d2bc9b0700acdebd8770a5d960613216dc
data/real/20/IMG_1667840407977.jpg,0,REAL,20,.jpg,640,480,RGB,50f89b5c012ee384791be0af05fe1a1b4aa2848768f3ef09f03fc5881e240e37
data/real/20/IMG_1667840414478.jpg,0,REAL,20,.jpg,640,480,RGB,66e18c56b947ba0ca6954f5713c6d6973d4efe05b4a8dacc785cdd7e95f6b7a6
data/real/20/IMG_1667840421974.jpg,0,REAL,20,.jpg,640,480,RGB,493c4acd64206911cc680b51aaca7cee5dbbe41828b2ccf72471bffcf26d41b3
data/real/20/IMG_1667840426363.jpg,0,REAL,20,.jpg,640,480,RGB,a833a4a15a6bcc838076bce124dc2aeee39c0a86a945beb6de7b67df37ba1c9c
data/real/20/IMG_1667840480879.jpg,0,REAL,20,.jpg,640,480,RGB,ef39543b93d58206f075d6e8647e864768c76308797e7f890a91ebc65db42d0e
data/real/20/IMG_1667840485362.jpg,0,REAL,20,.jpg,640,480,RGB,9dde91445e062523a592a51778022e75f0ab9e6a3b877c9a90aa5470fb798207
data/real/20/IMG_1667840489311.jpg,0,REAL,20,.jpg,640,480,RGB,070296b609d2f0b501d97172e343d0cbecc678fe0a0a46c4d860cfcb59357218
data/real/20/IMG_1667840497054.jpg,0,REAL,20,.jpg,640,480,RGB,cdca42a19031b2c08dd22337dbcbfddc444b7d02c8e4759bfd29b901c9d1f672
data/real/20/IMG_1667840504652.jpg,0,REAL,20,.jpg,640,480,RGB,6a20bf8aefaae2bab39b1d9adefac08f8e2304a70a8bce1f7337dd25c949c752
data/real/20/IMG_1667840509344.jpg,0,REAL,20,.jpg,640,480,RGB,b6a1ad78f09001f0f0df36dd2f852da832f955b9611373d0fa68e3a9b69aab9f
data/real/20/IMG_1667840513805.jpg,0,REAL,20,.jpg,640,480,RGB,a0bfd963932a04570c77200e5be3c3740be462c58f64d64064946c46e798f913
data/real/20/IMG_1667840517973.jpg,0,REAL,20,.jpg,640,480,RGB,ee4605d5b7d7a541dae00cbf18427b8d3e88ce9c5ea2d2ee123ab3d81734dd40
data/real/20/IMG_1667840522491.jpg,0,REAL,20,.jpg,640,480,RGB,f873daa6028762901f4f78467acddb87f93388592f5455c0686a0477d6f7ba32
data/real/20/IMG_1667840526756.jpg,0,REAL,20,.jpg,640,480,RGB,32fb53132050ac15b916b8d7d52f1d10532602b497ba4f506b5b013129621ca5
data/real/20/IMG_1667840533448.jpg,0,REAL,20,.jpg,640,480,RGB,659bc1f0a72a4258823364fcb0863551595f2a932b4173b1f4a9ab39c246b313
data/real/20/IMG_1667840551741.jpg,0,REAL,20,.jpg,640,480,RGB,4f89c211c91631b255878db354c8ab1d514bb1d8b24c84de282e5259de749c8d
data/real/20/IMG_1667840591802.jpg,0,REAL,20,.jpg,640,480,RGB,35a44affe0030014da4440c70193adfd13ca29820c06bba1584e9f53beff9504
data/real/20/IMG_1667840607323.jpg,0,REAL,20,.jpg,480,640,RGB,64c773a1b99beeeb43cbb625d341c7b0532825f688d0d8e44ea9b2ab0ec4dec6
data/real/20/IMG_1667840665880.jpg,0,REAL,20,.jpg,640,480,RGB,92f35f5a97292d6f4413d62c92ef56decc0ff07379536f33e357882dbd10bb6e
data/real/20/IMG_1667840672344.jpg,0,REAL,20,.jpg,640,480,RGB,b634b0f7bd45e282b18b63790b6765cefcfbc1cf07261a50347171ddf3b5c093
data/real/20/IMG_1667840677338.jpg,0,REAL,20,.jpg,480,640,RGB,aeb43d9d3f0273cc62c2df3d1b36ad2add231fffebe5ba698786116222576a0c
data/real/20/IMG_1667840680979.jpg,0,REAL,20,.jpg,480,640,RGB,9d69910df06c415984d37752e669b0ef52a0bc80a19f71a86e62267309113bd4
data/real/20/IMG_1667840686004.jpg,0,REAL,20,.jpg,640,480,RGB,463dea359af9b194c150db06278e6e6914c2789d1b8ef8fed91acc600292f0e4
data/real/20/IMG_1667840690842.jpg,0,REAL,20,.jpg,640,480,RGB,fdb141e34a9d61a21e5c2a23e34a75324b0ab5285f81f3259add3846cb6e2c63
data/real/20/IMG_1667840695703.jpg,0,REAL,20,.jpg,640,480,RGB,01c07c81be0054ace610535002add59316954474c0345d523d7f9a056105f6ac
data/real/20/IMG_1667840699899.jpg,0,REAL,20,.jpg,640,480,RGB,b5a45fc489f5a5ea0f5b7c4e8e94c66e8f9d6fdd2860b30c92bd60a4b3a5afaa
data/real/20/IMG_1667840704332.jpg,0,REAL,20,.jpg,640,480,RGB,e0ca48a93cc56a7579da7ab137fe54a3fa29346b536e67f6aa569604c06c9fd9
data/real/20/IMG_1667840708607.jpg,0,REAL,20,.jpg,640,480,RGB,4a0a161b40be546062a37cae6ef669f13584cb4b3585ca58533e513a1f9f1e7f
data/real/20/IMG_1667840728696.jpg,0,REAL,20,.jpg,640,480,RGB,08957f627998a61fa97ad8a66882d1837f685438f62ed28d0af53f00a012bdf9
data/real/20/IMG_1667840734095.jpg,0,REAL,20,.jpg,640,480,RGB,86cf170d17a5207173a47ba7ca7403a458a9d7ab9ec3be84eda928eb618876fb
data/real/20/IMG_1667840738791.jpg,0,REAL,20,.jpg,480,640,RGB,f850ba39562e8cc198a628fa68f0388e1bb9f9782dc62dc54a9813adbc440117
data/real/20/IMG_1667840748012.jpg,0,REAL,20,.jpg,640,480,RGB,0552718b76a7bc0aebf6f6fc9048bb74589844c17363be32cf682a41ddf700a3
data/real/20/IMG_1667840752016.jpg,0,REAL,20,.jpg,480,640,RGB,d94c01bd968cfd625312e1068dfd9bb0a97f7a15e713e9452508a0524ca40b4e
data/real/20/IMG_1667840756167.jpg,0,REAL,20,.jpg,480,640,RGB,303cf90aa7a20c1191a7c2e0d727bb92b9e11bb48e2612988d60a02ae1c27528
data/real/20/IMG_1667840761744.jpg,0,REAL,20,.jpg,480,640,RGB,db712553a2334be39e6c8fd4a7b8033f23cd0f2bba8402ad1787f73472d6531c
data/real/20/IMG_1667840770714.jpg,0,REAL,20,.jpg,480,640,RGB,6ab49c9b3d0abb0c8ac74cd8b619eafcdd220e4af2d2ee477ff2a3e1c9f8a802
data/real/20/IMG_1667840779994.jpg,0,REAL,20,.jpg,640,480,RGB,e7b22e49c550dc6f8942d3fb0e6794eb61982a8b4d3242ae62223aba48bafe4d
data/real/20/IMG_1667840786812.jpg,0,REAL,20,.jpg,480,640,RGB,7d0181875c0d6e685e9b794f219a6c925cad46018efacb6a483aba53c3cbfd23
data/real/20/IMG_1667840793837.jpg,0,REAL,20,.jpg,640,480,RGB,482a5d742c05df81c7069e9543cb3a5165552dcc83c6a2af7015dc74c37ea57c
data/real/20/IMG_1667840799332.jpg,0,REAL,20,.jpg,640,480,RGB,7ad16e87605b2217071132658af33336fce22b6e1260092b633a07427a7d438a
data/real/20/IMG_1667840829294.jpg,0,REAL,20,.jpg,640,480,RGB,202aa8a81b75836cd0b5b07f694f03bef5999e63ae271f76c7f2f2dcd7de5cab
data/real/20/IMG_1667840833698.jpg,0,REAL,20,.jpg,640,480,RGB,1a9a41657c579a23d896885d8d3459f144f4a30b126a970729e38a0ad1bc7a45
data/real/20/IMG_1667840837662.jpg,0,REAL,20,.jpg,640,480,RGB,126f209f98980b0d262f2ecd8c8a0cce22e0d37681d28547d282b272c69c7406
data/real/20/IMG_1667840846790.jpg,0,REAL,20,.jpg,640,480,RGB,21235a0e77f9fe822e75f27da20adb7439bc55638ca9cc11c38119f6ad7e7e30
data/real/20/IMG_1667840850336.jpg,0,REAL,20,.jpg,480,640,RGB,b360b2ea2ce65c1f2fa76ddc6f315230e8951587b45d6a66734087a8193777bb
data/real/20/IMG_1667840855140.jpg,0,REAL,20,.jpg,480,640,RGB,c1150d447865b924e357cdfd02afe03841fea7e6093afeca86ec8f2dfaeb58dd
data/real/20/IMG_1667840859815.jpg,0,REAL,20,.jpg,640,480,RGB,a6c3c916166746ea265b8d311ec00c6c6152cad1b82ae5478bcd4714ddb94ac8
data/real/20/IMG_1667840868703.jpg,0,REAL,20,.jpg,640,480,RGB,6b2a9bc77f331641a320203da5f57f7ec85e90f10dc00e1e9907ac97a76264b0
data/real/20/IMG_1667840874388.jpg,0,REAL,20,.jpg,640,480,RGB,34dff3bb459ba02dca32ec8a1bce310e26ea985173e88377682517e2edfa2399
data/real/20/IMG_1667840878962.jpg,0,REAL,20,.jpg,640,480,RGB,ad70b4687d93c36fba1916ada592fb53bc166e90d94cb93cf6938883f7c01fc7
data/real/20/IMG_1667840921011.jpg,0,REAL,20,.jpg,640,480,RGB,48c26165754446f556faff8a415c023237010b5b775cdfab0ca3b1e5a263bfc4
data/real/20/IMG_1667840924519.jpg,0,REAL,20,.jpg,640,480,RGB,c1d8f9bfed532a4c8c187792eb46665319ee14351b9e1da58508b0b34d21e405
data/real/20/IMG_1667840930644.jpg,0,REAL,20,.jpg,640,480,RGB,3a094dd61222007c16165090d68c4d7bae644c16df5fc519e310ed0b75fdeb9b
data/real/20/IMG_1667840940485.jpg,0,REAL,20,.jpg,640,480,RGB,dd6bfb31696f72d3fda52e39c85014a036bb6a8d29d723aa4832a2c065c50ebb
data/real/20/IMG_1667840954968.jpg,0,REAL,20,.jpg,640,480,RGB,a1ea2f965d50c4fec26e4ea1246b823a8a0a063754905118a9ed38b56b5f1fe4
data/real/20/IMG_1667840958834.jpg,0,REAL,20,.jpg,640,480,RGB,a50a88980a4f244af221b664cac2a7f5fb9ccd255129e18f9d613e1afb827f88
data/real/20/IMG_1667840985342.jpg,0,REAL,20,.jpg,640,480,RGB,5375fea79e8af2b39117121e07a168710bfd5ecec38b81fda7d6651530c0c8cb
data/real/20/IMG_1667840989175.jpg,0,REAL,20,.jpg,640,480,RGB,700eb500f8e609118cf2e7ed424104c3ff5af3b849d50ebe29053d8bf32fe884
data/real/20/IMG_1667841004056.jpg,0,REAL,20,.jpg,640,480,RGB,81778a1dee434c89061b089071f60543195805defa3b66a70b8288909cf4d237
data/real/20/IMG_1667841040630.jpg,0,REAL,20,.jpg,480,640,RGB,a202c0bf64509ca2480bff96deb4a5ab11d4f9a42aeab882e30c03ec794e088a
data/real/20/IMG_1667841044401.jpg,0,REAL,20,.jpg,480,640,RGB,a99b82685b3a948e1662d0053031a31b3dda899767ecff1a8d94203370c0b010
data/real/20/IMG_1667841048337.jpg,0,REAL,20,.jpg,480,640,RGB,46dcad40325619a60a23a25b07825d5ad5e559a0bc5daf8cfd000563a3efa2b1
data/real/20/IMG_1667841051655.jpg,0,REAL,20,.jpg,480,640,RGB,05f1575960634760ebe2a66924b61b76147cbd6e4e8ce7d0f8cf1e5e8d072803
data/real/20/IMG_1667841070984.jpg,0,REAL,20,.jpg,480,640,RGB,feea65911c1ff615843c2dae19e60d36f66c1b79599cb4d32e9cb6bdf57e2278
data/real/20/IMG_1667841073182.jpg,0,REAL,20,.jpg,480,640,RGB,b0cb1c33d1711cf30c16eabeeb02a6003a18e7965bd0a622d7df0acb8b02e716
data/real/20/IMG_1667841077707.jpg,0,REAL,20,.jpg,480,640,RGB,6112f9ac767937d77e2825dd09d3f312e72d5d0536cb1cfbd62bbc5c1f8aaeea
data/real/20/IMG_1667841081593.jpg,0,REAL,20,.jpg,480,640,RGB,3f4aaf62b225fe06524fb2448aa997f55de7cfc62b22a8ba7612292cfd861ab6
data/real/20/IMG_1667841085958.jpg,0,REAL,20,.jpg,480,640,RGB,b0f91b464b4b4a4008d8079facfc52ed23475684805f4b9b5aebedf9ae00cafe
data/real/20/IMG_1667841089072.jpg,0,REAL,20,.jpg,480,640,RGB,e874beb2c91b0d8e36a89baabd2886a3488d2b3dcca075edc3db2ed613eac8b2
data/real/20/IMG_1667841096392.jpg,0,REAL,20,.jpg,480,640,RGB,0c60846184da84172b54ac3f501e24891f2c82e0fa58aba15e68de6c418b468a
data/real/20/IMG_1667841100970.jpg,0,REAL,20,.jpg,640,480,RGB,49051d1d622d374aa112ac10788157c4d653ac18bcc7c41320893080e3efe33f
data/real/20/IMG_1667841103838.jpg,0,REAL,20,.jpg,480,640,RGB,905e2e75e06a9e208bbca2f3513ffd8fdec5b8531484c4401e7035f648d0713b
data/real/20/IMG_1667841109309.jpg,0,REAL,20,.jpg,480,640,RGB,289f8dfa391fe55cf060edc1d2114088f850f549c71a0baed137fffa0402a314
data/real/20/IMG_1667841118567.jpg,0,REAL,20,.jpg,480,640,RGB,62882b39ff08b86463773e6daa25b5001aa048fe0f9aba69ce036ac4f5a7d541
data/real/20/IMG_1667841121719.jpg,0,REAL,20,.jpg,480,640,RGB,09881041c49ccbd7ac88fa3c4892204b80abdfdecd94829e925a2c108b694b31
data/real/20/IMG_1667841133585.jpg,0,REAL,20,.jpg,480,640,RGB,74bf3099936ea38c4fbb3042dbe6a7d3c78357c370a51df62f7b2d41eafc3398
data/real/20/IMG_1667841141246.jpg,0,REAL,20,.jpg,480,640,RGB,e41fdc0eee182935752c0c382c056a794bbf2d787d36abff1818bc6744094756
data/real/20/IMG_1667841165442.jpg,0,REAL,20,.jpg,480,640,RGB,62e06434a2c880206d46b46449783f23c94c5539d079f4a4e4ad9bdaf6d58403
data/real/20/IMG_1667841190898.jpg,0,REAL,20,.jpg,480,640,RGB,b27cbe3efc748be494b978f3cceef349ec4c7dfea72a846d8d759428a609122e
data/real/20/IMG_1667841194948.jpg,0,REAL,20,.jpg,480,640,RGB,b377f47bfae0ed2943555665e825ca2d68c00eda78ba84d96cef0af69a22ae29
data/real/20/IMG_1667841200077.jpg,0,REAL,20,.jpg,480,640,RGB,3daf6e6e811e1788d099e7c2673d1d3246ec6afb6b5e8a47b11b3cf90bfdb7af
data/real/20/IMG_1667841207766.jpg,0,REAL,20,.jpg,480,640,RGB,2173d5ad8d79936588677b5de409850b0426484fa78f85d63f3348131c71f46e
data/real/20/IMG_1667841220527.jpg,0,REAL,20,.jpg,480,640,RGB,aa766736985c63b257f7122c5fef32f8e87fd45255099156640e7309705f1471
data/real/20/IMG_1667841232963.jpg,0,REAL,20,.jpg,480,640,RGB,9014bf455ee07b5525eccd117d90a9ea20eee4fad21756c56aa36052bab02dab
data/real/20/IMG_1667841239281.jpg,0,REAL,20,.jpg,640,480,RGB,eb165517978fc7aca41fffbfa92471f3b33e43e901e99fbaaf6ffcaf07454fad
data/real/20/IMG_1667841268042.jpg,0,REAL,20,.jpg,480,640,RGB,7c8e81f8310d98cd5cd5c90d989207240a45256e486ece5f8922eab2c3772f7c
data/real/20/IMG_1667841283588.jpg,0,REAL,20,.jpg,480,640,RGB,fb5f1e6d489a3f41dce464679eac8f250665ed118105fcccac0fa3bfcf068829
data/real/20/IMG_1667841286623.jpg,0,REAL,20,.jpg,480,640,RGB,14d73092c66fd666306ecb8a331b49a89398ac2a194df8e21c9f8766f6cd7c71
data/real/20/IMG_1667841295287.jpg,0,REAL,20,.jpg,480,640,RGB,7580467fd6b1da9fa0ebe40be75e965bd200e1c42755362e6314778d06dbd959
data/real/20/IMG_1667841302629.jpg,0,REAL,20,.jpg,480,640,RGB,42dbd4028ffc15621244fd140141d7a4bf8a5e2570a779873665887eac876fff
data/real/20/IMG_1667841306383.jpg,0,REAL,20,.jpg,480,640,RGB,f680dbddd6f56ecdc099cdc7ed5c897891453f72d968a52a1db007802f456706
data/real/20/IMG_1667841560429.jpg,0,REAL,20,.jpg,640,480,RGB,54b099e6ae971cdd014f1ee2c85576f7b195f873bf0d96c83cc284f211297c6f
data/real/20/IMG_1667841565044.jpg,0,REAL,20,.jpg,640,480,RGB,a059a8cdbd22e0f44e456790ef7130d5462dd63bb3dc16da8c78b685afb8ec19
data/real/20/IMG_1667841571328.jpg,0,REAL,20,.jpg,640,480,RGB,eaf98983394c3bb04f668a01a5afd4d9cd60104f6c3ee05756a37aa830ff096c
data/real/20/IMG_1667841579360.jpg,0,REAL,20,.jpg,640,480,RGB,19a77855d51ba091fb567126bfcc7d5c6f87a0ef87607e71776a7a4e9800af88
data/real/20/IMG_1667841593471.jpg,0,REAL,20,.jpg,640,480,RGB,8b76119a94dd6422ff004599e12631558d5bd8a0d8323172dea4d870fdc1f141
data/real/20/IMG_1667841623177.jpg,0,REAL,20,.jpg,640,480,RGB,78a446838bf20cae3c2cec7d7ec3e758f55d16235fed77a0c7107fb7c92dd6d0
data/real/20/IMG_1667841627816.jpg,0,REAL,20,.jpg,640,480,RGB,1ab919c74ad688f387dc1269c8d7445b61740d5f3e1c2872b06e1b11d2fdd11b
data/real/20/IMG_1667841632729.jpg,0,REAL,20,.jpg,640,480,RGB,82107934871360c7a8378fe7be2cef15fb8922d743a50efa2d407cdba770967c
data/real/20/IMG_1667841638020.jpg,0,REAL,20,.jpg,640,480,RGB,f48567bae89bad1f435910f9e26663843d6d565e309d9ce57e7390bca7976580
data/real/20/IMG_1667841649078.jpg,0,REAL,20,.jpg,640,480,RGB,111dee97542f6ff32672ed51da0eb6efde747ab82550bbb1df365556f6bad3dd
data/real/20/IMG_1667841661297.jpg,0,REAL,20,.jpg,480,640,RGB,0a0b72bb0d3dd3faffb2e3b9b42d5ee99b757eae3dc54cfe29f4a3a48b3e7808
data/real/20/IMG_1667841664527.jpg,0,REAL,20,.jpg,640,480,RGB,a140eff78e8f56b196597072e275eeeb0fc9eea6b01253882a1d339a9328a9ab
data/real/20/IMG_1667841731781.jpg,0,REAL,20,.jpg,640,480,RGB,c5d5f72b0fbdf95c57de42e7c53bf00153e4a5665ab9bd716c9376a3ea5a782e
data/real/20/IMG_1667841736565.jpg,0,REAL,20,.jpg,640,480,RGB,e60876736b3d970b5f7a9244ebb0f4031b122082256b50b39e87e09595e726b9
data/real/20/IMG_1667841746492.jpg,0,REAL,20,.jpg,640,480,RGB,92a6dfb42156ca842ad91ae03ed72670e8aee9f45490468611d6313e9fd37092
data/real/20/IMG_1667841752336.jpg,0,REAL,20,.jpg,640,480,RGB,4a9153dd3882ad999a5ea88ad070a5709fb04e6eca16db3873c86b690227a961
data/real/20/IMG_1667841756271.jpg,0,REAL,20,.jpg,640,480,RGB,97a84f1f253290adf712d2f9ebffcc919c6a34d7b33c3075df421cb3316e8fd5
data/real/20/IMG_1667841760667.jpg,0,REAL,20,.jpg,640,480,RGB,64a48ab8ffaf5227950a7f7ad5870c5c65770cacd1336d7e8f9f3b43c18be4c0
data/real/20/IMG_1667841764016.jpg,0,REAL,20,.jpg,480,640,RGB,173592e5af29ae23bb4138b337a19a7e6083964b57905f5f0e189762831ec64b
data/real/20/IMG_1667841768448.jpg,0,REAL,20,.jpg,480,640,RGB,f9c81bbb2ca0fc7a63ce4dbe46bd58354f4c7b98f4abb350c4bb7de8677188fd
data/real/20/IMG_1667841772378.jpg,0,REAL,20,.jpg,480,640,RGB,87d6ae927945f9c704757f7e68f929ea1d66aa071b8580ad084666ee2a96eac0
data/real/20/IMG_1667841783360.jpg,0,REAL,20,.jpg,640,480,RGB,172805e6137df019f22c07bcdc1326104edaf23fc5fbdb3e61b712de427a3e1c
data/real/20/IMG_1667841787745.jpg,0,REAL,20,.jpg,640,480,RGB,b609beee12e05549f6394c2e1b301cf1e376df88c269fe80ed3145da9cff2456
data/real/20/IMG_1667841809087.jpg,0,REAL,20,.jpg,640,480,RGB,d56be2492f0148da888e1268b7a415482a60e8d433e1c63dea6adebe7c5d331f
data/real/20/IMG_1667841822182.jpg,0,REAL,20,.jpg,640,480,RGB,1068a7db06c76e405a9ec2b93a84432bd42773224519470df5542384e97f33bf
data/real/20/IMG_1667841830318.jpg,0,REAL,20,.jpg,640,480,RGB,37316cdebed877f396c8cff090e20db2519deed7a013487936532b9629772f50
data/real/20/IMG_1667841834291.jpg,0,REAL,20,.jpg,640,480,RGB,3a1888e2e4f5c329a099c373effb145e4001a9e1cac153f364344e8621e9e3bd
data/real/20/IMG_1667841838447.jpg,0,REAL,20,.jpg,640,480,RGB,b1b80fb565d8df74b1e9988e21990f620b3a5e1d8b513167f56d44ee4879a17c
data/real/20/IMG_1667841843465.jpg,0,REAL,20,.jpg,640,480,RGB,1b4a0a1e7f1c80ae2366337e87cb45b9f8092fcfe963b7aef6849d4b551429e7
data/real/20/IMG_1667841850411.jpg,0,REAL,20,.jpg,640,480,RGB,89df7e3a3b8e75b24c4b83c2cdbbaa04cdfa5d228435089ed384bdddd22460bd
data/real/20/IMG_1667841854973.jpg,0,REAL,20,.jpg,640,480,RGB,3bf2623ff50ab0df4791c22d96c24bce5bb0bc7cbfbcb9ef88437f0f6adcdbf3
data/real/20/IMG_1667841876488.jpg,0,REAL,20,.jpg,640,480,RGB,e1db61e6ce75bdae26f67be9cd17abde13d88f1e1f748c1d79c382732b8b2d49
data/real/20/IMG_1667842409694.jpg,0,REAL,20,.jpg,640,480,RGB,f356c1ba9342622db05d06e9776d9a56e246510666b3fb25afeffb51f628b334
data/real/20/IMG_1667842431435.jpg,0,REAL,20,.jpg,640,480,RGB,82d6a0e8d31ab9f841d73e9d071551e313536933587337d6b76590e5f53b0a48
data/real/20/IMG_1667842448548.jpg,0,REAL,20,.jpg,640,480,RGB,3e2647af691bc52d60d9ac7d7e42513bd8ef77639fdbe02f6568d745ce47cf21
data/real/20/IMG_1667842469093.jpg,0,REAL,20,.jpg,640,480,RGB,e693215c5ccbf16a8148648c40e1e2d5518c2c130b2028fb2b69e248788b730c
data/real/20/IMG_1667842473237.jpg,0,REAL,20,.jpg,640,480,RGB,0b76e84e98d2eeded3956555e72e4b60123b4a67a113f85cd166f27f381067bd
data/real/20/IMG_1667842480084.jpg,0,REAL,20,.jpg,640,480,RGB,e5d91a58b774679d8b5d74ac5f05d853fbb31cdcf2314288d418fe73d4847a74
data/real/20/IMG_1667842484065.jpg,0,REAL,20,.jpg,640,480,RGB,413f45a0f5538974e81ff7d913c6a21019c050cd6315d70ab0acc115e1adf602
data/real/20/IMG_1667842488939.jpg,0,REAL,20,.jpg,640,480,RGB,da787930b75acc4a28e8aa0acb9ffdf60a51add7366a1ee1a589853067c47f3a
data/real/20/IMG_1667842501581.jpg,0,REAL,20,.jpg,640,480,RGB,9d3099113b9537453f459d6fb7e78b811b4ec0f47f763d470973d4c8c920875e
data/real/20/IMG_1667842505351.jpg,0,REAL,20,.jpg,640,480,RGB,9f4d531e631ce2105c7cd97068bfe413ceb056cbd2fe4c5935c52944f8fe24b3
data/real/20/IMG_1667842511544.jpg,0,REAL,20,.jpg,480,640,RGB,69931b2480ec789b2e34bf6b339d2b6d86223845e146bebee9f125e544954f23
data/real/20/IMG_1667842531329.jpg,0,REAL,20,.jpg,640,480,RGB,c74337cdb6efe4fb67b754780186b08154dc4722aa70a2f2346f2e4cbb7ec15c
data/real/20/IMG_1667842551094.jpg,0,REAL,20,.jpg,640,480,RGB,b874788ac57d48ac1ac478a31123835b41b163c2297dc8cb9deef366a498a74b
data/real/20/IMG_1667842566823.jpg,0,REAL,20,.jpg,640,480,RGB,f3f1a3e25d550beffe787ddd447780b022c89556deb3ca3341a4e8c4ca0d05ad
data/real/20/IMG_1667842611579.jpg,0,REAL,20,.jpg,640,480,RGB,fc316a72968bfe8f9e56e563eaa3485beb7f062e07b35aa4c2819f8455c4d972
data/real/20/IMG_1667842615431.jpg,0,REAL,20,.jpg,640,480,RGB,3701afc575567186519b8fd6b59f0d9a354a3825f6d54cb8eb35c1eb6030cc56
data/real/20/IMG_1667842621174.jpg,0,REAL,20,.jpg,640,480,RGB,16065badc2f46e9cad4546c2740eb2566e07947882da89bd27a5f9648567614c
data/real/20/IMG_1667842626556.jpg,0,REAL,20,.jpg,640,480,RGB,75ee35c457e663e772ba97c6aaa7ca6ce68912c9d48e785aab5f1b0f1453f928
data/real/20/IMG_1667842640411.jpg,0,REAL,20,.jpg,640,480,RGB,2d08e944e287fe0d456d8cbc8c2e0e94f60325346fe797549134183f5c0b7b89
data/real/20/IMG_1667842644287.jpg,0,REAL,20,.jpg,640,480,RGB,3af7dc85f4183de3b14f75a103cfaee84385ec0bdd9373fc68621377e36dd01d
data/real/20/IMG_1667842650381.jpg,0,REAL,20,.jpg,640,480,RGB,53f88dcd6c95c574c52e0a93778a8972709939895a91d27b01ca86c04a97c30f
data/real/20/IMG_1667842657712.jpg,0,REAL,20,.jpg,640,480,RGB,60a40d16c501593a0a16ebc13779dce0732a590ef94ae1b30bfc50cb19f1f8ce
data/real/20/IMG_1667842666787.jpg,0,REAL,20,.jpg,640,480,RGB,921ce649f1f6867ccb077244f7ff901c229359f4387dca54d227cc87b7ee517d
data/real/20/IMG_1667842671595.jpg,0,REAL,20,.jpg,640,480,RGB,3b19b5c7975f26a2d2697aa79c30ac11c24c60f7bc2e4a67070265b202be1a41
data/real/20/IMG_1667842676029.jpg,0,REAL,20,.jpg,640,480,RGB,b9417010313f2bc6e09cbbcefd85817fc626a2d8dd9ca9e8900b6146abfa5ffc
data/real/20/IMG_1667842685133.jpg,0,REAL,20,.jpg,640,480,RGB,0c944b2cfacbd4ebcfef4dd9c7d9745894075891b474327dc3092907c67a531a
data/real/20/IMG_1667842694224.jpg,0,REAL,20,.jpg,640,480,RGB,51e87f446127b5499338e2af82f9ffa781b157aa2add12f3df9d44514743cab1
data/real/20/IMG_1667842698788.jpg,0,REAL,20,.jpg,640,480,RGB,bfd53a558a6f7638dad0e8921340c9b9e3f4bbfa64e5aee6585ecb9ca23efb25
data/real/20/IMG_1667842732238.jpg,0,REAL,20,.jpg,640,480,RGB,b6973b036da901f36a10f166c9d49fb7a104f866efe23ea8c5a6350e777938c3
data/real/20/IMG_1667842736754.jpg,0,REAL,20,.jpg,640,480,RGB,3b129102d2da0284e6d868e62adffe13b5b27eb35c8ff3c53ac680890a9c818d
data/real/20/IMG_1667842741424.jpg,0,REAL,20,.jpg,640,480,RGB,4077b6711fbcff011bf28de272d940a6ca5bd889aded3ebaf459f989c84d8761
data/real/20/IMG_1667842745437.jpg,0,REAL,20,.jpg,640,480,RGB,7aab101b578f1cc918a1f4a8841cd6836f4f9f0786e0a2347901e6700a9f4bee
data/real/20/IMG_1667842749873.jpg,0,REAL,20,.jpg,640,480,RGB,9000da5b70185f7ee949bd6f183621e17d384995a45e10a77d9cac004bb67b9c
data/real/20/IMG_1667842761690.jpg,0,REAL,20,.jpg,640,480,RGB,6cf2ac531314d25312e81052f093c3ddc6afd3658536493dcb7a77fba5913e2d
data/real/20/IMG_1667842766863.jpg,0,REAL,20,.jpg,640,480,RGB,77a6ef66e4f721816fdeee894accc3952e60a24830a3177b146988abaee2dba8
data/real/20/IMG_1667842772345.jpg,0,REAL,20,.jpg,640,480,RGB,96304c2acfcb216f34ae644e584b011eb3839886fec1ea60872838d05b941524
data/real/20/IMG_1667842782064.jpg,0,REAL,20,.jpg,640,480,RGB,02ed641a7f3fa000d671706cd6d03f4bd50200884249fe7e52533da0c3d13760
data/real/20/IMG_1667842786543.jpg,0,REAL,20,.jpg,640,480,RGB,c36fa601db3c478928e020a01043230fe3f5a9503eca2b5cf6ffd79577a42fc0
data/real/20/IMG_1667842790925.jpg,0,REAL,20,.jpg,640,480,RGB,a633cc0e1382d5783327a6c709cd0e1a366efdc0dd8d077167d2d8e0fef068f0
data/real/20/IMG_1667842795357.jpg,0,REAL,20,.jpg,640,480,RGB,45e36dee8d8c38f39ca91cb67d395c51fd5b87d6188e7bbbd70c5b3092fa32fe
data/real/20/IMG_1667842798766.jpg,0,REAL,20,.jpg,640,480,RGB,2e228800bc0a86ba99013a96c0d80ce19d497d5712330f6dec09e893ddbcee4e
data/real/20/IMG_1667842802811.jpg,0,REAL,20,.jpg,640,480,RGB,c72ed4e671ec87d8a434f663093875d85a37566f0466e0db09856cf4e34f58bb
data/real/20/IMG_1667842812647.jpg,0,REAL,20,.jpg,480,640,RGB,667fd2ce57e38efeaf08939a9e8a8e06a2f86175c984d791f836b575885e1858
data/real/20/IMG_1667842818272.jpg,0,REAL,20,.jpg,480,640,RGB,a46159d281e031ab8870d632791c7c5463c855390f2e1002d50d84ba8fb4ca84
data/real/20/IMG_1667842822342.jpg,0,REAL,20,.jpg,480,640,RGB,7fdbc33852875a1e71a253baa73b2cc52c621b936281c3d88ab8fd7c028532b9
data/real/20/IMG_1667842840612.jpg,0,REAL,20,.jpg,640,480,RGB,ef9ed34da0ffd6dd9958ddf4933c24211dc23743c1f27b071b0c5478357d215c
data/real/200/0.jpg,0,REAL,200,.jpg,265,190,RGB,9ce6bef4b72511ca4cf3582b0bdaace428cb99ec3a63790cc5b1e02913ac2e94
data/real/200/11.jpg,0,REAL,200,.jpg,960,540,RGB,7b417dae391f9d6ebe468c860d77011a1ff4b4d6bc499e0b6b6bfa4b2cc363bd
data/real/200/13.jpg,0,REAL,200,.jpg,666,229,RGB,5d17ef6afeed2bb350b99ebec038b1f1bea92a619e59cf3a9a688e55746383e6
data/real/200/15.jpg,0,REAL,200,.jpg,695,243,RGB,399e0850040d79a06858179ad7989233451287fd0c539116cd05c0a961ab59d3
data/real/200/18.jpg,0,REAL,200,.jpg,612,408,RGB,1541e012e91330b0fce6c8065e6f4966a195c2fd9bfff6c42932449aef44b31c
data/real/200/2.jpg,0,REAL,200,.jpg,480,360,RGB,3dc5c15eeda31882f8b41654229d3b69c298d412d19812ba9ad0420deaa3bb0e
data/real/200/20.jpg,0,REAL,200,.jpg,764,324,RGB,6d4687850ee14c5a4ecf3c17e53f2c8a867f2814bf512a548b076bc99b2bc9f1
data/real/200/21.jpg,0,REAL,200,.jpg,643,191,RGB,338539cfef2e979025593b12a968a6549ea742dc8bd21c01ccddcd91146d0d7b
data/real/200/25.jpg,0,REAL,200,.jpg,600,450,RGB,d0cec587d75b12cccf41c904931179483960b76c3ed485baeecc5d4850ecca88
data/real/200/26.jpg,0,REAL,200,.jpg,4608,3456,RGB,78f0c0bb4cbca2c5bb02bf323ef725a7de85b1a720921add44ab71a7a57512d8
data/real/200/27.jpg,0,REAL,200,.jpg,1500,1117,RGB,c895a769bfde60c598fb460a2b0c76e02e3b58542314fa129f15f37a4f0ba410
data/real/200/3.jpg,0,REAL,200,.jpg,500,334,RGB,e4685ef4680d8f076e33ab9c5e5b247cbaec6680560e16027b6e6b65074930b8
data/real/200/30.jpg,0,REAL,200,.jpg,1300,956,RGB,00cc4e84836ced18b6423d833f9b3fc5f9458ee1c343d2a58fbce5b54bf40c58
data/real/200/31.jpg,0,REAL,200,.jpg,324,172,RGB,1ec2fcfaff3e3055b4dbe1588b3c610d1fa2a09a5126581220ec41f90237f970
data/real/200/32.jpg,0,REAL,200,.jpg,223,596,RGB,bb2687dadef3db4a96d569d12a2cad75b9c681dd5726ac71bd4920ec197a6c79
data/real/200/33.jpg,0,REAL,200,.jpg,400,203,RGB,b0872f64eeac1c7e1da9a9915ba74c58784db3b0e8a28e15ad95513af8864fce
data/real/200/34.jpg,0,REAL,200,.jpg,545,335,RGB,42a51381972a673cdbc52224d8d646dce234de1182e9d4c3727faa5a0abad8c2
data/real/200/35.jpg,0,REAL,200,.jpg,217,135,RGB,d0477709eea11ee29e7d00f4626c486cb163bbc1aaaa787ccf5e1d432620f839
data/real/200/4.jpg,0,REAL,200,.jpg,265,190,RGB,9ce6bef4b72511ca4cf3582b0bdaace428cb99ec3a63790cc5b1e02913ac2e94
data/real/200/41.jpg,0,REAL,200,.jpg,346,174,RGB,cb8335e6f5e5ade536008b4bb83ebebb39715ca0f7772cc9be64eb3c7da32309
data/real/200/43.jpg,0,REAL,200,.jpg,960,540,RGB,7b417dae391f9d6ebe468c860d77011a1ff4b4d6bc499e0b6b6bfa4b2cc363bd
data/real/200/45.jpg,0,REAL,200,.jpg,283,178,RGB,2c6908690a9c5b151152107fe186d0bf607c24c4c59a6b05adeccd4e2e4cf46e
data/real/200/49.jpg,0,REAL,200,.jpg,543,407,RGB,991e5defe6ee399d65cbac326cd9b78229fb0533b5b34e1ccd647e0d384eb08f
data/real/200/54.jpg,0,REAL,200,.jpg,1300,821,RGB,ba60cd23c6b790bff4765f0d23e351d146e08d0f0ac87b615540c227196684de
data/real/200/59.jpg,0,REAL,200,.jpg,517,301,RGB,68f52bc0b94f5bf9fa709241d1bd9186a4b5017df0a6144d300cf2b310cdc4fd
data/real/200/6.jpg,0,REAL,200,.jpg,3385,2539,RGB,6b2daad63fad5380a6004ce8e4ba645c2d80f73c510bde56c55dcd057d07569f
data/real/200/60.jpg,0,REAL,200,.jpg,1080,801,RGB,67c135baa3dbe80b6aa5f35b9c08cbf5ad68b6b5092fbd1da8c272591f9669a1
data/real/200/62.jpg,0,REAL,200,.jpg,117,300,RGB,f0ae616d099d5e78b9f6e9ff2460945c383eba666d55bfe24fee7528edd11f31
data/real/200/63.jpg,0,REAL,200,.jpg,225,300,RGB,e9d87c258bb16de537b5f379d023227257207342434d35feac330056f725a55c
data/real/200/64.jpg,0,REAL,200,.jpg,243,695,RGB,775334b61c32f063e067e8aef5fd5da8aff9a8b41aed330f189e25e754120339
data/real/200/65.jpg,0,REAL,200,.jpg,345,183,RGB,f7e0d0f4e976de7adf4a6699ad33fa13d25f246fa18caafc34f975e730feef86
data/real/200/67.jpg,0,REAL,200,.jpg,732,213,RGB,3c62a3e7e88af90dbe19640f2f33d8e78f59d22ddf90e71a46ee871add477dc2
data/real/200/69.jpg,0,REAL,200,.jpg,209,599,RGB,be85e821d1c10af3eafe05f0542497b1c7d02e32e5335f25ad1922361696bbbf
data/real/200/7.jpg,0,REAL,200,.jpg,937,473,RGB,17e3964ae4fd160c6f0703c8eabb64d5a6ba1cde0d2e2f46aa345595562e07ed
data/real/200/71.jpg,0,REAL,200,.jpg,925,489,RGB,af59d6545b355d3a838213310ed3795f22169dc48297a57280453fdaf86977b7
data/real/200/72.jpg,0,REAL,200,.jpg,425,425,RGB,e4edd09dee887d6f838c4ad4cb9a901b834d5e37bca5ed13645320f23b576c6c
data/real/200/74.jpg,0,REAL,200,.jpg,3456,4608,RGB,800ab701d66e2fb8748a1af1fc3f7d561e2302196ac062cb3b5d8cdf6373abec
data/real/200/77.jpg,0,REAL,200,.jpg,335,151,RGB,0bf786f61519373b02885a0b910695c39a7dc449c66b57db8dd0460463f2959a
data/real/200/78.jpg,0,REAL,200,.jpg,324,172,RGB,e084b7f2d5d164374a87262efbac05f4f08ddef306b0ad4a3f5278a00cb6954a
data/real/200/82.jpg,0,REAL,200,.jpg,275,183,RGB,0611bfcda4076c49b89c02e65e42f59cdec9661372d89ba20bbd0372592b23ef
data/real/200/84.jpg,0,REAL,200,.jpg,1768,2447,RGB,ea3f4947f20220712a8c2072f61e1fae43d9d4af2ffddeddd78d20dfdbf46b43
data/real/200/85.jpg,0,REAL,200,.jpg,640,638,RGB,a3e3d20ea69742c03f16bae017c41db92fd0c4b080a4e306888630bcd3f9f7f7
data/real/200/86.jpg,0,REAL,200,.jpg,706,362,RGB,6448598605d5231cf2c08eb298d15c1ae7bff59829b01a0f440f00e0fb991504
data/real/200/87.jpg,0,REAL,200,.jpg,639,261,RGB,594c1f1a6092184e25ecee936e8f6704cec285a100cdb242099975ca80ac79bd
data/real/200/89.jpg,0,REAL,200,.jpg,937,479,RGB,aeb764837f139d451f8ecc97594e888ea6fb08b43cb5cd9aaf289212aec54dc3
data/real/200/93.jpg,0,REAL,200,.jpg,300,168,RGB,70b723f564599e0cf340107bb1d230767cae7a95e984484afe17024112620a8e
data/real/200/IMG20220927124159.jpg,0,REAL,200,.jpg,4624,3468,RGB,0bf72d9e3ceeeb276596fdba58d250f0d06b1d8f5acdfa33c65cfb66faf0e5b4
data/real/200/IMG20220927124205.jpg,0,REAL,200,.jpg,4624,3468,RGB,ba298095ea780a0510ffd251ed9d163b247da1eed56c8f7851cba8c40c214c36
data/real/200/IMG20220927124220.jpg,0,REAL,200,.jpg,4624,3468,RGB,f34f097fb75f1f0023d06aa776c9921354784f7004c91ee85b676d3bb1b9320c
data/real/200/IMG20220927124241.jpg,0,REAL,200,.jpg,4624,3468,RGB,449b5d61daf9e65b4a746a57df5926714aa289c5a33b6cb57b27f33cd1f4e2af
data/real/200/IMG20220927124309.jpg,0,REAL,200,.jpg,4624,3468,RGB,01178c0995a913be19437efc0aa334ee45ff0df7404fdaeabfad036820e5a834
data/real/200/IMG20220927124315.jpg,0,REAL,200,.jpg,4624,3468,RGB,e9693294daf96f437727714f965997e80b1fefd6b660361cf0467af96a3d4419
data/real/200/IMG20220927124321.jpg,0,REAL,200,.jpg,4624,3468,RGB,d82031b7a150462a7759ed6fe55291345f805dacb480e45754363dd8ef33f9f3
data/real/200/IMG20220927124355.jpg,0,REAL,200,.jpg,4624,3468,RGB,ca5ea4d7f54947d9e859207229d9a643619e3156c1e5eef0d2bb8735fd0af838
data/real/200/IMG20220927124419.jpg,0,REAL,200,.jpg,4624,3468,RGB,9861d8d89324b73ffaa5571e0e142410c1367a22cacf52be867e27bc80171588
data/real/200/IMG20220927124704.jpg,0,REAL,200,.jpg,3468,4624,RGB,afb48a1bf8818f11a89e89feb38138e5c21717a78494c8878efa29e9b132d438
data/real/200/IMG20220927124822.jpg,0,REAL,200,.jpg,3468,4624,RGB,191ba29a8a2d7f8f81026a56847564bec6ad8a63b18d7d09a726d1f0d9b88edb
data/real/200/IMG20220927124824.jpg,0,REAL,200,.jpg,3468,4624,RGB,40f482c9c85ec269829d04e06d3acbbe61b4f816678c957166f73ea764b4d932
data/real/200/IMG20220927124839.jpg,0,REAL,200,.jpg,3468,4624,RGB,4e7893c5075dceae6fd364b9fcbea603c44982a3714608d6079249035c921979
data/real/200/IMG20220929000421.jpg,0,REAL,200,.jpg,3468,4624,RGB,0597fcd74c774c6db03c6acf84f6769f1d9310ee3798820a45cd53efd2a6c9de
data/real/200/IMG20220929000426.jpg,0,REAL,200,.jpg,3468,4624,RGB,ba7c699519b4460fd97d05051b02aa641a73970dd72915384b7f2f01b72d641d
data/real/200/IMG20220929000430.jpg,0,REAL,200,.jpg,3468,4624,RGB,dad3c7e1311027af9f1563a2c81f8c2597f744be02a344a0e5379287176ed323
data/real/200/IMG20220929000437.jpg,0,REAL,200,.jpg,3468,4624,RGB,e677921aa485ab1649c287657eea2cfaf51a5973e5865ecd387aa1b1f245cb5b
data/real/200/IMG20220929000445.jpg,0,REAL,200,.jpg,3468,4624,RGB,9e6d2e959af4aaff6c678d84cc79c79fc5fd63c0aa474866f4bbfcc707b79960
data/real/200/IMG20220929000449.jpg,0,REAL,200,.jpg,3468,4624,RGB,50b3647a77d41a33ef331ce0c342f080d49cd32503bf7745a4e6fd01b94076ba
data/real/200/IMG20220929000454.jpg,0,REAL,200,.jpg,3468,4624,RGB,929a45a6ae2534dbbc70851033429e0d844d2af52bed00080b6c3fb4688141dd
data/real/200/IMG20220929000455.jpg,0,REAL,200,.jpg,3468,4624,RGB,553589e04bd6b0d4a756721c7f60a7fd51234f101ec1579c33389f30a7cc757a
data/real/200/IMG20220929000505.jpg,0,REAL,200,.jpg,3468,4624,RGB,8a14d8b010a9fce39b1d4ac91809b9c9907f11cd3d47f4316979e36d72ce3103
data/real/200/IMG20220929000507.jpg,0,REAL,200,.jpg,3468,4624,RGB,d3fb423f1eed867aebe9a27da2ffb6d5b0a7f85f537bb97308042392a7d02786
data/real/200/IMG20220929000510.jpg,0,REAL,200,.jpg,3468,4624,RGB,bc3eeb99bba0e904f1b90ae9b0f441cc32bfb0451726ff4b83ec557d7d3f4f44
data/real/200/IMG20220929000520.jpg,0,REAL,200,.jpg,3468,4624,RGB,05f3fd061e968f8e5e37527998b0bd3c5602d95b4a42c090fcf3093d5e35f4cb
data/real/200/IMG20220929000524.jpg,0,REAL,200,.jpg,3468,4624,RGB,94da1da9fd7301cecc6248f7d8be00509dff75960292248f577bdae43a921bd8
data/real/200/IMG20220929000528.jpg,0,REAL,200,.jpg,3468,4624,RGB,4cc56d45e0e26ab5267f59ef96fb69383d5caa5187b3b97ff6811f74aef6d51f
data/real/200/IMG20220929000533.jpg,0,REAL,200,.jpg,3468,4624,RGB,25559c36e1aa8c0bf1dfcb49562fa34b1fcd318820677518ce1cb2cbcc52d73f
data/real/200/IMG20220929000537.jpg,0,REAL,200,.jpg,3468,4624,RGB,7e674590810d6576955b0c702c612a64e9c96ab3be95efd730d1e96fa8a6c083
data/real/200/IMG20220929000539.jpg,0,REAL,200,.jpg,3468,4624,RGB,6da36da2c42258f92d58fbe033084ae3b1383e8d913dd5c75798d81616d5036c
data/real/200/IMG20220929000545.jpg,0,REAL,200,.jpg,3468,4624,RGB,6cd5a2939c3cb96299f370ef748f3b7660d155e7b96bf6b3fe8626a829337e4c
data/real/200/IMG20220929000548.jpg,0,REAL,200,.jpg,3468,4624,RGB,fe4bc49182701e1a341bd06f4b163e0b3640744e2d34323ee395c158f0374899
data/real/200/IMG20220929000550.jpg,0,REAL,200,.jpg,3468,4624,RGB,9d35f37b1a82f0dc98579ca0b395a03913af154cf9e2f6183b91a169735a4337
data/real/200/IMG20220929000555.jpg,0,REAL,200,.jpg,3468,4624,RGB,7acf27fde2bd2f84f0025b8304f60b8f42e0ee1cbdef97d0db58d2e1adc2a7fd
data/real/200/IMG20220929000558.jpg,0,REAL,200,.jpg,3468,4624,RGB,448eb86b7ea7d4a33ff9711498e0efa3631592bf8c329f5c92fa49353aa175dd
data/real/200/IMG20220929000603.jpg,0,REAL,200,.jpg,3468,4624,RGB,5ccc13f4a333041eeace8ded8f9eef0af24d688e370122dcb1b770bacc7fef2f
data/real/200/IMG20220929000643.jpg,0,REAL,200,.jpg,3468,4624,RGB,080da18f6edb4b0972a611a34be330a546de06306e36cd5c4c88677d842fe349
data/real/200/IMG20220929000647.jpg,0,REAL,200,.jpg,3468,4624,RGB,aef0f821fdec6e08da4497418a325764e03e09709e094dae2fd034bf259b9d11
data/real/200/IMG20220929000653.jpg,0,REAL,200,.jpg,3468,4624,RGB,8f14564813e2329b56fc1a1ffccc15d65818fb830bfbeff95044b0c0accc8bbf
data/real/200/IMG20220929000654.jpg,0,REAL,200,.jpg,3468,4624,RGB,e4afb36903cb0687f5fae5a5e847fbb2e5fcdeeaa05c1e273c345831194aa892
data/real/200/IMG20220929000701.jpg,0,REAL,200,.jpg,3468,4624,RGB,fce7b3cb7ae7b5ae76e421f3ee7182be3a0170f011e317fd3692d96bccf12313
data/real/200/IMG20220929000711.jpg,0,REAL,200,.jpg,3468,4624,RGB,3c5e702c8a8ac7b43ccfb90fe590793a59b98f7d78d2a24ac25847e1dcef0a3e
data/real/200/IMG20220929000720.jpg,0,REAL,200,.jpg,3468,4624,RGB,6e536f2b14b4b5680ce029aa5dc56ae6a5cd71078d99db463712e40d87007dec
data/real/200/IMG20220929000726.jpg,0,REAL,200,.jpg,3468,4624,RGB,731cffb0202ba141283fe6be969e4ea47101c919ea461ae2a9beed76a7c8a681
data/real/200/IMG20220929000729.jpg,0,REAL,200,.jpg,3468,4624,RGB,b9623835768cee5fafa22fdfccfee19e2a696a9a24440d3d5f18db2abe0397af
data/real/200/IMG20220929000731.jpg,0,REAL,200,.jpg,3468,4624,RGB,c26aa0ca9ddac6f97c548c757b89ad925f54aed0f23b1f0431f426ca00b6a109
data/real/200/IMG20220929000733.jpg,0,REAL,200,.jpg,3468,4624,RGB,fc85fb3c4be0d1543a471ba37018592a4fe4e42318f6d9780bb34d4f970c7d42
data/real/200/IMG20220929000738.jpg,0,REAL,200,.jpg,3468,4624,RGB,96f51f4f392e57b7b812caf7641dd331f455055a02f5cf0c418854ce88a04525
data/real/200/IMG20220929000743.jpg,0,REAL,200,.jpg,3468,4624,RGB,c6c49fc61b8ff06a0bb308237a60469cbdb1ba45f287fd975711787ff1d31cc4
data/real/200/IMG20220929000755.jpg,0,REAL,200,.jpg,3468,4624,RGB,2739c3231a18d3f1a1471db3e6523be1f62e2cd41ad070b4ea5be419f95701d9
data/real/200/IMG20220929000804.jpg,0,REAL,200,.jpg,3468,4624,RGB,9cc06b94836d8c6e782a30fe262bb94d5b2e636b47c42efc4ff94f778def9158
data/real/200/IMG20220929000808.jpg,0,REAL,200,.jpg,4624,3468,RGB,15e31861c433a431bc6cf280e4b084fdd79e3c29eb52899b7f0b315af6f36639
data/real/200/IMG20220929000816.jpg,0,REAL,200,.jpg,4624,3468,RGB,7bad080ef17c21af5705d566bc2d2ac3c6665d6378a0f5fbf35e725db266c7aa
data/real/200/IMG20220929000823.jpg,0,REAL,200,.jpg,4624,3468,RGB,9be6df83b3323123c2bc8bfebdfe1b4b95e270e960ca06420bdcfc9f6523b492
data/real/200/IMG20220929000828.jpg,0,REAL,200,.jpg,4624,3468,RGB,ea8c0a3c7805d9101bc8352b05906f493be91acc1b94f1f435e89f3d69a6910f
data/real/200/IMG20220929000832.jpg,0,REAL,200,.jpg,3468,4624,RGB,10204849ff5b1fad5b070ffd69e30e270dbb26a5f33e76fc3c04f6721dd2f421
data/real/200/IMG20220929000835.jpg,0,REAL,200,.jpg,3468,4624,RGB,0f239adf8fcb2744053a736a5f3df170c92c0d88a348a008da99b016bf9ef855
data/real/200/IMG20220929000838.jpg,0,REAL,200,.jpg,3468,4624,RGB,e3e0c6bf2e792dfb70ee9690ae2e502829b4488a5fc2d9dc2269a23f8ae81a98
data/real/200/IMG20220929000919.jpg,0,REAL,200,.jpg,3468,4624,RGB,30ca9b695255d4a9b3ce8656c0c222074d927e6a464499f5ad124a904a66d185
data/real/200/IMG20220929000923.jpg,0,REAL,200,.jpg,3468,4624,RGB,25d57f4dde20d16944eccd20f01c3f72c05fa47fdc3efbba56d8cf8bf7d3647f
data/real/200/IMG20220929000925.jpg,0,REAL,200,.jpg,3468,4624,RGB,e08566bfe2e90f0a6ae450dd51b07158c8f90337e5c9630f92ba369c05077fa3
data/real/200/IMG20220929000929.jpg,0,REAL,200,.jpg,3468,4624,RGB,68a310b5ba370809e6f3c9ef62a9d569b75da9748a4e540c6deb107c3a2df3d0
data/real/200/IMG20220929000936.jpg,0,REAL,200,.jpg,3468,4624,RGB,3a948b92af1acab4d7085c360513364932b09653cad67bdcc08601f89a4c6a5f
data/real/200/IMG20220929000940.jpg,0,REAL,200,.jpg,3468,4624,RGB,a5a7022022c302e33fbe198888f65672a139be9d5524dae8beb70f0c4b87a998
data/real/200/IMG20220929000957.jpg,0,REAL,200,.jpg,3468,4624,RGB,d2cf5ecb170b5f4d5dbb759ee2074066db813b63c38a4b4aa73d7eae3e254ba1
data/real/200/IMG20220929000959.jpg,0,REAL,200,.jpg,3468,4624,RGB,c489304a15e7263f9494463b057f19c26d20829b9abc610fc27bd277d140d255
data/real/200/IMG20220929001001.jpg,0,REAL,200,.jpg,3468,4624,RGB,0d2c0ad43f5021486b70c876d6905ca3eaf38972601d6d03689e859eee4901cb
data/real/200/IMG20220929001006.jpg,0,REAL,200,.jpg,3468,4624,RGB,af7efaa897289d80acb61005628b284792ae1a19bcad8edcc0bf1b39d0333123
data/real/200/IMG20220929001012.jpg,0,REAL,200,.jpg,3468,4624,RGB,87962e9f533169dbcee05510ef418e7d2eeb511738a1686c2ff8e0ffbedab889
data/real/200/IMG20220929001015.jpg,0,REAL,200,.jpg,3468,4624,RGB,ccb090089aaa6cd7a6d81328b4ff565a320892f47e04b6f07aa63c55159ffba5
data/real/200/IMG20220929001017.jpg,0,REAL,200,.jpg,3468,4624,RGB,6638509fdc445df5d65475e937d5bcb6a34bd34f2306b4f672a30fb8685e21c7
data/real/200/IMG20220929001019.jpg,0,REAL,200,.jpg,3468,4624,RGB,3d8392dba4b67dda5f63a65cc427b8a2ae7ba8b5885c0c08d891c6122035e268
data/real/200/IMG20220929001023.jpg,0,REAL,200,.jpg,3468,4624,RGB,c7896b749ab377af38a1d5654e83504e649f82034c175dd0eea4e2fedeb01320
data/real/200/IMG20220929001025.jpg,0,REAL,200,.jpg,3468,4624,RGB,1d77bffffe94010546cd3233231a6ef77af58a3b10c63447590276a3c2ed2bcc
data/real/200/IMG20220929001027.jpg,0,REAL,200,.jpg,3468,4624,RGB,cd1901615857ba241c56891c44b0ac2566a9a1a7c47db2cb7e0c1999fc2713f6
data/real/200/IMG20220929001036.jpg,0,REAL,200,.jpg,3468,4624,RGB,33f4d3198f0ff331ef808503ddab490528027cf518d234be0b8e894b24c1e89a
data/real/200/IMG20220929001041.jpg,0,REAL,200,.jpg,3468,4624,RGB,8b47519a4c6f7fb63641852fc71f1e18379041adc0bf01a337f211f7c7b8fb30
data/real/200/IMG20220929001044_01.jpg,0,REAL,200,.jpg,3468,4624,RGB,79837a758c25542194869727f1e7332a412e96ea7042616b00fa5b432c842855
data/real/200/IMG20220929001108.jpg,0,REAL,200,.jpg,3468,4624,RGB,f4b3ee2ea3a1fed19f8f0f6cb39bddce4aabb285f470fdc6898e28bc83b25300
data/real/200/IMG20220929001109.jpg,0,REAL,200,.jpg,3468,4624,RGB,ee79a9e9689ffb6ddb34ac0ad26cb8addba1703497b3f88a8bf56391be0c1b8e
data/real/200/IMG20220929001116.jpg,0,REAL,200,.jpg,3468,4624,RGB,ef634aa9bf20957f0b4a77eaef9780d387fa97926d4810325f629109e6cd3950
data/real/200/IMG20220929001120.jpg,0,REAL,200,.jpg,4624,3468,RGB,8f16a20dbf8d1fc834fc8f35da00dda5270f5cccdc73b561a13ab7ade10c72c5
data/real/200/IMG20220929001126.jpg,0,REAL,200,.jpg,4624,3468,RGB,9c0ddbd32739ad86d3cb3e19fbbfb13745da4ba61a63b6928c8db7a1c745460c
data/real/200/IMG20220929001134.jpg,0,REAL,200,.jpg,4624,3468,RGB,3c9602834a04ff95717ec33fcf6aaadce3fe1c2f1cd812a9a7fb66671cb73643
data/real/200/IMG20220929001138.jpg,0,REAL,200,.jpg,3468,4624,RGB,2da8b4dbd53c572366cafab4b3080ed70087d92f60c5e5bf841af9a8650cf12c
data/real/200/IMG20220929001141.jpg,0,REAL,200,.jpg,3468,4624,RGB,5dc003acf562df6e3c6822835a28c360a03da56be690369c553427af04e3413c
data/real/200/IMG20220929001150.jpg,0,REAL,200,.jpg,3468,4624,RGB,b63c9efe1bcd1908211994824d406d79196386dccd8c5d6773622224a54b66fb
data/real/200/IMG20220929001154.jpg,0,REAL,200,.jpg,3468,4624,RGB,975f687af35b51b4441ecfdae7e420a7908acea8fe9dac9a55dfc6892a0aed8f
data/real/200/IMG20220929001156.jpg,0,REAL,200,.jpg,3468,4624,RGB,a125331387450f251dc7364061f11b69323ad74ec95a0fb878fc49f8760ded04
data/real/200/IMG20220929001300.jpg,0,REAL,200,.jpg,4624,3468,RGB,d863f4ee01d47b84cbb8e9c0049610f6ba871fd231101c0e0f7211582d606117
data/real/200/IMG20220929001303.jpg,0,REAL,200,.jpg,4624,3468,RGB,50f5957063e850ca54fc89d921c82cd7f0919f54885ba3597a7d28b452229c69
data/real/200/IMG20220929001304.jpg,0,REAL,200,.jpg,4624,3468,RGB,48031f502deb60a22501ab94c61fab73b49a0c18cd5d0211bd49bad2bbfa124f
data/real/200/IMG20220929001306.jpg,0,REAL,200,.jpg,4624,3468,RGB,ca717900232171a90bf0c9e7017f9c8f51d8232f9fa7613f7ed6bfa618a3ef17
data/real/200/IMG20220929001311.jpg,0,REAL,200,.jpg,4624,3468,RGB,4f8b564e2ffc6f5f7030cc27e3e1e3e96328066721b40e1faf23490293c483a8
data/real/200/IMG20220929001316.jpg,0,REAL,200,.jpg,4624,3468,RGB,1c6f6491d94badbd98a8bf86a2f0c157bf574003aa71688725e3799996e8d2b5
data/real/200/IMG20220929001334.jpg,0,REAL,200,.jpg,3468,4624,RGB,4a1e2872f5f6a92e074970f90a3514b2b973ea11d9352307cc2b88a337ab3911
data/real/200/IMG20220929001336.jpg,0,REAL,200,.jpg,3468,4624,RGB,7eac4ba459bb9330e6fb4d5c632dca9b1018c24d8270e0cf09773e61085d505b
data/real/200/IMG20220929001339.jpg,0,REAL,200,.jpg,3468,4624,RGB,3e7a356d4d3896970380d03cd1051b48860d772e3c37da4918f7133bd74f8c27
data/real/200/IMG20220929001341.jpg,0,REAL,200,.jpg,3468,4624,RGB,e30c63cee8610f00fb3d3a00d3eee22a26458a725df6ecea73f90c7c26edcc1a
data/real/200/IMG20220929001343.jpg,0,REAL,200,.jpg,3468,4624,RGB,44efa612eaf84239077be57ec052f9adc0eaa69acd1c148df9b5c7b0a719778b
data/real/200/IMG20221107204936.jpg,0,REAL,200,.jpg,6144,8192,RGB,862eccbebbc953ddf6aabbbf443ffabd9569357cf0e095da225cf2e9e37202c4
data/real/200/IMG20221107204948.jpg,0,REAL,200,.jpg,8192,6144,RGB,49316ebe7bc263b9c7365149ecfe2e871396f480d33bb1536268ac6ff181a9a0
data/real/200/IMG20221107204956.jpg,0,REAL,200,.jpg,8192,6144,RGB,dfe001c6755d4ac6a31c92837411c9fe09b6d38ac245a311f41aede201390214
data/real/200/IMG20221107205015.jpg,0,REAL,200,.jpg,8192,6144,RGB,9141dff5606095fff1446792bbc5e348532859846e88501de190b2f167febf55
data/real/200/IMG20221107205030.jpg,0,REAL,200,.jpg,8192,6144,RGB,d3a662561256fa7e28c054658da86f311e9eae5ef14ef041f9c22b68edbd694c
data/real/200/IMG_1666266475290.jpg,0,REAL,200,.jpg,480,640,RGB,871205a88c44b3312c5294052cca426b25f80c9b14268469e5a46b0678c566dc
data/real/200/IMG_1666266522542.jpg,0,REAL,200,.jpg,640,480,RGB,bfff6fbf2389870268eaccf03a9d8134e4d2c600a54228ac7b92bca084e0f138
data/real/200/IMG_1666266550244.jpg,0,REAL,200,.jpg,480,640,RGB,e461bc223235529dd60f48b7df48064fa816a0641d56edfe2339b676243d7823
data/real/200/IMG_1666266566221.jpg,0,REAL,200,.jpg,480,640,RGB,3840c2123b1811476d5486f3443226fd9007e6864cb784990807d5e14c6ee08c
data/real/200/IMG_1666266627719.jpg,0,REAL,200,.jpg,480,640,RGB,13c5d34114c035fc6eccb7652eca570098a8714b7a1f19eb6f797eddc3fa4572
data/real/200/IMG_1666267264564.jpg,0,REAL,200,.jpg,480,640,RGB,21b763c94cff490014d1545d7bdc031450ed006c9a6d6149b39e616eb13abc2e
data/real/200/IMG_1666267294160.jpg,0,REAL,200,.jpg,480,640,RGB,0d9501146c197d2ea89bcf97e92881335d71a2030ee2d4c8321103481993a288
data/real/200/IMG_1666267614508.jpg,0,REAL,200,.jpg,640,480,RGB,0474b48636fc116f80331afb6c485cf1276c4d2785da207b82c62998d8888307
data/real/200/IMG_1666267625636.jpg,0,REAL,200,.jpg,640,480,RGB,466fff487dc4a49cda50c6b3954221917c20afdb70df4c197dd1deb770b51285
data/real/200/IMG_1666267637348.jpg,0,REAL,200,.jpg,640,480,RGB,dec88d1b9bbfa149557af876c1e64d66ae247859b8b13461ecfaaba13ab87f38
data/real/200/IMG_1666267664792.jpg,0,REAL,200,.jpg,640,480,RGB,e2c9ccf527c19e9065e9b33cbb7bd81e934f6af56b20c068222a5c31345a72dc
data/real/200/IMG_1666267686073.jpg,0,REAL,200,.jpg,640,480,RGB,5c27a41655b0649a288da2a436c40f1e74b4173e60e7f8e8e89aba651b1d9c1c
data/real/200/IMG_1666267747461.jpg,0,REAL,200,.jpg,640,480,RGB,27cb5e274d77da188d2afb15abf2aef1eb15b9af7eefc7c096a99a762f66fb45
data/real/200/IMG_1666267777619.jpg,0,REAL,200,.jpg,640,480,RGB,15662684e762d3307b230d7aa6974bc9c489f892af1803bf8feded7e4d604beb
data/real/200/IMG_1666267781923.jpg,0,REAL,200,.jpg,640,480,RGB,33c3ef8f5eb29086a74f1e79c4e87574b16fc45092aeee96671bc83dc56e0289
data/real/200/IMG_1666267790006.jpg,0,REAL,200,.jpg,640,480,RGB,32d1686069aa1abd74a5ff1b362acb59f455dff644506400122159768a800d2f
data/real/200/IMG_1666267809833.jpg,0,REAL,200,.jpg,480,640,RGB,de5c0aecb60d180a6108ba7db2421f05224c9e927d282e5455fd5ac051c52f37
data/real/200/IMG_1666267914080.jpg,0,REAL,200,.jpg,480,640,RGB,88f05e2b9e81c3204d4a4011cc7d15357d378de152fd36c53a490254a760cf50
data/real/200/IMG_1666267924799.jpg,0,REAL,200,.jpg,480,640,RGB,5abbec03f19731047d5e4051fadd305f62a5ca1c203df84355ea118c9eb73df3
data/real/200/IMG_1666267937039.jpg,0,REAL,200,.jpg,640,480,RGB,37a3d467f6a9328af3e6dc140cbfda0d1e718ef4f1d4e16e6c56846454733887
data/real/200/IMG_1666267947179.jpg,0,REAL,200,.jpg,480,640,RGB,01779e72dda0587480c33f5bd7bf69fbcfc146ade66da7b194c23022d07e42b1
data/real/200/IMG_1666267957686.jpg,0,REAL,200,.jpg,480,640,RGB,000323d8bf4b48dc06ae8c476c0b2d95dad0e1ea1bacc78d28e972d307eb2a8a
data/real/200/IMG_1667833201320.jpg,0,REAL,200,.jpg,480,640,RGB,4b3ce1d113e3900c673d27fef221fc7c67de3a8709c16d0279e6cbb3fd8a20a2
data/real/200/IMG_1667833303332.jpg,0,REAL,200,.jpg,480,640,RGB,9e7795a04ff527e597273dea08669dd9e70e198301ae771e30a4601209d884fb
data/real/200/IMG_1667833321066.jpg,0,REAL,200,.jpg,640,480,RGB,aba4ed02707e4549aaaa7c2d952beba4f431425c66e771888455f0596f1d8a53
data/real/200/IMG_1667833445139.jpg,0,REAL,200,.jpg,480,640,RGB,5bdd54e0c561faeb1c846e9d779ce981c4442d7012abdf1d9db94c3eede6883a
data/real/200/IMG_1667833465832.jpg,0,REAL,200,.jpg,480,640,RGB,a6d0ce7132df877f108c71e7a33868858e6d5f26ce36a9202a05b0c064759154
data/real/200/IMG_1667833503986.jpg,0,REAL,200,.jpg,480,640,RGB,7bd073f468cb1932e5542c4cad5171c203eee1e48a7ceaa08c7e9bcca2cf4b7f
data/real/200/IMG_1667833519656.jpg,0,REAL,200,.jpg,640,480,RGB,544d22aa6fc17abae18683259e0cdf645bc0547e2028527f314ed58e03431b65
data/real/200/IMG_1667833533569.jpg,0,REAL,200,.jpg,640,480,RGB,aae464b024253e7d4e66d5010b361270e2ed10e6455f533de576488c28c3e075
data/real/200/IMG_1667833540723.jpg,0,REAL,200,.jpg,640,480,RGB,fddaef09dd62ad19d659f3d74dc2db863f8a7d3c0dbcd602c394a530d356fa11
data/real/200/IMG_1667833585774.jpg,0,REAL,200,.jpg,640,480,RGB,570a96a6d9a5bfcd60d04f54843deddb4df7593390dc0af0025a7c6c02bde3e4
data/real/200/IMG_1667833601397.jpg,0,REAL,200,.jpg,640,480,RGB,3a2765efe3ce950264b459d2e37ea3aad201810796e83e27524aedd00a9b2291
data/real/200/IMG_1667833615650.jpg,0,REAL,200,.jpg,640,480,RGB,1df66eaa3bb3d4c9ac89600091c86c8ffe4e44b652abe601306d839aebb6e90d
data/real/200/IMG_1667833636872.jpg,0,REAL,200,.jpg,640,480,RGB,df80419f249d589dfb09f4ec1202e9d692c85ce01640c1777873122cc1f8b660
data/real/200/IMG_1667833672638.jpg,0,REAL,200,.jpg,640,480,RGB,6e89273606cdfbd51ceca444fa854243fc0363fdddfc2cc70bb2105c29107548
data/real/200/IMG_1667833686622.jpg,0,REAL,200,.jpg,640,480,RGB,06a9d788da3b0331a2cb59b7b77e8a5c00d85d26a5bf088166af2fe706bf9ce3
data/real/200/IMG_1667833702917.jpg,0,REAL,200,.jpg,480,640,RGB,882dac59b113a6be0e798612f30e46f185b2f46c02edf8c1b45a9db3c55282ce
data/real/200/IMG_1667833714759.jpg,0,REAL,200,.jpg,480,640,RGB,ad5dbeced6d92bf5d3df221d13e7d1bb926b73acf1da4e9395c7d42ba0e27ade
data/real/200/IMG_1667833725794.jpg,0,REAL,200,.jpg,480,640,RGB,1ad800203f085aa968086d211ce47fc364541f31b9671d284d23ef5f6d15d427
data/real/200/IMG_1667833747636.jpg,0,REAL,200,.jpg,640,480,RGB,b8c7e580db0029b5177c71993224ecf74bf1b6b214cebbfcf069d4f1c76962b9
data/real/200/IMG_1667833793050.jpg,0,REAL,200,.jpg,480,640,RGB,3621b350d7edc4737a44e032546512792b941cb76fb1a67effd24d242a9278df
data/real/200/IMG_1667833798690.jpg,0,REAL,200,.jpg,640,480,RGB,a14e959e8a739967b605d78ad5465ae749935c566dd7fabac9ca0db5c16b7325
data/real/200/IMG_1667833807930.jpg,0,REAL,200,.jpg,640,480,RGB,24fa3c988ba15c43e9bb066f1fc96a89f269539ef4f089ee061031686c8159ef
data/real/200/IMG_1667833822589.jpg,0,REAL,200,.jpg,640,480,RGB,5073c8aadfe339ba54de18f224904522aa503be177228dce4ea5fbce1e01d5f5
data/real/200/IMG_1667833836620.jpg,0,REAL,200,.jpg,640,480,RGB,db16a4eb7bc0e487bb5a6c75e294e4e2adbe7476f6e7a19f5cd0bd7e726c5a60
data/real/200/IMG_1667833843925.jpg,0,REAL,200,.jpg,640,480,RGB,ac2fa44c777bcb9eb2814de13b7c1be3cb701eb7a726a2f267dab57acd85595f
data/real/200/IMG_1667833852578.jpg,0,REAL,200,.jpg,640,480,RGB,315e0a0b79f69a5d0f9a8eb8cac5c1547d3548f5b3b69ce9099a48dcd6c43149
data/real/200/IMG_1667833861233.jpg,0,REAL,200,.jpg,640,480,RGB,f4e5a051003d749d5ec882485c0c550b523b6c29c7c68543eeccb69ed2b72376
data/real/200/IMG_1667833886140.jpg,0,REAL,200,.jpg,640,480,RGB,3efb41d4cce7372d67598bc1ae87b29f36aaeb3e75eb4f4f08156f261943198b
data/real/200/IMG_1667833892964.jpg,0,REAL,200,.jpg,480,640,RGB,99c2742230a71acd646a15cd124ccbd2fc98a31d532fa31bde7e5c6a63b5bd52
data/real/200/IMG_1667833905824.jpg,0,REAL,200,.jpg,480,640,RGB,1dbf17a7f1f28bbb040d64275d53e9b3bb98008dba5e5c51235c36aca9b51568
data/real/200/IMG_1667833911438.jpg,0,REAL,200,.jpg,480,640,RGB,80457f3c5a1f5e2cff860a23924613f03c4eddfa23a175ff869e2e6c97a9811c
data/real/200/IMG_1667833930488.jpg,0,REAL,200,.jpg,480,640,RGB,1f86adf3eeb8be3fac2276cc04fcb476607520d5afce34f6e83daa437b366a63
data/real/200/IMG_1667834058056.jpg,0,REAL,200,.jpg,640,480,RGB,e1c9649b46de29803529781f22259b90990754015c0dd41659fa67eadde9be1b
data/real/200/IMG_1667834069440.jpg,0,REAL,200,.jpg,640,480,RGB,fb808751ef4778fd589a65c49376a750bd9250e555708adf54f9c0c9f427b567
data/real/200/IMG_1667834077043.jpg,0,REAL,200,.jpg,640,480,RGB,41995b1e0e2bd2984e2dc4c8163d7c03350ec6f7b7bf9a4db522d53a1165a8d6
data/real/200/IMG_1667834168405.jpg,0,REAL,200,.jpg,640,480,RGB,dcfc20fa34cef92c3c231a78621d280eb73fa76e78ca99ff3292342e6401c98a
data/real/200/IMG_1667834214553.jpg,0,REAL,200,.jpg,640,480,RGB,7249046d3255ecd60d95f482e6617d7d62db2a700985a6b6c2c8b0d48432c607
data/real/200/IMG_1667834472557.jpg,0,REAL,200,.jpg,480,640,RGB,1e30e605063d8f57f8d441468d320a284e36f687e126afd994259cd23b445fd9
data/real/200/IMG_1667834483960.jpg,0,REAL,200,.jpg,480,640,RGB,a1234a5c166bc10e45a205a92aea0cc5f1df20f53eea75712c3909a7709b0be7
data/real/200/IMG_1667834530899.jpg,0,REAL,200,.jpg,640,480,RGB,f3b46aecd7116f7503843e5353710ed83a3783f34ea272de5f2ac7a82ddf1347
data/real/200/IMG_1667834539228.jpg,0,REAL,200,.jpg,640,480,RGB,a15dfe6dd0dc8227474f0220add0a91a06df3367c470272b35c4b31e8feed101
data/real/200/IMG_1667834545412.jpg,0,REAL,200,.jpg,640,480,RGB,65920dd32fcc773c59cf28740cee32d9f1e3494bb639866791048eca60537773
data/real/200/IMG_1667834586836.jpg,0,REAL,200,.jpg,640,480,RGB,2cf93449cdb180860a3b2fc09d952fe59ca6145405a91d969d72da3c55ff3667
data/real/200/IMG_1667834599324.jpg,0,REAL,200,.jpg,480,640,RGB,2a3b5004f3b5211b4edbc28e9713672dbaacb62cf88b74f1b19eb513e7812afb
data/real/200/IMG_1667834610556.jpg,0,REAL,200,.jpg,480,640,RGB,c4afa629746842469a9d14b74187f0be53dc5a2ddcb2f3b78bddbf3ae5dbbcff
data/real/200/IMG_1667834811100.jpg,0,REAL,200,.jpg,640,480,RGB,13510ce55ac004725a3f2a3315a2485aa21245f72e7d5473086aa554e0306513
data/real/200/IMG_1667834839423.jpg,0,REAL,200,.jpg,640,480,RGB,d10a0fba9ba220012b4a38d13b49d937773c000a336e93059097819dc56b5cfe
data/real/200/IMG_1667834849137.jpg,0,REAL,200,.jpg,640,480,RGB,9b0eb2efa15babbd464f93e63e9c4f4de33694cf0d5014eea634721dbc0b4b5b
data/real/200/IMG_1667834899989.jpg,0,REAL,200,.jpg,480,640,RGB,0a20f64975185a6217723101a0c4b58814aac4ab0a064025b8475d066c031739
data/real/200/IMG_1667834905542.jpg,0,REAL,200,.jpg,480,640,RGB,15f1b120f1e4a40d87ec708efe88e59e8ecc9d85914cfe173c08cabd49b49ed4
data/real/200/IMG_1667835764449.jpg,0,REAL,200,.jpg,640,480,RGB,bff0b2cba657522abd16638f82687628ae8cf944182799bdf5577b5f897eee27
data/real/200/IMG_1667835771273.jpg,0,REAL,200,.jpg,640,480,RGB,fa0a3fdf437c3f0bc39ed4bd0205d5629a18da8e468aaec03f945562b2e7af01
data/real/200/IMG_1667835796824.jpg,0,REAL,200,.jpg,480,640,RGB,e6a84c418733d4f5429a9afbd8839a2424e6981c2d271864e79a25aec2e958e2
data/real/200/IMG_1667835812510.jpg,0,REAL,200,.jpg,480,640,RGB,e7ba50e8e14f972b06750782c03c31c8742e13c9c6a0eec64f38e2f120509761
data/real/200/IMG_1667835823330.jpg,0,REAL,200,.jpg,480,640,RGB,3c34b6d3e203aeabb72c71041c910f33c6ef39e20ce72605bf75edc9d288e47f
data/real/200/IMG_1667835865222.jpg,0,REAL,200,.jpg,640,480,RGB,659a689a50325ed458d03deb15063f94ec37e819cbab6d209bd374cad03f79a6
data/real/200/IMG_1667835871739.jpg,0,REAL,200,.jpg,640,480,RGB,04febf92d5cbc50814eef1bbccfff0fc5c6f26365994f802672bc46997e4cfbb
data/real/200/IMG_1667835947323.jpg,0,REAL,200,.jpg,480,640,RGB,0f3046925ca96887c70be8c4ee5e616753b505dc11696568a1971748ae952916
data/real/200/IMG_1667835997592.jpg,0,REAL,200,.jpg,640,480,RGB,d026067086b54266bccfddca18a5f0022b519c7a78efe45ee0e2742eb55ad2e3
data/real/200/IMG_1667836010783.jpg,0,REAL,200,.jpg,640,480,RGB,0536407958d72c50bcce3512bae63168397e32ff4824d5e79dc6be46e73f406d
data/real/200/IMG_1667844350195.jpg,0,REAL,200,.jpg,640,480,RGB,7ea74a46fa6c302c6d5d8fb108639a23abcf375e79de604e6eb4923bebdbbf59
data/real/200/IMG_1667844379714.jpg,0,REAL,200,.jpg,480,640,RGB,16e22a4d8df5d6befc0a657d32a329bed690ff42c8b5256b6cb2c81336d96375
data/real/200/IMG_1667844384846.jpg,0,REAL,200,.jpg,480,640,RGB,ebb058c306da2079b0b69b5ba577a3adb2ffaa6aea5ba87cf0c1dd9b424f5dba
data/real/200/IMG_1667844412324.jpg,0,REAL,200,.jpg,640,480,RGB,d3cf2898b3fd3580acf1e77500364afca9e419f6ea752656a4cc90c0d12d1728
data/real/200/IMG_1667844449965.jpg,0,REAL,200,.jpg,640,480,RGB,bc13bcf0bd601ae660ae21bf99db9ebe49b39d5b7bf54544c4e564488d9e98ae
data/real/200/IMG_1667844466008.jpg,0,REAL,200,.jpg,640,480,RGB,dc5aa1334d7f554a432c622edb1bf9aea87824123d0fb03a52b07856bdb4d3f9
data/real/200/IMG_1667844473428.jpg,0,REAL,200,.jpg,640,480,RGB,50478afddc52be812a85bdeebc589ece4fee08cbe8474e67963e2e9cee00e415
data/real/200/IMG_1667844522186.jpg,0,REAL,200,.jpg,480,640,RGB,acac12f68b1e3aa3d9e0ee509725f1421e05f365da2329e03c0f6c3f7aff3783
data/real/200/IMG_1667844558923.jpg,0,REAL,200,.jpg,640,480,RGB,c79ca9bd14a92e8ed256db5dc168f7e0aa93a129d6c205348a18e7ad303e83cb
data/real/200/IMG_1667846774117.jpg,0,REAL,200,.jpg,640,480,RGB,173b46dcdb1582d1457bc737484044578fad2c7be1a5cf3d2a89cb5d00d146aa
data/real/200/IMG_1667846788159.jpg,0,REAL,200,.jpg,640,480,RGB,5286f2d5ff777785e14556cba701cee2cfb40bda8a7cdffedac9f9d5478d49e3
data/real/200/IMG_1667846796631.jpg,0,REAL,200,.jpg,640,480,RGB,8890e7f54abc90a7b4f3571872fd4cfce94f181632a391bb3a83e0353ce555a5
data/real/200/IMG_1667846832015.jpg,0,REAL,200,.jpg,640,480,RGB,6867b037711f3e1b9ac6415e0d776d7826014dd48eba6aa374d68f2a456d8e73
data/real/200/IMG_1667846924693.jpg,0,REAL,200,.jpg,480,640,RGB,9ac46a6fc489d0232fc2674a2c99396126112ed7012d8de85f84aa7c501d8bf2
data/real/200/IMG_1667846938406.jpg,0,REAL,200,.jpg,640,480,RGB,c5fd9987e6c5fc3f9a2a15a5a1678a57e9fd7f8592b559c275596f84d0e999c9
data/real/200/IMG_1667846950200.jpg,0,REAL,200,.jpg,640,480,RGB,cf78b3773a925010a36edd11114e07a2ad7e865f993976f6575acc754f3462f2
data/real/200/IMG_1667847074280.jpg,0,REAL,200,.jpg,640,480,RGB,3a1f9f1f6878d226603e698dd52a56556c832585a07d6662c883e0a614bfc601
data/real/200/IMG_1667847156145.jpg,0,REAL,200,.jpg,640,480,RGB,636b2f5b36b9be32ae5a42d1ebf54bb45442e96cb8e0d02958ee502b31195304
data/real/200/IMG_1667847171203.jpg,0,REAL,200,.jpg,640,480,RGB,825827e17e3ffd2bf0a51c16f22f1ff9548fb7dd8ee892cf25bcc84fa36b5958
data/real/200/IMG_1667847178194.jpg,0,REAL,200,.jpg,640,480,RGB,3821fb0d21a2bbf36920cb4fa1e0c9bc2e00232f5ed5abfe88b06da4b4d92d04
data/real/200/IMG_1667847255864.jpg,0,REAL,200,.jpg,640,480,RGB,74e6ecfce4908568686344c2ce7fd2bcd4fd58459c89b46de1dcdbc0d8799aa4
data/real/200/IMG_1667849263576.jpg,0,REAL,200,.jpg,480,640,RGB,c4fc433506f1f9aca6f4c5d68b4fdb261e9e8af162f4889c54e6bc062693d01b
data/real/200/IMG_1667849309235.jpg,0,REAL,200,.jpg,640,480,RGB,53fc003ae22a7bf848b5c26c151898ead46adabfe10d579eb272949c58e62471
data/real/200/IMG_1667849321760.jpg,0,REAL,200,.jpg,640,480,RGB,bb1058948987292497aaab5179a47c63a2a23473e4346d2e1b7609f841662db0
data/real/200/IMG_1667849327163.jpg,0,REAL,200,.jpg,640,480,RGB,d94751fce6bb48bccae447f8f88ff2c9cfa49ecfa7885d30ec663c76c9207c25
data/real/200/IMG_1667849337163.jpg,0,REAL,200,.jpg,640,480,RGB,862bc6d71d2f1501536f7dd631dbc9dce74195f443f93294d4e74d663a138110
data/real/200/IMG_1667888000826.jpg,0,REAL,200,.jpg,640,480,RGB,12b19de5428bf719c0adc8770effa841ff9e8be94e61ebf9bdeeefce10053b46
data/real/200/IMG_1667888004604.jpg,0,REAL,200,.jpg,640,480,RGB,b99a16ed71d36a3ab80060c9d9a6bec00e07c39f7c6db254f48e2874cd513485
data/real/200/IMG_1667888012374.jpg,0,REAL,200,.jpg,640,480,RGB,1039958d49f90d28d849044ad05807172a219794220b5a9fd7dab55c4de48cc7
data/real/200/IMG_1667888016632.jpg,0,REAL,200,.jpg,640,480,RGB,16af04b7271994e7ee8ceafe3fa0c8772958fdd374c1207157c48c52af97075c
data/real/200/IMG_1667888020635.jpg,0,REAL,200,.jpg,640,480,RGB,ab59cf9036c8cd7b42e8953608b64ca501aa5e6f8e8dd9f2d53ef0ff03c82c76
data/real/200/IMG_1667888024706.jpg,0,REAL,200,.jpg,640,480,RGB,d558334ff8ab790735a88abe78663423ea2c8aa0bd6f641a187a32ebfd239c0c
data/real/200/IMG_1667888032158.jpg,0,REAL,200,.jpg,640,480,RGB,aa7f47e795a1d64363966faea807cde7df988acde3644354e502b244a4860cfa
data/real/200/IMG_1667888051868.jpg,0,REAL,200,.jpg,640,480,RGB,44e8218e64e9a546086eae15a6f6c2ef43a3f3f6e4e459fc72e0d3f418cba3a7
data/real/200/IMG_1667888056339.jpg,0,REAL,200,.jpg,640,480,RGB,2f2d4cd0b8853e14ce4ce02421cc9248ead7dce223008682da8ac9b1379f9858
data/real/200/IMG_1667888065817.jpg,0,REAL,200,.jpg,640,480,RGB,c9a673dcd3061197bdf647ceda0889069e4ec0cdd7145714ffb454b136eec7e6
data/real/200/IMG_1667888070007.jpg,0,REAL,200,.jpg,640,480,RGB,d78c400367db349bf169f00b47b8d25e45bd155bf24d70ad956be0588c379ad3
data/real/200/IMG_1667888078072.jpg,0,REAL,200,.jpg,640,480,RGB,f7e4b29a0fa97385058814401cdd096647022ac84c23c99984ac9ecb999fe1a3
data/real/200/IMG_1667888090197.jpg,0,REAL,200,.jpg,480,640,RGB,a1765804834b0297a9fe5c34035b164afadedc6f0e23cfef5033dbd3df08f46a
data/real/200/IMG_1667888111440.jpg,0,REAL,200,.jpg,640,480,RGB,17c0ef3506b06e950aa4ec5d24fe0a6489663e40e0ddac3614a3de8cd311149b
data/real/200/IMG_1667888116256.jpg,0,REAL,200,.jpg,640,480,RGB,774911a7b3e9c7971c8046c0bbeeed31acfc6cbaeead9a133f2929607c9ef351
data/real/200/IMG_1667888120745.jpg,0,REAL,200,.jpg,640,480,RGB,447f88366fce1276ca524f244337ee5592d2f5148183f8986c0d7190869bc36e
data/real/200/IMG_1667888124575.jpg,0,REAL,200,.jpg,640,480,RGB,b73fda1ed7d4594ffe1ab6b3c6683327d3cbc806956c8a89570f0257e65c6ba9
data/real/200/IMG_1667888128321.jpg,0,REAL,200,.jpg,640,480,RGB,28f29ad57e0829146b5b39590cb1a636754b8e5fea7b096f657aa1bc5d202145
data/real/200/IMG_1667888132603.jpg,0,REAL,200,.jpg,640,480,RGB,67a21f88bc05d30bf00fa1476132e59ede7a3b754b3e86ee101c80c0fea0aea0
data/real/200/IMG_1667888137116.jpg,0,REAL,200,.jpg,640,480,RGB,3ac9f0f4bd9aacc5b47598f49f1df9d95312a19803d7ef79321be261f42ca5a3
data/real/200/IMG_1667888145651.jpg,0,REAL,200,.jpg,640,480,RGB,b5475f0ccfee31f2b5d5567f3b5c788de04b355091e4fcc1a5f1388f9595df41
data/real/200/IMG_1667888158398.jpg,0,REAL,200,.jpg,480,640,RGB,d773cf2a2793c7ed2aee5354cf9c73c6d40bbdaf0355f79881167145d790c823
data/real/200/IMG_1667888170311.jpg,0,REAL,200,.jpg,640,480,RGB,151557c10ff5992ef3fc49e3798196a4fe533578696ca92284b9be2459025107
data/real/200/IMG_1667888197738.jpg,0,REAL,200,.jpg,640,480,RGB,e63db12c1566fda7943966d68fc4956cff143bf3c50f1f138743c4369a1cb1f6
data/real/200/IMG_1667888206249.jpg,0,REAL,200,.jpg,640,480,RGB,3c36ff47efa2331ecb6e800b43728124cb842e842bed1c3e2028a57906c5373d
data/real/200/IMG_1667888210813.jpg,0,REAL,200,.jpg,640,480,RGB,1b444ddaac8157cdd0beae2f5b61c12e710b2cbe19f62e09e7ee20849e990191
data/real/200/IMG_1667888215203.jpg,0,REAL,200,.jpg,640,480,RGB,9d30585b3b98241d7123e98b24b30f46cb0079d5cb8196fad180a2980d96f6b2
data/real/200/IMG_1667888219263.jpg,0,REAL,200,.jpg,640,480,RGB,1eb202b105cc0b9aa0b0654611736ec1e5289abfe20ca95604303526e4a00d08
data/real/200/IMG_1667888231879.jpg,0,REAL,200,.jpg,640,480,RGB,5f290b9da52306d0f1c367813a7618acf36063da2b322a0d1e310be8f1b1ec1c
data/real/200/IMG_1667888240660.jpg,0,REAL,200,.jpg,480,640,RGB,5bc2ba8b916bdb08e4188dd6c47128e484139ace7a830b9fe80f0916c4f9a9fb
data/real/200/IMG_1667888253694.jpg,0,REAL,200,.jpg,480,640,RGB,06b5a8925bd5ed743976c9fe85fed6458d9c59a81c5ec03dd1f31c0cfb088b24
data/real/200/IMG_1667888257757.jpg,0,REAL,200,.jpg,480,640,RGB,93ed520f63c3283900f1a31bfa8fd7d9439ae36872a9366deb1aa1e9f0d6ac22
data/real/200/IMG_1667888263040.jpg,0,REAL,200,.jpg,480,640,RGB,b3df5da51177100929c8bf28e7ec1a21bb0218dd2a44bb2bbb4912ce7c98b701
data/real/200/IMG_1667888278128.jpg,0,REAL,200,.jpg,640,480,RGB,2649d8622fd7f1d62b48107cb200e67ea0b40bc43e26e617f2873f3907692bc3
data/real/200/IMG_1667888282033.jpg,0,REAL,200,.jpg,640,480,RGB,1300bf4abd2f10b7ca03800493f32e59ddc2dbd6574a1b121bd5cb19f315ed0b
data/real/200/IMG_1667888286351.jpg,0,REAL,200,.jpg,640,480,RGB,8a88c137ed1c38243eae88e8c87626bd4326931812100068eb2296109c38c200
data/real/200/IMG_1667888291143.jpg,0,REAL,200,.jpg,640,480,RGB,2f6fe3e4d71b1186d8004dae0a202c759e9925626797e2400e7a03570bc1b586
data/real/200/IMG_1667888303987.jpg,0,REAL,200,.jpg,640,480,RGB,71140e17aa2f5526d8b74d9829bd71779c9499387df11312d6e2b3816f6abbd6
data/real/200/IMG_1667888313654.jpg,0,REAL,200,.jpg,640,480,RGB,3b06772746a0557b40594d9703f0ceb5c8ce674001cbdf039cb5fdc7f7fd5df1
data/real/200/IMG_1667888328363.jpg,0,REAL,200,.jpg,640,480,RGB,94281698815e6492d65d114b2298afd1523144427bcdebac529fec82bd1622b9
data/real/200/IMG_1667888336468.jpg,0,REAL,200,.jpg,640,480,RGB,944414b86683ad4937f6af564d99de50d0fb496da13608c1aaf9648d143f6234
data/real/200/IMG_1667888341912.jpg,0,REAL,200,.jpg,640,480,RGB,74d3129b57d687a16e6ec9297b5d5fce56e79d29ded5944ed0f77d98d2876a09
data/real/200/IMG_1667888348799.jpg,0,REAL,200,.jpg,640,480,RGB,343b3fa82b9f1365857286aec8c7326fda985889232bbe6993f172a3bc64ff98
data/real/200/IMG_1667888372864.jpg,0,REAL,200,.jpg,640,480,RGB,b002bd32b06eaa22e23a96a5729f2db173250ba952622641a1b8f1a204ac1ffe
data/real/200/IMG_1667888377713.jpg,0,REAL,200,.jpg,640,480,RGB,7e700711688dd8748feff83aeb8feb5448b1943609b4aba477bb2ac2f3f58f3c
data/real/200/IMG_1667888401680.jpg,0,REAL,200,.jpg,640,480,RGB,6c039c864ceaa98e6421381f25833670f5890eb4e5185a879dde0574190eba1e
data/real/200/IMG_1667888523404.jpg,0,REAL,200,.jpg,640,480,RGB,7eb498d5ddb5b4130f7795aa1f58d8147ce75bd9b2f31b85ab1fa11ce84d3d29
data/real/200/IMG_1667888568041.jpg,0,REAL,200,.jpg,640,480,RGB,31f48fa4786c8bab3e31c24e7f52a8b0391eba579451875a89c7cc3703ed60b0
data/real/200/IMG_1667888572290.jpg,0,REAL,200,.jpg,640,480,RGB,9f74d9cc417fb86e47916c67e5da67cdb4ee0bb8460149c69c4a656957daecdd
data/real/200/IMG_1667888576524.jpg,0,REAL,200,.jpg,480,640,RGB,489ce049d9dcfc9a0580e5d2948b686862b598f1a43c14cf1170c4f1a258ea74
data/real/200/IMG_1667888580402.jpg,0,REAL,200,.jpg,480,640,RGB,ca10e0ec10972780a86f97fa9ea5c3240a5d42e77b2bca3bf05b1218007da463
data/real/200/IMG_1667888584332.jpg,0,REAL,200,.jpg,480,640,RGB,41d20ac0c2c0f5886b01d21957ccc9e95c74877e81c9c772997e42a2788cb01c
data/real/200/IMG_1667888599081.jpg,0,REAL,200,.jpg,640,480,RGB,429e55b1883f319d62bbba945756351a76d5170d20d0fa2a842eb2c052fc8dfa
data/real/200/IMG_1667888604646.jpg,0,REAL,200,.jpg,640,480,RGB,10007ac9125bc041598ec39c6a8ad1f93e564c1ea88a64a86903924f3cb8164b
data/real/200/IMG_1667888609916.jpg,0,REAL,200,.jpg,640,480,RGB,503d5df36c690df38c701d00b929241aa1448f258f4b30686b681a34436a4139
data/real/200/IMG_1667888613945.jpg,0,REAL,200,.jpg,640,480,RGB,50540879ceb4b7d0a5688245cd362dce2262c9ef9b5b96759c12cc41f0afd416
data/real/200/IMG_1667888617731.jpg,0,REAL,200,.jpg,640,480,RGB,3dd870075bd192208836737db4590f2e122e4130a552d3399081b8fba6e64880
data/real/200/IMG_1667888622924.jpg,0,REAL,200,.jpg,640,480,RGB,65b406e4d16f4d5432069667becd17db7650690c7d7c06bd551ca91be0a29a48
data/real/200/IMG_1667888627062.jpg,0,REAL,200,.jpg,640,480,RGB,705ec7c5b67176e80c6d990c10d8e0e74b6e4cc30cf602a4fa02c96b3285f2f9
data/real/200/IMG_1667888635449.jpg,0,REAL,200,.jpg,640,480,RGB,ef9f1fc5a2fe2f3e361a7ced954ca4329fb838c570f44957dbc2f38f72d2eced
data/real/200/IMG_1667888640850.jpg,0,REAL,200,.jpg,640,480,RGB,2fd4cfc827725171d56684f6b1deff0ac82b051dbb5d711c13bc2bbc996e8818
data/real/200/IMG_1667888655367.jpg,0,REAL,200,.jpg,640,480,RGB,323f4cd513b378c5c25292789b36729aeec1a4c06dc2ff9f05088b3094451ce9
data/real/200/IMG_1667888665233.jpg,0,REAL,200,.jpg,640,480,RGB,1785d11ad5e93dac1aa6ad21302e37504c957abbab6f29d1bfb86ae39b065a39
data/real/200/IMG_1667888675050.jpg,0,REAL,200,.jpg,640,480,RGB,ed5949b3e4f4645617dc4c743557111a9e61297e5a3ee4321d996af554168901
data/real/200/IMG_1667888679380.jpg,0,REAL,200,.jpg,640,480,RGB,04de46d5da6cb15bba9aa39cca0a394a0a01f07cf099a92e05fc2971d2c5988a
data/real/200/IMG_1667888686941.jpg,0,REAL,200,.jpg,640,480,RGB,f12d76569dc7df96a8ad043d3151b678fac70bcfb602078158cdee4da7761cdc
data/real/200/IMG_1667888704989.jpg,0,REAL,200,.jpg,640,480,RGB,2c0e948eccc482189a169b2d94a6786b29da4115f75b1bb7a383239172b8beed
data/real/200/IMG_1667888712055.jpg,0,REAL,200,.jpg,640,480,RGB,c5d9b21039cb980930e7d49178948118a8598cd13e476d061ec72d71c30e143f
data/real/200/IMG_1667888724749.jpg,0,REAL,200,.jpg,640,480,RGB,e4b8fa8a6ce06da370903d7aced2ebd3a17d8108db0ed5631f1412d106ab30c0
data/real/200/IMG_1667888732330.jpg,0,REAL,200,.jpg,640,480,RGB,af1c0a1252e62a70feef9e7753ffd6413ec131e24b5c532f2ba2a9539da84a03
data/real/200/IMG_1667888740478.jpg,0,REAL,200,.jpg,640,480,RGB,2e2b725025884e3caed0c73be8cbf2b102c8a1d7c53c15c048d57fd4a2a69a57
data/real/200/IMG_1667888751906.jpg,0,REAL,200,.jpg,640,480,RGB,0fab93aa4af9032708928958a0e5da6f15c998bcbe2924cd07e7c2cc238e3bf4
data/real/200/IMG_1667888795327.jpg,0,REAL,200,.jpg,480,640,RGB,56e81cbb19cdec65d0c76e2cb65c7661614696e647ea26128b7ebfde3e1befd3
data/real/200/IMG_2315.jpg,0,REAL,200,.jpg,4032,3024,RGB,e8e193d5aaa36d7b9fc67c0971dbb293df3d2a47c570b8901940c433b8b8399c
data/real/200/IMG_2316.jpg,0,REAL,200,.jpg,4032,3024,RGB,6714322ebbb4bbedf39bfaf7a833f4624c986e99aa0f14a017cea8d2556b61ef
data/real/200/IMG_2317.jpg,0,REAL,200,.jpg,4032,3024,RGB,dc555a6800cc4634fd7b79634356605e32dde246a0943089b82626c27bf6d450
data/real/200/IMG_2318.jpg,0,REAL,200,.jpg,4032,3024,RGB,b037e19a43b07114f1e7fa86ec1ac4d95b8978a6d3a5cd7f0e53ceccbce04233
data/real/200/IMG_2320.jpg,0,REAL,200,.jpg,4032,3024,RGB,b9430f1b09b3faf3e9a770bedb4ce3119762695c13ad0383520a14e9bb33adeb
data/real/200/IMG_2321.jpg,0,REAL,200,.jpg,4032,3024,RGB,c7c9414af9b112e3936bba623f2309d7bec8450eb87ad5cdf0573ae4b87cf190
data/real/200/IMG_2322.jpg,0,REAL,200,.jpg,4032,3024,RGB,5932b2ab73a523ee603711b7b9c14db64208c3cb5a4ceaf09d5f6c59192b3bfa
data/real/200/IMG_2323.jpg,0,REAL,200,.jpg,4032,3024,RGB,8ad6b7632a1e47039ac5d798946f8b61eac4760ba2f55b153a3bea40060e5fec
data/real/200/IMG_2324.jpg,0,REAL,200,.jpg,4032,3024,RGB,bd0c298fec2479fc5a3acf8658adc5917fbee3c8d61c39890060a4e4beb6df6e
data/real/200/IMG_2325.jpg,0,REAL,200,.jpg,4032,3024,RGB,885128097b0338932e93e5f72159e17f7f17a33adcbfe9b6112941eedfcbf2df
data/real/200/IMG_2328.jpg,0,REAL,200,.jpg,4032,3024,RGB,8d1d55c9ad4c138db882cb9eff528cde541c99160bce065e1e00a6250aa4e602
data/real/200/IMG_2330.jpg,0,REAL,200,.jpg,4032,3024,RGB,e47f3af65baa730d84ae14c6d3e3c5748e756df2bafcd7c62a6f4201db49b065
data/real/200/IMG_2331.jpg,0,REAL,200,.jpg,4032,3024,RGB,c4777082a4e731e5479fb2550facf98ac08aa7970e497d643e38077073a6b9c1
data/real/200/IMG_2332.jpg,0,REAL,200,.jpg,4032,3024,RGB,314fa16e75ddbe47f1c086151d5c3fc03d594aa566e82f9d88f27f8a63dccbc6
data/real/200/IMG_2333.jpg,0,REAL,200,.jpg,4032,3024,RGB,08cb6dafe022424201ed5f0635063a64b171b715f429e4430e2aaee02eba8109
data/real/200/IMG_2334.jpg,0,REAL,200,.jpg,4032,3024,RGB,f23655124c2e3f571e07e2746de61a63350e1962b85e3e55d8d18efa9609a61f
data/real/200/IMG_2335.jpg,0,REAL,200,.jpg,4032,3024,RGB,03ffcb953dba7d55bc7d23ae8dd2be0b57b773af3d0b24a38c25aa5ecbd4ba8e
data/real/200/IMG_2336.jpg,0,REAL,200,.jpg,4032,3024,RGB,7a01f49db6a33f0ec87a65fce85f56d2dfd71b86f7073c6039fee83ed17fc212
data/real/200/IMG_2337.jpg,0,REAL,200,.jpg,4032,3024,RGB,5c7c330a6f9ecb7dafe4a85bbb3a6e7e0a30dd6262cfee5b9431de04b811d8f0
data/real/200/IMG_2338.jpg,0,REAL,200,.jpg,4032,3024,RGB,2fcf049eac9383f419aa4f53373030c3d9f9abc546ecb7edf20895904fb60e82
data/real/200/IMG_2340.jpg,0,REAL,200,.jpg,4032,3024,RGB,3284586b57ff76ede1d6f7478cb48dce576e89d2a3436bf64e5285cfaa979b15
data/real/200/IMG_2343.jpg,0,REAL,200,.jpg,4032,3024,RGB,38751cb4d3fdf70e2031108ef56a47cee06a1258aa7be9f0e29c2da0142eeb41
data/real/200/IMG_2344.jpg,0,REAL,200,.jpg,4032,3024,RGB,32e0a5fde2b89a74eaee771001f24f702b831b7b0d89cae47f3a5eb24c3a682f
data/real/200/IMG_2345.jpg,0,REAL,200,.jpg,4032,3024,RGB,8f5aa175cb3f5170e446f08ae1da7381ef60a5b96ff7b1935282d161700dfa09
data/real/200/IMG_2346.jpg,0,REAL,200,.jpg,4032,3024,RGB,d2b80d848f31828e58671cba612fcda1c4a07748e23cefb9241e98f6d761bff7
data/real/200/IMG_2347.jpg,0,REAL,200,.jpg,4032,3024,RGB,597f6a2a417988524f8c50c2204e0886c5f0d32403412267e0f78636bfc3be47
data/real/200/IMG_2349.jpg,0,REAL,200,.jpg,4032,3024,RGB,5117fa54eff89c86292a29ea40b97725785b65b6b1fba7ff0ede7e032c37463f
data/real/200/IMG_2351.jpg,0,REAL,200,.jpg,4032,3024,RGB,1d454759b88b456bf8e9a21b1bb895a9e297bb207251623f4e98e2a55deb59c6
data/real/200/IMG_2353.jpg,0,REAL,200,.jpg,4032,3024,RGB,d46443e773742bb686e2008612b073d2a4594605e42df43628ee6d6091e354ed
data/real/200/IMG_2355.jpg,0,REAL,200,.jpg,4032,3024,RGB,eebf6bcef15ebb42df93896f353d0bb2f0cd35d3e23a16af3c4d516845eb158d
data/real/200/IMG_2356.jpg,0,REAL,200,.jpg,4032,3024,RGB,09c4d77cb4012489f1c1784199cea302effcbb15d142f86f805637a1c76d3794
data/real/200/IMG_2357.jpg,0,REAL,200,.jpg,4032,3024,RGB,6e53dbbb47952ddec7bffbadbb11361da4161b0fc35af815492c6301cca9cbe3
data/real/200/IMG_2358.jpg,0,REAL,200,.jpg,4032,3024,RGB,1b67fd13bf5e6b88950a55657965c2d9f2ab25e32416e489dc68c4d5ce74072c
data/real/200/IMG_2359.jpg,0,REAL,200,.jpg,4032,3024,RGB,12ea0191661831079f97faee0b186b2c01bbe264f5594ca440b8693e9ed02802
data/real/200/IMG_2360.jpg,0,REAL,200,.jpg,4032,3024,RGB,c98b14178790e78baed514c152857a092e24e230c815337bb9dc5d1bb1439b3b
data/real/200/IMG_2362.jpg,0,REAL,200,.jpg,4032,3024,RGB,d32b6c126a48022ce0007c9674984e9f57eb1d7f936bf09ba858817a404a533a
data/real/200/IMG_2363.jpg,0,REAL,200,.jpg,4032,3024,RGB,f9d1a45a76b308a079381b9a29a79560339700b0361a080c38f89884508e9f79
data/real/200/IMG_2364.jpg,0,REAL,200,.jpg,4032,3024,RGB,cb3df94cc1dfe56519854618cfd7b98296437ca81f442b465711e48265f01387
data/real/200/IMG_2366.jpg,0,REAL,200,.jpg,4032,3024,RGB,3e7219fadf766619211f130c513345af04780b6599c9745942ec0f34a77033a7
data/real/200/IMG_2367.jpg,0,REAL,200,.jpg,4032,3024,RGB,90b96df3fa6a98fa4d94ad4696bb349f55c1d35cec6fcd2e61316656224a0f8c
data/real/200/IMG_2369.jpg,0,REAL,200,.jpg,4032,3024,RGB,4d613e220a36434fa1af05e6378c01c443a178e26802d0634acb3bb5dd4d609e
data/real/2000/1.jpg,0,REAL,2000,.jpg,450,196,RGB,6ce2de9d3eebebe44846ef48558483327df7f899562f877a676626b30f18eaa6
data/real/2000/10.jpg,0,REAL,2000,.jpg,1300,841,RGB,598cd60f76d4a74b224fedf10e66c63c8de9285b216ba4917758b6da3eadd820
data/real/2000/11.jpg,0,REAL,2000,.jpg,1024,682,RGB,ded9f0cfdf613e0ccd0fe1fab3b6896264a571187b1329616e48450df840156c
data/real/2000/17.jpg,0,REAL,2000,.jpg,358,160,RGB,859e632fab30043a3870e3c1462727630b0f4e07a8badfe3e4a35ad4aec30e5a
data/real/2000/2.jpg,0,REAL,2000,.jpg,1000,506,RGB,a408142ac5a6641365b4d8481fc749cd5aa649445c374de1343e49b46bc2a52a
data/real/2000/21.jpg,0,REAL,2000,.jpg,1200,900,RGB,0605dde6ae41437620a3f53e426262e26526e41f07a14817fc2b29bcf75521ed
data/real/2000/22.jpg,0,REAL,2000,.jpg,728,345,RGB,069fd5507255daadc3071930c3ac3255f2b5be462aac126c513687fece9787de
data/real/2000/23.jpg,0,REAL,2000,.jpg,450,320,RGB,398a2cafa600bf9d94763c3979856acda7917f3cbf443b976ff2409fdd632a8e
data/real/2000/25.jpg,0,REAL,2000,.jpg,725,332,RGB,64724bca05f2f1a094d0ca7f9ebf093a9f9db087bd8e843dc279cf4bdb046c24
data/real/2000/27.jpg,0,REAL,2000,.jpg,166,303,RGB,db97ee6e44b6a3ae4143272c50ad57eaaac6ec89175ff7484ef53de398556f4c
data/real/2000/28.jpg,0,REAL,2000,.jpg,964,831,RGB,1f9cf10b16e5928c48072de224c61f68d9289b03b6b349a0af2846665d463652
data/real/2000/29.jpg,0,REAL,2000,.jpg,329,153,RGB,7ec60b3ab5810a206b6453168fe55f95d789277531b5b0ab48c48ce2307f7b59
data/real/2000/32.jpg,0,REAL,2000,.jpg,670,440,RGB,96de8c97b618a96ae9215a542e27ea7e580e3d82fb583dc119bac6d8e176cf02
data/real/2000/34.jpg,0,REAL,2000,.jpg,450,196,RGB,6ce2de9d3eebebe44846ef48558483327df7f899562f877a676626b30f18eaa6
data/real/2000/35.jpg,0,REAL,2000,.jpg,1300,729,RGB,b94f8d09e3a6a68502513fc6de20a7ccf4e738ddfcc7e66bfd1ff3db6cd16b0a
data/real/2000/37.jpg,0,REAL,2000,.jpg,1300,956,RGB,c79313c42ef4b5383e85a6238e837f1b00ff0192812a0157a43c016d159ec634
data/real/2000/38.jpg,0,REAL,2000,.jpg,1291,519,RGB,d8c9e1af2e8d7da3c4dde87c34c0185f94def5c7abd591179814c12026ca8682
data/real/2000/4.jpg,0,REAL,2000,.jpg,960,386,RGB,5042cd95f273340cc28e61d299f9d1248a76afb37114ed649f2bbd72c3a6210f
data/real/2000/42.jpg,0,REAL,2000,.jpg,489,500,RGB,642547ae341ecc8ec61f2ef71a55b3eb6bacc0e5268eae63b374f4ab6abd2300
data/real/2000/44.jpg,0,REAL,2000,.jpg,1600,864,RGB,52016bbca73c71062a0aafe25736d7b887b37ad6a1bb46e848597b29f08977fa
data/real/2000/47.jpg,0,REAL,2000,.jpg,1000,506,RGB,a408142ac5a6641365b4d8481fc749cd5aa649445c374de1343e49b46bc2a52a
data/real/2000/48.jpg,0,REAL,2000,.jpg,1280,720,RGB,524a87f3474d7aa3d6c9f2ed2a02a4ebffb87c6e350e507b1e68b2de4fc35249
data/real/2000/57.jpg,0,REAL,2000,.jpg,1280,720,RGB,524a87f3474d7aa3d6c9f2ed2a02a4ebffb87c6e350e507b1e68b2de4fc35249
data/real/2000/58.jpg,0,REAL,2000,.jpg,717,412,RGB,e1ecfac0ff4cbb7570cd8e08cad53602cf64561c1595dc34a8d1954e9d7f154e
data/real/2000/59.jpg,0,REAL,2000,.jpg,850,550,RGB,3644fbc97dfb6db240160ac7eca3cb2b2d01873c682ee7567aba4b47a01537f0
data/real/2000/6.jpg,0,REAL,2000,.jpg,582,237,RGB,7dab66e454f1e0341e262f1ae944afb2c0e0b3c5cc9792a5aaaae26a9b8bb832
data/real/2000/60.jpg,0,REAL,2000,.jpg,1300,600,RGB,f54cbe8aa7fbc8909727d4512178a2dff781956c513e157152c7c569f06a0e23
data/real/2000/61.jpg,0,REAL,2000,.jpg,960,540,RGB,99be283b39e780f807da8e20615b8ecee5c7774312ac21730da23b79f6328478
data/real/2000/62.jpg,0,REAL,2000,.jpg,728,345,RGB,069fd5507255daadc3071930c3ac3255f2b5be462aac126c513687fece9787de
data/real/2000/63.jpg,0,REAL,2000,.jpg,424,301,RGB,6665520e767b2d7c59b39c21271dea9ae01af73476ecb1bd8aeec28567dc07f4
data/real/2000/65.jpg,0,REAL,2000,.jpg,1291,519,RGB,d8c9e1af2e8d7da3c4dde87c34c0185f94def5c7abd591179814c12026ca8682
data/real/2000/67.jpg,0,REAL,2000,.jpg,600,491,RGB,d726842d202f6dabcf2e2ce411635e66e82230732943bdaf196164fa647ea678
data/real/2000/76.jpg,0,REAL,2000,.jpg,875,583,RGB,9b7488484a28bbdf38a74162a605d920e40f53a4a5886ff165d2a989a90ed6c1
data/real/2000/77.jpg,0,REAL,2000,.jpg,1500,1117,RGB,db2b9bae8cb5f50b833f9d7a9fc15c4071957b9bc20a2d7aa7497bfe729636c7
data/real/2000/78.jpg,0,REAL,2000,.jpg,1199,498,RGB,3674c5859073f067991dae20cb17fe238d4dbb0f45b9da509c124de56f16f12e
data/real/2000/79.jpg,0,REAL,2000,.jpg,768,531,RGB,017bd2be1c4d46c9a733d3184ebf9814c48a60d90ebd0ed0b7f91e94c148556e
data/real/2000/8.jpg,0,REAL,2000,.jpg,960,386,RGB,5042cd95f273340cc28e61d299f9d1248a76afb37114ed649f2bbd72c3a6210f
data/real/2000/81.jpg,0,REAL,2000,.jpg,600,338,RGB,7ff0144a2b2b49b205ef028c61c5c28a16dcba7c1d8248cc0d79194babee8324
data/real/2000/82.jpg,0,REAL,2000,.jpg,332,280,RGB,a1b90c6c07c35aadfaa78cd0b6e1bf2d318e563416282d9759920f930e0588de
data/real/2000/84.jpg,0,REAL,2000,.jpg,510,340,RGB,fe9d8bcfc06a081ac5cb36aa9b7db3c7f5a2aa449e3e49cbddf0832db3ea3117
data/real/2000/88.jpg,0,REAL,2000,.jpg,800,600,RGB,0370d40d5d633f9e8d871dbb070735d1d7702dbeb76b4961c13024f5cd5e1a51
data/real/2000/91.jpg,0,REAL,2000,.jpg,632,334,RGB,32ae3dd6f23263ec8381d60eefccf8a288911ce5826627a6bfdd2db66ad464d1
data/real/2000/94.jpg,0,REAL,2000,.jpg,355,167,RGB,d0fb1f03ca9aa558179a61277874f49c571f331f8a324f1c11e4c697cc75526a
data/real/2000/96.jpg,0,REAL,2000,.jpg,800,337,RGB,bd0f69872e693bc6f779caa5b0974b2b95b0b4529a91736f2164d67a22cbf9d6
data/real/2000/IMG_1667829543124.jpg,0,REAL,2000,.jpg,640,480,RGB,90689f4c4da71ca134c55f1e03e132bb5296660e70206a34eb78caf00ebf9eb5
data/real/2000/IMG_1667829562742.jpg,0,REAL,2000,.jpg,640,480,RGB,41b385257462631983ab8e838ee9e14a1f35d6121601eeba7e0339294885c88e
data/real/2000/IMG_1667829568909.jpg,0,REAL,2000,.jpg,640,480,RGB,9a411528a49aaeba73139414d0c5a5c6c06d9c005dfad4f2ee884deb5f40b4b3
data/real/2000/IMG_1667829588757.jpg,0,REAL,2000,.jpg,640,480,RGB,ce81f0fcaed47c71848cad7d332f5d44111a720296750d002df341f905bd215b
data/real/2000/IMG_1667829594305.jpg,0,REAL,2000,.jpg,640,480,RGB,bee121796367d1075d4f708bafe5a1555d48536cac2e6ac4c4ff3c2de0814393
data/real/2000/IMG_1667829602435.jpg,0,REAL,2000,.jpg,640,480,RGB,16c0875b1e9cb78ac1e6fcd85afb0e30722f38a83b985f7a19c82680d5b4deed
data/real/2000/IMG_1667829637173.jpg,0,REAL,2000,.jpg,640,480,RGB,760bae497b7179078c881aaa369a1fc7f54f59a3ea3957820b1244a1390492be
data/real/2000/IMG_1667829642755.jpg,0,REAL,2000,.jpg,640,480,RGB,0fc7d9ddb7784728837a80c50b7835cfbb518008494b1d2e1141fba369c7a8c2
data/real/2000/IMG_1667829649187.jpg,0,REAL,2000,.jpg,640,480,RGB,a465a36895eac50a80134a0f8415278866e5f0e5db164988148b674f85721198
data/real/2000/IMG_1667829655157.jpg,0,REAL,2000,.jpg,640,480,RGB,d20d2df3fea3bf158ab428e820ff0f658fb6e28dce97858d77717929f75747ca
data/real/2000/IMG_1667829660306.jpg,0,REAL,2000,.jpg,640,480,RGB,a929e55e5375feac0cb663b8eb2e32e8688824753d7e7df02a210fa495077940
data/real/2000/IMG_1667829674708.jpg,0,REAL,2000,.jpg,640,480,RGB,dcd1017a4715ca8b536d1da2bec5a17eeb7a6348a8e1804b8704b0c6dad9e416
data/real/2000/IMG_1667829682215.jpg,0,REAL,2000,.jpg,640,480,RGB,cbee8c83629031da3127d608dc1ad4a591df88729abda2d585285aae85ff3a8e
data/real/2000/IMG_1667829694193.jpg,0,REAL,2000,.jpg,640,480,RGB,54c261b15222c767b35b3c11277e563419c34ee212ee2486b5df4ac08f39aed5
data/real/2000/IMG_1667829713294.jpg,0,REAL,2000,.jpg,640,480,RGB,ea92579547475f3757de3170a1d3713230c3762c833ad1035f2b0d2a58192234
data/real/2000/IMG_1667829746571.jpg,0,REAL,2000,.jpg,640,480,RGB,29350cc2a7c6d8f4039864e9f6cba13fbf6ec532355c0f00e412b66311f93569
data/real/2000/IMG_1667829773410.jpg,0,REAL,2000,.jpg,640,480,RGB,784d698f031b84a45e78d336665696e6bfcca83bfd8751029207ef8fa98e9cd0
data/real/2000/IMG_1667829782024.jpg,0,REAL,2000,.jpg,640,480,RGB,0b64c609a83e927d0d4001613bcee581412bacaf4c0733855a82ec30b49fffc1
data/real/2000/IMG_1667829786970.jpg,0,REAL,2000,.jpg,640,480,RGB,321202a3be87b839338686f383d6024fbfe232bed19d908911fa1f44b4e33b03
data/real/2000/IMG_1667829792747.jpg,0,REAL,2000,.jpg,640,480,RGB,5a3fd5febc9568b996f3351055bb6c7870a302aa4a3d64724a6e27a2346fca30
data/real/2000/IMG_1667829798964.jpg,0,REAL,2000,.jpg,640,480,RGB,461d93ea1ce3365e905ad42961774a554c171c9539501929ff91b85d0a3cba67
data/real/2000/IMG_1667829806247.jpg,0,REAL,2000,.jpg,640,480,RGB,6efda4cb4ce2019f92690d903f342faaa6657f5996e17aa262a6a752451839ff
data/real/2000/IMG_1667830025161.jpg,0,REAL,2000,.jpg,640,480,RGB,9259d9855c693537fa02dbc6edfa64896e0af8120c2d00ba51818f70fdc154f4
data/real/2000/IMG_1667830053162.jpg,0,REAL,2000,.jpg,640,480,RGB,4aee6925514531588a9f8a93353dcc816533c1553ff889ff815c544793a24015
data/real/2000/IMG_1667830072975.jpg,0,REAL,2000,.jpg,640,480,RGB,df684778a803503e6e719c3b52a315efbfddb1940c2b876d9ee694d7ce6f392d
data/real/2000/IMG_1667830090176.jpg,0,REAL,2000,.jpg,640,480,RGB,cb25852a40a9ca9dcbb6261a9ddd95650dc86ddd255dfe757383c866cb35000c
data/real/2000/IMG_1667830097633.jpg,0,REAL,2000,.jpg,640,480,RGB,0f2cb044695d60b63f99c96e4050936a4df5ea9211d5ee3f9e0289b56719a07a
data/real/2000/IMG_1667830127160.jpg,0,REAL,2000,.jpg,640,480,RGB,3f4ec08fd2dea980dd9bd7d0cf6c1483fbd208bd3d3e0034b3fa4284a675e39d
data/real/2000/IMG_1667830134108.jpg,0,REAL,2000,.jpg,640,480,RGB,537e64e4bf9d2b1cfdb2958cbd74e1c88836d536fc49f3082c35d00c1b0df849
data/real/2000/IMG_1667830163681.jpg,0,REAL,2000,.jpg,640,480,RGB,05aa91e86303ae2895f2eb9f5c7149b1667a24170c934a2586f4f26ee06e6720
data/real/2000/IMG_1667830192506.jpg,0,REAL,2000,.jpg,640,480,RGB,2ce99f90ad0182935917dfba4b64253ce0c6051437240efbb1d8bf7a8e2cebc1
data/real/2000/IMG_1667830200855.jpg,0,REAL,2000,.jpg,640,480,RGB,3051a18e9d5f887203f53f927419b8050a97b1e81e431f7ea9e14904e54999ea
data/real/2000/IMG_1667830209723.jpg,0,REAL,2000,.jpg,640,480,RGB,cc29923cb638ca892f17e357de12821a12ddadf615201675804c1cbcd9955ccc
data/real/2000/IMG_1667830216667.jpg,0,REAL,2000,.jpg,640,480,RGB,5ef953028a9a18651d40a408b4720c39810d41c7196e28926b5696af9f37703a
data/real/2000/IMG_1667830221908.jpg,0,REAL,2000,.jpg,480,640,RGB,f96228663782b8f64fb0e1d68e7892e6bf3d4daf780d73bb0cfe2a96d23e3cb0
data/real/2000/IMG_1667830256345.jpg,0,REAL,2000,.jpg,640,480,RGB,fe3251185f24e58f283437de377689d7b98702d5f3593c25633ed063921295a6
data/real/2000/IMG_1667830263557.jpg,0,REAL,2000,.jpg,640,480,RGB,3fe4e99ab216e67325e8c5644bdbbd6b47ad73ebf77def5fb88cc02705fcdfef
data/real/2000/IMG_1667830289114.jpg,0,REAL,2000,.jpg,640,480,RGB,08dc1b65a840c6621ed8dfac541d1f30500e0121e12f6db905d84434b9c0d88f
data/real/2000/IMG_1667830321972.jpg,0,REAL,2000,.jpg,640,480,RGB,9d5e1539b0cae787398b186ce9b6e870cda372afd0d6c139f572923dd1812048
data/real/2000/IMG_1667830328257.jpg,0,REAL,2000,.jpg,480,640,RGB,ff14a8438662edd9a1bdd82ba8ec3117370a586e34dcd924c1904b132d366f74
data/real/2000/IMG_1667830341356.jpg,0,REAL,2000,.jpg,640,480,RGB,fd5ea604d297ca16c742cdb904a30b7b04bcafe90b569d7b02b34622b24db8be
data/real/2000/IMG_1667830356934.jpg,0,REAL,2000,.jpg,640,480,RGB,03e0ab0f08cca64aaa818110dbed4c734d0695a6638ba21d55c273e65948ffb4
data/real/2000/IMG_1667830376115.jpg,0,REAL,2000,.jpg,640,480,RGB,8f703607307477135d3d449d08b4dd78b63a3e74702eceff48e3bf44d7c4dc00
data/real/2000/IMG_1667830458659.jpg,0,REAL,2000,.jpg,480,640,RGB,5d74bbb567e5430f5658b17d86be5921dd59f6cb367e7301e683915f5cb2098c
data/real/2000/IMG_1667830464368.jpg,0,REAL,2000,.jpg,480,640,RGB,cba7140914acdba76c7c1a82a6b58ad70d5d164496c5d9f8643c7a2b5ed85641
data/real/2000/IMG_1667830523320.jpg,0,REAL,2000,.jpg,640,480,RGB,a6a7b6263cac34461b27b757f25dac1661aa60b85be8a89d4d8e0151d4470291
data/real/2000/IMG_1667830528700.jpg,0,REAL,2000,.jpg,640,480,RGB,427631fb87c8c0eedae08bb2aa063304a1a01224a2d884d2b185f9b3445c19f8
data/real/2000/IMG_1667830534720.jpg,0,REAL,2000,.jpg,640,480,RGB,0a3437a3443aaa4e762b6522c2df73ec0f0ff59715d3bd074672d76f8ec8bfe8
data/real/2000/IMG_1667830541919.jpg,0,REAL,2000,.jpg,640,480,RGB,16520df8ac968d17a1ef9528662a3c2c5d4240b3012e00452b92431455fcb433
data/real/2000/IMG_1667830551875.jpg,0,REAL,2000,.jpg,640,480,RGB,d63ff608b736923809b1d8fc8014e82e03c8f9e5d064b81015e77f9ec2c8666a
data/real/2000/IMG_1667830557195.jpg,0,REAL,2000,.jpg,640,480,RGB,d22926c586ac3b6d4e7b66efe21181ca4ba3da3a1af8b538ab0a71dd32802c93
data/real/2000/IMG_1667830563385.jpg,0,REAL,2000,.jpg,640,480,RGB,fc1b9426123d65dbb7e43ca2a45a0a2ebcd8761f19f9ebc5fb0eeddfa76e4b6c
data/real/2000/IMG_1667830571496.jpg,0,REAL,2000,.jpg,640,480,RGB,f01cd0d2522d7d4370fa600a6bf3eb03c9009ddeb63ef38665d33032b6037d24
data/real/2000/IMG_1667830607592.jpg,0,REAL,2000,.jpg,640,480,RGB,9d71e96b3c60a0196b10bd4e950be7f960516200c77952144d0367772e355c8b
data/real/2000/IMG_1667830612928.jpg,0,REAL,2000,.jpg,640,480,RGB,eaf2613321b79a8e7b0609a4b3d9c6ddf6a81fa38b591a5586a1cc9e2501af6e
data/real/2000/IMG_1667830620027.jpg,0,REAL,2000,.jpg,640,480,RGB,c11152ef37e70b5c1de72c6a990589241eb381d38e1c8f3e939d9f0e30b6babe
data/real/2000/IMG_1667830635659.jpg,0,REAL,2000,.jpg,640,480,RGB,c1009a618c2f6f206944c6fc3c767652208234d7b74a81aabffc6854ed254f14
data/real/2000/IMG_1667830642222.jpg,0,REAL,2000,.jpg,640,480,RGB,e2ad299a6af6384589d60c289f4a5aa2d8fffc72ff592daf5c3eaf16647ff965
data/real/2000/IMG_1667830649391.jpg,0,REAL,2000,.jpg,640,480,RGB,8fc1b2b4a8bda61c8b07638b1c5cf958620550d9597238c0c4b85855f3c3e675
data/real/2000/IMG_1667830656533.jpg,0,REAL,2000,.jpg,480,640,RGB,913a58c319cfbbfcd5a8b9d7f02bc6b07cf9e3c268a3074e579e3532bf82f0c2
data/real/2000/IMG_1667830696264.jpg,0,REAL,2000,.jpg,480,640,RGB,1f23a9196c3a283c527650eabf9ad422f84819280551017fa6e69aefaacd77d7
data/real/2000/IMG_1667830707283.jpg,0,REAL,2000,.jpg,480,640,RGB,705b357e7765ebd1ef5682b9b59517369c75953ed4f8889d4f59efc4c7f75f3d
data/real/2000/IMG_1667830712808.jpg,0,REAL,2000,.jpg,480,640,RGB,35bafe497532d2bf153f04f4c18d66d52dad15967b1f8217b72909d8032215e6
data/real/2000/IMG_1667830717310.jpg,0,REAL,2000,.jpg,480,640,RGB,74699c0ab67e356ca0ff541098e0863e2a131d0f19b3088f577ed1e007006baf
data/real/2000/IMG_1667830721982.jpg,0,REAL,2000,.jpg,480,640,RGB,d7ce6ed8e44012253348bba47446624252ddd77640f24b6e532654f824dd2b62
data/real/2000/IMG_1667830739410.jpg,0,REAL,2000,.jpg,640,480,RGB,af99af9e0de2096d1ad001907f57172e0046d8389572833556de43ae2961ea7e
data/real/2000/IMG_1667830745076.jpg,0,REAL,2000,.jpg,640,480,RGB,f3373d11fdeface0abed855a65fe477aa0a9c05f69e087a0f575a69b33bf9149
data/real/2000/IMG_1667830751321.jpg,0,REAL,2000,.jpg,640,480,RGB,70b24f833855c13a375065b85c1f449aadcf80d6b293f40373d73a188ef33691
data/real/2000/IMG_1667830759522.jpg,0,REAL,2000,.jpg,480,640,RGB,cd192cff4b6b71638aae7e9e7110c8f0c8664ee8e3af24d1849ad0bc34344ba7
data/real/2000/IMG_1667830767254.jpg,0,REAL,2000,.jpg,640,480,RGB,8149f2089f02126b1d64d4e35abc1da2aaccf74ea90a6a70af9ca145d79b80e6
data/real/2000/IMG_1667830773899.jpg,0,REAL,2000,.jpg,640,480,RGB,d41f476f9877c7463c4c98c9841a812f40c59d5075806e09cf10068fd09d635a
data/real/2000/IMG_1667830782216.jpg,0,REAL,2000,.jpg,640,480,RGB,b4051ae7656454ec82db48ec3cfea4b90d933bb3c028b94de86b7c7aeeedbd88
data/real/2000/IMG_1667830789615.jpg,0,REAL,2000,.jpg,640,480,RGB,3aea270692053929051009c1e01b24edd73761d49f81866572ac30e1071fb5f9
data/real/2000/IMG_1667830857782.jpg,0,REAL,2000,.jpg,640,480,RGB,8df6990c1badc1f4c3d699289fbcd73dad78be4ebd0c76a4969e232aadf5612d
data/real/2000/IMG_1667830865173.jpg,0,REAL,2000,.jpg,640,480,RGB,2363e8893ee3f8442fe06c2eb6b309183a66f1e4f0112a0f3bd48c8d7cb8d0ac
data/real/2000/IMG_1667830871310.jpg,0,REAL,2000,.jpg,640,480,RGB,4346faa351a4a723af67ba127d43d5eedb26fe99cc7cafff44ea74f73d235348
data/real/2000/IMG_1667830879220.jpg,0,REAL,2000,.jpg,640,480,RGB,09463cbec9e89f88e25e0db2f5f5ef122a380859a0b70262e15325f398e51c1d
data/real/2000/IMG_20180120_121230_HDR.jpg,0,REAL,2000,.jpg,800,1067,RGB,148ab5ab1bc155e40b6d8e28d983d020387083d3768b8a9d01f48c1089029462
data/real/2000/IMG_20180120_121236_HDR.jpg,0,REAL,2000,.jpg,800,600,RGB,63c9b53719ff443df1e26bd34bc216f20ebbfe39b88ef452b7ee017c3d281d88
data/real/2000/IMG_20180120_121241_HDR.jpg,0,REAL,2000,.jpg,800,600,RGB,dace70af83e333dc6007d69feef21d272bfdb42b814b3841625b878376c57dca
data/real/2000/IMG_20180120_121248_HDR.jpg,0,REAL,2000,.jpg,800,600,RGB,3e0d792d9ff3a4948347254366563de658462927f12f6d3e98fb6dce9d3cf4ee
data/real/2000/IMG_20180120_121300_HDR.jpg,0,REAL,2000,.jpg,800,600,RGB,ec5cedd1b1be8e5a6c46328cbaa71609811c5d8632ed5b5dd4f0a399a120df27
data/real/2000/IMG_20180120_121305_HDR.jpg,0,REAL,2000,.jpg,800,600,RGB,0e23b86ed03942ce2a85355d5ffd9ac7fe61b557a59e834da2408dc43699a59f
data/real/2000/IMG_20180120_121312_HDR.jpg,0,REAL,2000,.jpg,800,600,RGB,6a04dbec5a38d422ceb34867314ee92d54d46e6f0db92c206a7df5a9f2f4671f
data/real/2000/IMG_20180120_121319_HDR.jpg,0,REAL,2000,.jpg,800,600,RGB,d0108ca361569cf625e772662b014da0d46d908520736b0eb2dc9ad03c272ec8
data/real/2000/IMG_20180120_121329_HDR.jpg,0,REAL,2000,.jpg,800,600,RGB,f202f671670f348c97199703cbc8c0d55ec22a75d7d07a4f0dabf82a00b41d57
data/real/2000/IMG_20180120_121339_HDR.jpg,0,REAL,2000,.jpg,800,600,RGB,89b45f22c7d56e5aa626f291cb4ba108e3aa1ea2bc401c2e6e9bc20820be5088
data/real/2000/IMG_20180120_121346_HDR.jpg,0,REAL,2000,.jpg,800,600,RGB,b657bb3dbf111b201d6e77e77437aa8826843dc818a4711d3ab92025448f196e
data/real/2000/IMG_20180120_121357_HDR.jpg,0,REAL,2000,.jpg,800,600,RGB,5d241b608e31fe825db6c4d8cf32e7cf390783c05ad26a49bbe2b8bcd6f0619e
data/real/2000/IMG_20180120_121401_HDR.jpg,0,REAL,2000,.jpg,800,600,RGB,6fd2231e440d077d2b09c6c012b0524c3ef3efba25fa88bbab6044c643c5cf2c
data/real/2000/IMG_20180120_121407_HDR.jpg,0,REAL,2000,.jpg,800,600,RGB,f3c35dc99ff13971e3aec8baa7f7584e26c35e9b43a0c903c802ba1b7fb034d6
data/real/2000/IMG_20180120_121418_HDR.jpg,0,REAL,2000,.jpg,800,1067,RGB,dcb9d48515f1ed5c3f3e1e48106a9888e0801c99395f901102a56f3a9ff01ebe
data/real/2000/IMG_20180120_121428_HDR.jpg,0,REAL,2000,.jpg,800,1067,RGB,677afdd4e55ecf9b422c200fac5ac61979cba1a3778dd892c14e791b0629cc1f
data/real/2000/IMG_20180120_121432_HDR.jpg,0,REAL,2000,.jpg,800,1067,RGB,e8f0ce34e0ddebe538002e2492da4f12b691f6820d6c3a5e946762d03a4a83fb
data/real/2000/IMG_20180120_121439_HDR.jpg,0,REAL,2000,.jpg,800,1067,RGB,12494520751870887644f8e5b61c46b91b854629d21225c479d3d414db337e2c
data/real/2000/IMG_20180120_121442_HDR.jpg,0,REAL,2000,.jpg,800,1067,RGB,b8ed860610111b4c2bbd084110af902b48455db8953f0151c1722d856c98b023
data/real/2000/IMG_20180120_121448_HDR.jpg,0,REAL,2000,.jpg,800,1067,RGB,673b3b6873a9c0ffa9347aded28f1774d2a48060a3c682d4b6396d25a8fde028
data/real/2000/IMG_20180120_121451_HDR.jpg,0,REAL,2000,.jpg,800,600,RGB,5b60c17bd37067b995b5b2a35dfba0633ae2fc5ddd386cf120abf3a0431b601f
data/real/2000/IMG_20180120_121458_HDR.jpg,0,REAL,2000,.jpg,800,600,RGB,8f248c270863c1165a6c0db92a9232f1f4d4f845aab23a04d74cd8200a2298b3
data/real/2000/IMG_20180120_121506_HDR.jpg,0,REAL,2000,.jpg,800,600,RGB,7f09b8bc0942c2ae0a5897399a190ff9a206d88746cdf484a5a50eb45831ed7d
data/real/2000/IMG_20180120_121523_HDR.jpg,0,REAL,2000,.jpg,800,600,RGB,2b96e9ff73a0ed4c3f1df525640f7d6cd9fb3bffedb37f4c450a79edc8519f66
data/real/2000/IMG_20180120_121528_HDR.jpg,0,REAL,2000,.jpg,800,600,RGB,146e431a9a00b531f3a39924b459078accb05add73c548afd1ead348fc5e1f87
data/real/2000/IMG_20180120_121534_HDR.jpg,0,REAL,2000,.jpg,800,600,RGB,48b170986269bb84077ef085f0b1a16ba35563890d8728d877a2a9276ce1e4d9
data/real/2000/IMG_20180120_121551_HDR.jpg,0,REAL,2000,.jpg,800,600,RGB,6453ef7afd627960c063136df11d17006ba15217ea2853231b7baccd2e777c7e
data/real/2000/IMG_20180120_121555_HDR.jpg,0,REAL,2000,.jpg,800,600,RGB,fb02cdeb9ffab50613daf3622e258057dff5c938e03926bb66af7b602c4d25a5
data/real/2000/IMG_20180120_121605_HDR.jpg,0,REAL,2000,.jpg,800,600,RGB,7fe98d1e5ac16abc7396cdfbd647818bdc258ff4c168b7e2b81e2cacf1004abf
data/real/2000/IMG_20180120_121618_HDR.jpg,0,REAL,2000,.jpg,800,600,RGB,f435c58b4153af86eba78420948739d1b4f4df1631e9d1871f4e959f221c1e39
data/real/2000/IMG_20180120_121702.jpg,0,REAL,2000,.jpg,800,600,RGB,0b35c9002a0b725d95e9117767e75bf6f76f7359a757bf82df2e766cee925828
data/real/2000/IMG_20180120_121706.jpg,0,REAL,2000,.jpg,800,600,RGB,bd65babdbd9a3ae53f1c4dd7cf86aff3433feb232411e545d729b0dd5a3e3da3
data/real/2000/IMG_20180120_121711.jpg,0,REAL,2000,.jpg,800,600,RGB,efd7a59ca7fbfb916436b240c93b289eed07f197edbb34263f71f907a9f0062e
data/real/2000/IMG_20180120_121715.jpg,0,REAL,2000,.jpg,800,1067,RGB,a2f5a0883afb894647a3816adcb9d89a37f42f9bd9c4aed80be6f670dfffdb6c
data/real/2000/IMG_20180120_121727_HDR.jpg,0,REAL,2000,.jpg,800,600,RGB,5531a5b22977789a301076879a33e2ba0b5e5066e8716c973e20665ba9bdc1c2
data/real/2000/IMG_20180120_121736_HDR.jpg,0,REAL,2000,.jpg,800,600,RGB,dc95709f23e2160d8007ce8dd9907e93073474adf479e3de7b74a6f0fb7fe954
data/real/2000/IMG_20180120_121817_HDR.jpg,0,REAL,2000,.jpg,800,1067,RGB,966ddb2109030fc2bc1ea21a63ac7b8836abec4360929f5d5529e7b9311c319e
data/real/2000/IMG_20180120_121828_HDR.jpg,0,REAL,2000,.jpg,800,1067,RGB,c929ac1de318d900ea69296ccba8d4e834fd0a2145fb63df91258e60ee32daf0
data/real/2000/IMG_20180120_121832_HDR.jpg,0,REAL,2000,.jpg,800,600,RGB,a80b1620fb59436bdd6321af2d38e85dfaf21ac8b8352ce801b35c807db8f1e9
data/real/2000/IMG_20180120_121839_HDR.jpg,0,REAL,2000,.jpg,800,600,RGB,4cbba40d2f2bfa31fd51235c303b2f8615a692357d6fc743e935b3efcdf58f41
data/real/2000/IMG_20180120_121850_HDR.jpg,0,REAL,2000,.jpg,800,600,RGB,7ca59471d1701eb28938c45dc343a8652e9b33b1bfc8c314f9caf0b1d711ad49
data/real/2000/IMG_20180120_121900_HDR.jpg,0,REAL,2000,.jpg,800,600,RGB,05ee907f83a8b3ddc005724db4340f60151ffd5f0dfa0a08250cdfad445d6c6f
data/real/2000/IMG_20180120_121903_HDR.jpg,0,REAL,2000,.jpg,800,600,RGB,4b7fa01624b60b5d331bd96e09586ebe99d22eb71e094851a26e96923a0d08a3
data/real/2000/IMG_20180120_121934_HDR.jpg,0,REAL,2000,.jpg,800,1067,RGB,0de17a07c39fa01187380126ebd5e530ce2ba4ce4db95d53bf4b42d3fd98bc0f
data/real/2000/IMG_20180120_121945_HDR.jpg,0,REAL,2000,.jpg,800,600,RGB,56417621a5e74d4e300cadd6d37db9846e3d2d4387a8c3e8fc788b2e71973919
data/real/2000/IMG_20180120_121957_HDR.jpg,0,REAL,2000,.jpg,800,1067,RGB,404bb72852f45289bb6a40136e7aca7932f8c280fc5b3258405274d697746c88
data/real/2000/IMG_20180120_122002_HDR.jpg,0,REAL,2000,.jpg,800,1067,RGB,b82eb2f9e16454c4212db7ebb08e24a0749767059824d33d1c13eda6b808363d
data/real/2000/IMG_20180120_122006_HDR.jpg,0,REAL,2000,.jpg,800,1067,RGB,9fb200fa4cbfa8990d860db3580d6c5627a761462fd736df8f6d68c180b2cbbc
data/real/2000/IMG_20180120_122054_HDR.jpg,0,REAL,2000,.jpg,800,600,RGB,c12c74acfc4934ee29b3555d3532bcd07c532efc9c6acd20dfcd019d7d614fb7
data/real/2000/IMG_20180120_122103_HDR.jpg,0,REAL,2000,.jpg,800,600,RGB,45a93fac3d4e3597b3de02a86707de3c4c04ac68d8f052c7d53465707b807b82
data/real/2000/IMG_20180120_122105_HDR.jpg,0,REAL,2000,.jpg,800,600,RGB,75380bb4a46fd4da40cd130d8a85fbc765465c6e9a06a5e8103929516d7b62f2
data/real/2000/IMG_20180120_122127_HDR.jpg,0,REAL,2000,.jpg,800,600,RGB,263f9dc26c09673b2f448197258c631b3e0423891fa66f1a51a039e20c3d004c
data/real/2000/IMG_20180120_122131_HDR.jpg,0,REAL,2000,.jpg,800,600,RGB,d3bbbc7ddae332c3f31fd50ba395f000687fbff5aa85a98f5417b558c950cc54
data/real/2000/IMG_20180120_122135_HDR.jpg,0,REAL,2000,.jpg,800,600,RGB,3812fa545658be31fb9723a7712f41571f9e95c3d98de1aca057e43f3a3166ee
data/real/2000/IMG_20180120_122139_HDR.jpg,0,REAL,2000,.jpg,800,600,RGB,a91597eb2126fc1e4ccc351e8cef898d1dcc2ce5328bb2324aca599d07ce8ea7
data/real/50/10.jpg,0,REAL,50,.jpg,1000,700,RGB,5873ef71fb27d06ff524c850afb292e7f67edd952ee5f166c10b5128cd399266
data/real/50/11.jpg,0,REAL,50,.jpg,631,289,RGB,9d5743391b90dc51bcfebd35c8e24906c3598b476bbd80fcc5b1904a2a7e2693
data/real/50/12.jpg,0,REAL,50,.jpg,1280,720,RGB,066c18430215e9a64dc2c14f0a50388d657ecbe4d4c22828f6457a3839609ced
data/real/50/13.jpg,0,REAL,50,.jpg,548,411,RGB,eb6745fdccb5c33f29873941f10aceccb474480c3d9d1734bbe25b676120ec62
data/real/50/15.jpg,0,REAL,50,.jpg,400,266,RGB,0e62ca33e70ff1b4f10ec8cbea76b235c600403c282b011c21d27e50bdb2307e
data/real/50/18.jpg,0,REAL,50,.jpg,960,504,RGB,20387dda3ae7ac46a2d3d7e7a6d9760efa1ea44f780ac3897555fe24f73b3107
data/real/50/19.jpg,0,REAL,50,.jpg,390,280,RGB,d634332c67e3a39a4bd028898aec24e1606c3c08b5a5998bdecf79006d94a556
data/real/50/2.jpg,0,REAL,50,.jpg,470,229,RGB,e92a67d1eb0b01a222add2a0f2bb37dfc7fca34827c441a7c0e6509f1b61aee8
data/real/50/22.jpg,0,REAL,50,.jpg,1500,1117,RGB,45854293aed1b44c10b386800573b216a47fd6525677b4396a84d7ed5056b305
data/real/50/23.jpg,0,REAL,50,.jpg,322,156,RGB,8670d1f9bb4a523e412f27ed0dccd6ec9cb94e24ce6ce8beae083d70115408bc
data/real/50/25.jpg,0,REAL,50,.jpg,300,196,RGB,c9fac64591121c7d5097702b280e9395b0b8fddea90ce94a5446dfff6572d24b
data/real/50/26.jpg,0,REAL,50,.jpg,500,491,RGB,976df86754103060b6e061ad9c606dfc772fb7642e4560b14bee0a237f2d0c58
data/real/50/27.jpg,0,REAL,50,.jpg,900,387,RGB,ff22e1e17befcfc0a012275ef663abfd0ceda0c9acf82a81d63cdac8f50c1545
data/real/50/28.jpg,0,REAL,50,.jpg,1300,718,RGB,74412afa867bb9c39b87c924d9f5c3fba48c9f5edeb121873c1834225316e011
data/real/50/29.jpg,0,REAL,50,.jpg,800,829,RGB,871652356ace1707216879a38e174f466d759e5ac8cb4863c1c4cbdd2ea7fc05
data/real/50/3.jpg,0,REAL,50,.jpg,400,210,RGB,9fe05cd297c4822ca8b3cb7542fb92ae878dc13846515875e7231811547b121a
data/real/50/36.jpg,0,REAL,50,.jpg,1247,1141,RGB,3f911a69500d0196e4c973e7c01d7ca5c836d9ef01087a9c0f8aa4fd509513d9
data/real/50/37.jpg,0,REAL,50,.jpg,1080,854,RGB,6d87481a9fc391e1d7e0d6c0f346b09cf0ca099b550351dce7cf519e55ab3f04
data/real/50/38.jpg,0,REAL,50,.jpg,1024,1012,RGB,b73698a787b5fd31f3c976dfaa37fec965cadf3f3df15764da7b64b968274931
data/real/50/39.jpg,0,REAL,50,.jpg,1539,638,RGB,367a636c8e9cf97d7e749554705921c3f976539acfcdd6c9e97b797a010be970
data/real/50/4.jpg,0,REAL,50,.jpg,218,111,RGB,98c907e69f2ecb8ba93397219cfc6df32f1e158929466df9902f6f01cf6ab230
data/real/50/41.jpg,0,REAL,50,.jpg,700,400,RGB,692231666af243645f132a7b55c696a59a1d922ee69dfc0f550f3dd773bf5fcc
data/real/50/42.jpg,0,REAL,50,.jpg,390,280,RGB,a087e165b32cc419735b7e1a62f961c75bc7c182d2c656517f67b1ddd941f446
data/real/50/43.jpg,0,REAL,50,.jpg,538,257,RGB,d3b1b1df0f89a125e7772d726ede53f3ec1b123fbc749ac6409bbf3ed1470acc
data/real/50/45.jpg,0,REAL,50,.jpg,1280,720,RGB,066c18430215e9a64dc2c14f0a50388d657ecbe4d4c22828f6457a3839609ced
data/real/50/46.jpg,0,REAL,50,.jpg,257,127,RGB,7d84b99914d1a84aabd9a1c735e5337cc8804f7016672149addd281b30a2e805
data/real/50/48.jpg,0,REAL,50,.jpg,1280,720,RGB,801f20f8a2b26268dc300ccd45e0fef32d003faaebcfc1c5265a76bb9d961aec
data/real/50/49.jpg,0,REAL,50,.jpg,390,280,RGB,2e720df7983d1cf2b48f16240c8ca1075d282baddd0b439cc3afb6abb8c756e1
data/real/50/50.jpg,0,REAL,50,.jpg,690,391,RGB,5fc4c63336e254c12702e10526ef1534ca311eb07802aef6d77f208061f0846e
data/real/50/52.jpg,0,REAL,50,.jpg,1300,956,RGB,d4ce92e75eb6af20a0e63cd5e4fdd2354bd058be641287ef9d6aff7808688077
data/real/50/54.jpg,0,REAL,50,.jpg,1538,524,RGB,afa3d53ad2668bfd0cc57005740877bc5e206e5d219df4c8d76265146d2cf439
data/real/50/56.jpg,0,REAL,50,.jpg,944,391,RGB,c283403911c95eafd14a48e70562ac556aa920cfa0782d9a8a47e70d3f8ffc1a
data/real/50/59.jpg,0,REAL,50,.jpg,295,123,RGB,d71d2ea5840386a86810d717f9cf3e9ab21cb991748b040dc6b2d81e18d58367
data/real/50/6.jpg,0,REAL,50,.jpg,225,300,RGB,fcb631cc33aa508e533fc2d3522d0edc5e180891c2ebd1557697cad6eed95c41
data/real/50/61.jpg,0,REAL,50,.jpg,800,533,RGB,8b8ffc536d73130851bce96d3903cab3202eada4dfd7eb293315698df5c0cbf5
data/real/50/68.jpg,0,REAL,50,.jpg,640,355,RGB,557d832572764cb55e5d93dae6067785eac2a8b5bd3e17257d843b0beeb3831c
data/real/50/69.jpg,0,REAL,50,.jpg,274,145,RGB,ba057f1d0e732ad54c4ab8576d3037163d784566a26d1fc7c901aa6b15cf6469
data/real/50/7.jpg,0,REAL,50,.jpg,1000,465,RGB,9bab86f78fa00cabdb418556f68177d8c458d4dc38d2ad853fc1d945c6d98134
data/real/50/70.jpg,0,REAL,50,.jpg,577,325,RGB,bbaff5451e78ce9fb6a46c766733a8a6af0aba775eca3e0d9f5053d4efe03683
data/real/50/71.jpg,0,REAL,50,.jpg,1280,720,RGB,7183d44231abd4f36adfade226ed95328595cea7e0b7b7bbdc76861ce8fa2ad4
data/real/50/73.jpg,0,REAL,50,.jpg,496,196,RGB,24fb9e6f86e4ded176b9ebfa5e3a0cd3daa79329fc7d274313b124bbd6a5bdf9
data/real/50/74.jpg,0,REAL,50,.jpg,381,222,RGB,f591e772d3a9518405ad5695f27451b3c50779028594aa1434f4ae2d4b9fecc4
data/real/50/76.jpg,0,REAL,50,.jpg,1500,1117,RGB,4adcf469212dd7808c7bb8ae8ace8220517dd43ec0603f1010bca8f050fcfec5
data/real/50/78.jpg,0,REAL,50,.jpg,1059,519,RGB,25b691453c8c43466f94724abb2e4d7a9e00dbf5a9964518b81981fcdff63338
data/real/50/79.jpg,0,REAL,50,.jpg,386,216,RGB,61092db6f6fd3cec12f27fc7d1c92dbbb0605354bb327ff5374ad7ff4907746a
data/real/50/8.jpg,0,REAL,50,.jpg,759,422,RGB,0682eedcfb8a7bcd6ce2f41c6c8e2d170243419e64b10c76c65a758c18932ee3
data/real/50/81.jpg,0,REAL,50,.jpg,828,300,RGB,26fa8ea7b0a31e46ec974879c618f5205e02b4dfc62b8b01e49459483d630677
data/real/50/82.jpg,0,REAL,50,.jpg,415,205,RGB,5f01c1527a0dbe571dd083022fb2083f7070e9e9bb25f7e49609a8a93794e321
data/real/50/83.jpg,0,REAL,50,.jpg,250,140,RGB,d45a3aa5b6c491349a80df0d7742606d66941a490fb47dc2f8f3985e2e261e1a
data/real/50/84.jpg,0,REAL,50,.jpg,1024,505,RGB,54a680a5c7ff5f9399d7c3cdeda5fa1687ee8d33bd24d4c206cc767c6aef32d4
data/real/50/87.jpg,0,REAL,50,.jpg,600,365,RGB,ef04c282c9cd115b7659ff35cc595ee233aee14790b0937f065fb3fac1ef20de
data/real/50/88.jpg,0,REAL,50,.jpg,1198,579,RGB,ea1f6cfb76e241aa045e06d9cbad612b7873bebc3d6e7a620f2cbea18dd56ad1
data/real/50/89.jpg,0,REAL,50,.jpg,493,194,RGB,63fff83e619cc89e02edb719193093d6785787b1100bcc451916221a2e431fad
data/real/50/9.jpg,0,REAL,50,.jpg,1600,812,RGB,a2c905f8608b2890daa7871d4a916e75c89808a71fd639cb9a2ebcbd8a963081
data/real/50/IMG20220927125312.jpg,0,REAL,50,.jpg,4624,3468,RGB,942932e1c7dd173887f9cd8d4de2fa8fc730d01b6bc95aeff3299fb9e139beaa
data/real/50/IMG20220927125321.jpg,0,REAL,50,.jpg,4624,3468,RGB,6b70d02815873b95f0fecbc5d0fd2f6078d55307061dee4e097d890d1dbca4f6
data/real/50/IMG20220927125324.jpg,0,REAL,50,.jpg,4624,3468,RGB,ed3466006c9e6d7adf0c3a59cc4921b72189aed1c92cccc0ea3a3c0af48e0a83
data/real/50/IMG20220927125326.jpg,0,REAL,50,.jpg,4624,3468,RGB,08329d91a92da01bae7eee37ea3c158f70d1c0a3008bfbce085f75a7fab99166
data/real/50/IMG20220927125331.jpg,0,REAL,50,.jpg,4624,3468,RGB,708e942ccce37126cd83dbab85a9bf8538c97b0525ce83eab069088352f85389
data/real/50/IMG20220927125346.jpg,0,REAL,50,.jpg,4624,3468,RGB,33d88e679e0c405ae828a88210960f4855e43c9d2eab6343227d05425343167f
data/real/50/IMG20220927125348.jpg,0,REAL,50,.jpg,4624,3468,RGB,3add4e3996bee92662f21c6987fa5bfce551463f9085a020ef651163bb58d9bf
data/real/50/IMG20220927125402.jpg,0,REAL,50,.jpg,3468,4624,RGB,bc53133a76ca4b8a6092677953e15c910fa4828ed8986229bd3fdee1f5219b68
data/real/50/IMG20220927125409.jpg,0,REAL,50,.jpg,3468,4624,RGB,70eb7a9f8ecdb4a8a9140464804cb27dfe1a3defd12656a8e96f5256f4e74bbe
data/real/50/IMG20220927125414.jpg,0,REAL,50,.jpg,3468,4624,RGB,032e74ceb9487e9c0167585363e364c08509f266fa229d070ce61c082e16306c
data/real/50/IMG20220927125426.jpg,0,REAL,50,.jpg,3468,4624,RGB,028df759d9892e40831e0359e47133ff967b893427fdce6aadddcb6884199e18
data/real/50/IMG20220927125433.jpg,0,REAL,50,.jpg,3468,4624,RGB,c97f130b1d35c5cf94c3b2a0f41affa88b5cba8af753a9e2bf8cc93e0b324bca
data/real/50/IMG20220927125454.jpg,0,REAL,50,.jpg,4624,3468,RGB,26122545c097fb0c64f36ae032148ff4cb6606dc6f0b5dad63eb09a3cedf3ce6
data/real/50/IMG20220927125456.jpg,0,REAL,50,.jpg,4624,3468,RGB,b660fcdad2f5660b81773cde815a3a68460121cffaeea3539a85ee6093ef6170
data/real/50/IMG20220927125459.jpg,0,REAL,50,.jpg,4624,3468,RGB,1b03162ba640be3f340ea84d493ab2814ef54cb675939ebd63b4c80ebb5961b4
data/real/50/IMG20220927125501.jpg,0,REAL,50,.jpg,4624,3468,RGB,e47cd5a0949da6e1a1c39dc25b539bdd93a88f1440cb4e17dd3b5cb880059e4e
data/real/50/IMG20220927125504.jpg,0,REAL,50,.jpg,4624,3468,RGB,c67216c3523115e05acd0d45c2a59a3f874e0f2b2a880c7740fcc2db9b1ddd5d
data/real/50/IMG20220927125511.jpg,0,REAL,50,.jpg,4624,3468,RGB,756a5528b210be2df5097704b5b0cf3d506c9d42811371bbdaf050428aeaf326
data/real/50/IMG20220927125543.jpg,0,REAL,50,.jpg,3468,4624,RGB,0bae0da723ea9c1277150ee3e86bda3a2de7a6290e6b74cb4babc32f5c067ff9
data/real/50/IMG20220927125549.jpg,0,REAL,50,.jpg,3468,4624,RGB,0174831c2c676921ae3fdb8c2b5d8d316fb9579a37fd33d7278390a7daf6f3d8
data/real/50/IMG20220927125559.jpg,0,REAL,50,.jpg,3468,4624,RGB,d5236b2571772c0e2bd45a67b72648a96cd7976048eff53e8f53116bbc99a589
data/real/50/IMG20220927125607.jpg,0,REAL,50,.jpg,3468,4624,RGB,47999ddb6da95b07ff685b53f1564d7c94c030057cdd28cdf4cdf506967d9352
data/real/50/IMG20220927125609.jpg,0,REAL,50,.jpg,3468,4624,RGB,5161447662932e94ba3f90f921175943b15ebb4f89c9da8e96cf53456a947e0c
data/real/50/IMG20220927125611.jpg,0,REAL,50,.jpg,3468,4624,RGB,4c12af7b214f4e9f7fc8a759135e93e5dc7a559b13c9951c3eaa1dadb5eeed7c
data/real/50/IMG20220929125001.jpg,0,REAL,50,.jpg,4624,3468,RGB,68fb17de44d88f327e36baf73ab8cefc55625bdfa3cc4364af0051f0f9e9c6fc
data/real/50/IMG20220929125003.jpg,0,REAL,50,.jpg,4624,3468,RGB,e0d79cfc9731a75a73804ad96c2fd6e7aa15be8f7e62f47d55f8a8620f4b6ad6
data/real/50/IMG20220929125011.jpg,0,REAL,50,.jpg,4624,3468,RGB,0565a20d9d01bd251eafdf0e79ebf275dda7013c52e49cf5a49b30e1256ec9dc
data/real/50/IMG20220929125013.jpg,0,REAL,50,.jpg,4624,3468,RGB,405ed2d6652819e816eea5e0c2d9366cee4ecdcf985a14cd7975d84c7d488de9
data/real/50/IMG20220929125016.jpg,0,REAL,50,.jpg,4624,3468,RGB,4684b9ba64fde1159dedd2259657adee08a0df256c253087a35bb843c8b84870
data/real/50/IMG20220929125021.jpg,0,REAL,50,.jpg,4624,3468,RGB,90b82eaea898ddca267b525d5184dc27f376ac66bf3b4a14df7977bde6db46a8
data/real/50/IMG20220929125022.jpg,0,REAL,50,.jpg,4624,3468,RGB,2b74b93cf3ea332171d273eea1e67561deaca8c95a45d99aceea3791e3537dbe
data/real/50/IMG20220929125024.jpg,0,REAL,50,.jpg,4624,3468,RGB,2ddedb5c9a7817ef401064782d8909a22174e61939f09c08f0bd7ff998c741d1
data/real/50/IMG20220929125031.jpg,0,REAL,50,.jpg,3468,4624,RGB,3a22b6ca508fbec60358f976e05fd788b2f84f72c31495a1b8eec20bba40d3a5
data/real/50/IMG20220929125038.jpg,0,REAL,50,.jpg,3468,4624,RGB,93bbae84394ae8f860a097db9b2abcce4dc03a980b91fe3c6823ec7c7a39050c
data/real/50/IMG20220929125040.jpg,0,REAL,50,.jpg,3468,4624,RGB,7656bbce40cddfd1f09d3857c31e8e4af4db56944b15eb02cf364d3731a32290
data/real/50/IMG20220929125041.jpg,0,REAL,50,.jpg,3468,4624,RGB,30c82cb2051843b2b7e7385b6071374bcf1512786ee62b4ce6e49a5f625e8bd7
data/real/50/IMG20220929125050.jpg,0,REAL,50,.jpg,3468,4624,RGB,f8e08917ed3a4c6b5c28efe47c74bee33fca0b74bff66e6ea6b1eee9c400c62d
data/real/50/IMG20220929125052.jpg,0,REAL,50,.jpg,3468,4624,RGB,69d98834b1e586eefbf799a79bc1e5f5cfac4cc40e4d7c30bb642a9bf5da83fb
data/real/50/IMG20220929125104.jpg,0,REAL,50,.jpg,4624,3468,RGB,0d4049bc15952bdc3daf577bbecf90dc07f1bcab260c58bb67957971fc303fb7
data/real/50/IMG20220929125109.jpg,0,REAL,50,.jpg,4624,3468,RGB,0a5692739259eddf1b6360fe8009c9e6adcb7186870b1bb0e48c1948f788ed43
data/real/50/IMG20220929125111.jpg,0,REAL,50,.jpg,4624,3468,RGB,77019b4942a757b081c818408aff183847f7ed00682f84e3a3211741a77b79d5
data/real/50/IMG20220929125117.jpg,0,REAL,50,.jpg,4624,3468,RGB,417fc2797b61b4cf1d76a3ccde2ae7f52da56fc025351ab38a984681e083b109
data/real/50/IMG20220929125124.jpg,0,REAL,50,.jpg,3468,4624,RGB,08724a8ba92a1f4511b90f357eb9dc673db69c87f167462da3c0d4ae1c5a9b79
data/real/50/IMG20220929125125.jpg,0,REAL,50,.jpg,3468,4624,RGB,6846d6508873c3e78ebbaf6243bfff013ead237769b19c249f80fd30dde60260
data/real/50/IMG20220929125127.jpg,0,REAL,50,.jpg,3468,4624,RGB,f3ca890c3945e14fcb80f4fcc98171ecab5f74cb896ae620c0388279f1246c74
data/real/50/IMG20220929125202.jpg,0,REAL,50,.jpg,3468,4624,RGB,11b1a77fc96f7e2fd4d84c8baa1a6c046cb9553957deb73f8686bb762903e0de
data/real/50/IMG20220929125228.jpg,0,REAL,50,.jpg,4624,3468,RGB,afb6d0cdeb79a25f675ad1ceba0b5b7dbb7d74a6f4d7058537950680deb84730
data/real/50/IMG20220929125229.jpg,0,REAL,50,.jpg,4624,3468,RGB,78a439044615d196da7eac89001776217e35c538ce6af48538b99efc30faf5b1
data/real/50/IMG20220929125302.jpg,0,REAL,50,.jpg,3468,4624,RGB,1cf633257e06dc69c3019939ad4479e1ce7a72d17eaed1bf2f66791e0b3d5f82
data/real/50/IMG20220929125307.jpg,0,REAL,50,.jpg,3468,4624,RGB,97fa7ca3323bb874a049ce120447eeb5bc8cab0a76c567d8573c1a88a0a1d87a
data/real/50/IMG20220929125309.jpg,0,REAL,50,.jpg,3468,4624,RGB,7dee1737f1134b1214680f53a03b5316152511b1af3eff229c851fde42053f36
data/real/50/IMG20220929125320.jpg,0,REAL,50,.jpg,3468,4624,RGB,6abae9400f621b83302441e428b712d5ec7ae4da7c61bb3e070517de5665c7ad
data/real/50/IMG20220929125325.jpg,0,REAL,50,.jpg,3468,4624,RGB,b5dd9829a25c1dd07bc591f7259319fc5eca58fc09def0205e2e30b120e25b75
data/real/50/IMG20220929125327.jpg,0,REAL,50,.jpg,3468,4624,RGB,fa838512d6f1e52471131d3cfb6bc9b8c82c801874fe0e7b2257dc7e885d95e8
data/real/50/IMG20220929125328.jpg,0,REAL,50,.jpg,3468,4624,RGB,94ffc6f9eb1005749bac0fe18ce3816e3d2e3d39d934b543d40255c26644c95a
data/real/50/IMG20220929125330.jpg,0,REAL,50,.jpg,3468,4624,RGB,ebb6e25c8b8201887f77ec37ebd95370d559c331276e06a2f703a340ab10dc54
data/real/50/IMG20220929125334.jpg,0,REAL,50,.jpg,4624,3468,RGB,73e5d79f606c83a5be1c83fb856c6bf2662cd681af010f8052b196672b97a6c8
data/real/50/IMG20220929125339.jpg,0,REAL,50,.jpg,4624,3468,RGB,1ba51870a9529ff0806dde765ce1146c6570b6a9842eed2924bd6129e1269910
data/real/50/IMG20220929125341.jpg,0,REAL,50,.jpg,4624,3468,RGB,64543bb2dc923182183f0a0fa4a966a022b19b6389a08da69dc591d3e436867d
data/real/50/IMG20220929125348.jpg,0,REAL,50,.jpg,4624,3468,RGB,e49020fbb326456171f0c871fb9d3ecc8d47bb799d006a274c875d8d643dacec
data/real/50/IMG20220929125349.jpg,0,REAL,50,.jpg,4624,3468,RGB,d0cd922c6aa8e220d81df3d4b81f9c697e79d9f76d11238e82552c672c823736
data/real/50/IMG20220929125351.jpg,0,REAL,50,.jpg,4624,3468,RGB,3c8215f0d29f26abb31cc762a62a6f08ee30e2c5b7bf98634cb87d896fb58c72
data/real/50/IMG20220929125352.jpg,0,REAL,50,.jpg,4624,3468,RGB,55b992434cee5a6176af6c16a0030572a6b2bd34cfb8e78e0f53487e3c4355e3
data/real/50/IMG20220929125356.jpg,0,REAL,50,.jpg,4624,3468,RGB,4935e2aa433f0a6d7172a6a79fc88573bbff5ad15473b2b399a869b37ef9e2c6
data/real/50/IMG20220929125402.jpg,0,REAL,50,.jpg,3468,4624,RGB,a8c6f5c7ed8b72a75aa0f0eccb08fedd82c85cfbcf969243f39ecb971d05c038
data/real/50/IMG20220929125502.jpg,0,REAL,50,.jpg,4624,3468,RGB,586b232ce3fc58e3a718b2724cecd7bd8842a334ece9367a59ce513aaf34afd9
data/real/50/IMG20220929125503.jpg,0,REAL,50,.jpg,4624,3468,RGB,f309b1c29adb1bb8e4f5197063b3dfca28942f038c73c4fce2168661ec86cd27
data/real/50/IMG20220929125509.jpg,0,REAL,50,.jpg,4624,3468,RGB,50bdb71004d76fa5eecf9078ca4053305ba917421797fd4b951f143367d109f6
data/real/50/IMG20220929125512.jpg,0,REAL,50,.jpg,4624,3468,RGB,aeb18a88b3c6ecc5e0ba412c573bbbf2ddae021469dccab96f85fcd85bdc607e
data/real/50/IMG20220929125516.jpg,0,REAL,50,.jpg,3468,4624,RGB,1560be0ae871429a5ddebd588136dd69f96647f98f716a563cbcd174ff416d81
data/real/50/IMG20220929125518.jpg,0,REAL,50,.jpg,3468,4624,RGB,1f4b49e5ac8d50674c231db419b699e5df13f467d4bc40c4c9c8051722ed8d2e
data/real/50/IMG20220929125525.jpg,0,REAL,50,.jpg,3468,4624,RGB,28783889d5da7de3dbf4810d3f65f4b9eb834781fdbe36ddd1936338a345325c
data/real/50/IMG20220929125534.jpg,0,REAL,50,.jpg,4624,3468,RGB,449f732f730b091755aa60fbd717a4f7438c8ad24ca25c7cf80ed697fcf66d47
data/real/50/IMG20220929125535.jpg,0,REAL,50,.jpg,4624,3468,RGB,63ac37586067c601bad8b854a2a018b7f6a4b71b1b8ff696a2552c96404272f5
data/real/50/IMG20220929125538.jpg,0,REAL,50,.jpg,4624,3468,RGB,5b9949c5419c9a9b18a521fbe1335c1a3c3dd9bafa9feba4569b49cc82f1173e
data/real/50/IMG20220929125542.jpg,0,REAL,50,.jpg,4624,3468,RGB,8b1bf27ffff4cb70b9778d3ba58f394cf3f05832464d44d195a22c7929d4db0e
data/real/50/IMG20220929125551.jpg,0,REAL,50,.jpg,4624,3468,RGB,2620e2b2c4f3787e397b3f4b766d4ce3dc1038e5c1077c703afe2fc725faa106
data/real/50/IMG20220929125557.jpg,0,REAL,50,.jpg,3468,4624,RGB,207ccb26a0ab712e45931bf0cebe3489bb059365a3673a949bf03c4821b8c8f8
data/real/50/IMG20220929125603.jpg,0,REAL,50,.jpg,3468,4624,RGB,5848d10a568c1df49803b17335a87691ed473572be3aa29ec86d754dfae399ed
data/real/50/IMG20220929125605.jpg,0,REAL,50,.jpg,3468,4624,RGB,5fdbca588e512862de2d9384e9adfabaa852673e234019be8920c851276bb4e2
data/real/50/IMG20220929125607.jpg,0,REAL,50,.jpg,3468,4624,RGB,48a0f22f9566cee722dc275ac3dad50d4571c18abd398e28db11aca8af5f6051
data/real/50/IMG20220929125609.jpg,0,REAL,50,.jpg,3468,4624,RGB,2af8bce698da4114843c9ded16dc27940d2b149d536006fdbeb639b802cd533e
data/real/50/IMG20220929125611.jpg,0,REAL,50,.jpg,3468,4624,RGB,b165cb1b61624270421e174ab19c3753339ad10f8c1912563a39e7b74a651fe2
data/real/50/IMG20220929125612.jpg,0,REAL,50,.jpg,3468,4624,RGB,4c445c15e3b3ffd4d3e68dada3686a882b33b4c8e8a810a08d845dc0a3cc745f
data/real/50/IMG20220929125614.jpg,0,REAL,50,.jpg,3468,4624,RGB,f3f4bf97e632ffc80dc0f9beaab277a42aac76c570e7ba3a696149c491b8b338
data/real/50/IMG20220929125616.jpg,0,REAL,50,.jpg,3468,4624,RGB,a1ba397d7de72c4d381977666f01282e5450976869937bfb946c2ba8e2ef0ba9
data/real/50/IMG20220929125619.jpg,0,REAL,50,.jpg,3468,4624,RGB,218a4b95e5b67672b52f1eb3ad897aedc9906f5cf7a8c406ee9733ea980c50e1
data/real/50/IMG20220929125631.jpg,0,REAL,50,.jpg,3468,4624,RGB,8b6d9e93f17261f874b0e7a7f95cc9ddfe0bc95c17ab193047bf709185767363
data/real/50/IMG20220929125637.jpg,0,REAL,50,.jpg,3468,4624,RGB,ee1507ebc45aa70a91eb4f1bacb7cf0553f54e80311a3c989db49037c5dbe8c4
data/real/50/IMG20220929125645.jpg,0,REAL,50,.jpg,3468,4624,RGB,5dfb2b80bf020d73b967dff28e3c526e822539d2ee5a183cd11854e6da20126d
data/real/50/IMG20220929125648.jpg,0,REAL,50,.jpg,3468,4624,RGB,29a3aac0e214ab486d09db4486265eff8e37ddbfa9ab7794eb268a5c2a7facee
data/real/50/IMG20220929125650.jpg,0,REAL,50,.jpg,3468,4624,RGB,c5f6e28747a37d3ff89cb96f41c57769e28ac49a2cbfd3695bf1c3f970c838f0
data/real/50/IMG20220929125712.jpg,0,REAL,50,.jpg,4624,3468,RGB,2770344426c87724336f86407b603a4aa53f32739eff8cfcb2d4f05298659a82
data/real/50/IMG20220929125713.jpg,0,REAL,50,.jpg,4624,3468,RGB,7712b81c9c8a6f492453f9e073e0b9c0e28fc085a2fe35f0aefe5741796dae3d
data/real/50/IMG20220929125715.jpg,0,REAL,50,.jpg,4624,3468,RGB,8bec20734a90b5c04f3f6d07b7d362f55e48efcf7be7562d8e01b8c7aa6eddc9
data/real/50/IMG20220929125723.jpg,0,REAL,50,.jpg,4624,3468,RGB,0c73374728fbac9dc5037cb83c77ce7b30b0c40af3c2d4929247eb2ace633f55
data/real/50/IMG20220929125725.jpg,0,REAL,50,.jpg,4624,3468,RGB,e489ae79c0ce1c3e03f96e65ea3e76361c500dfa84c63ba024758fa78b419bbc
data/real/50/IMG20220929125726.jpg,0,REAL,50,.jpg,4624,3468,RGB,46dac01a5d5cf421ab8c5d81ae7219a689295ab523045b2a3e286b6103b41b8b
data/real/50/IMG20220929125728.jpg,0,REAL,50,.jpg,4624,3468,RGB,9d31985eaf43c98094dfdb4dbedcca5d57f3373bb4e13f7de70cd700e338cd3a
data/real/50/IMG20220929125738.jpg,0,REAL,50,.jpg,4624,3468,RGB,52d8e0b18e418a2c4280225e90fe8da7efaa9c04539403704fd1b0cd38bec605
data/real/50/IMG20220929125740.jpg,0,REAL,50,.jpg,4624,3468,RGB,ae09ee74212c179eb0f06b5ef619f1df3f57fae8e3f936ab58cc14587d844c84
data/real/50/IMG20220929125744.jpg,0,REAL,50,.jpg,4624,3468,RGB,f5892b8e6d772292dd24fc6f41283da58fae0d733839c2f8d8b1b46818654c3e
data/real/50/IMG20220929125751.jpg,0,REAL,50,.jpg,3468,4624,RGB,56aacc5b17197efed1950e67bf8320693394e46eb93c047b4abb770ec7069f9a
data/real/50/IMG20220929125755.jpg,0,REAL,50,.jpg,3468,4624,RGB,76327b43282eddbd08c1a72d2116de7ca1dd5e3d7245de8b832da138b55311cb
data/real/50/IMG20220929125758.jpg,0,REAL,50,.jpg,3468,4624,RGB,0a6330aab49e0fd7a1052d73853610cbd5ef4267cdc521106edb044ec90c5d1a
data/real/50/IMG20220929125759.jpg,0,REAL,50,.jpg,3468,4624,RGB,6cc810e82747298424ca9adc86acf67133b52a71534294efca1bf625e8264420
data/real/50/IMG20220929125805.jpg,0,REAL,50,.jpg,3468,4624,RGB,eba702daa89c164940bbca8a5b04e6c950ca7ebf2c092ecff9114a6cd1c89762
data/real/50/IMG20220929125807.jpg,0,REAL,50,.jpg,3468,4624,RGB,ad19a92a5498b3e547323a92bef9736d81dd7590f1b0905bf430e7f534c17e28
data/real/50/IMG20220929125833.jpg,0,REAL,50,.jpg,3468,4624,RGB,29863c918fe1c07646c4c9a6c9d147ee4aa4684a5eb21ba107fdb2bb38470e14
data/real/50/IMG20220929125835.jpg,0,REAL,50,.jpg,3468,4624,RGB,4ea7302e1ae8d6b5af3171a673fe7b9643bd879f87d876241330589a2fdc4179
data/real/50/IMG20220929125838.jpg,0,REAL,50,.jpg,3468,4624,RGB,a579eb85eac86e210e789e1e2831e0c9243d707a8c4b923a69ce16cf64754ad7
data/real/50/IMG20220929125841.jpg,0,REAL,50,.jpg,3468,4624,RGB,7052bd70ed978518c89e951c3b5be45ffbab60082571ffcadef70ffa9577178d
data/real/50/IMG20220929125847.jpg,0,REAL,50,.jpg,3468,4624,RGB,63bef5d7a74d76e9486cec69320fcae556395654af24009484dee25027691d2c
data/real/50/IMG20220929125849.jpg,0,REAL,50,.jpg,3468,4624,RGB,c402dd54aa3b6c58bda80e104fbf88a9f667ba1236c8eb01ad7ad05a515a3cc0
data/real/50/IMG20220929125850.jpg,0,REAL,50,.jpg,3468,4624,RGB,3985da7a71f474b088faad8ce60125fdf428dc102b3b70cfb172b84c58bf738b
data/real/50/IMG20220929125855.jpg,0,REAL,50,.jpg,3468,4624,RGB,84c6ea7cc85c4a6962f627c294f9674ae82d8cab144b916ec1f5ad94892f672a
data/real/50/IMG20220929125900.jpg,0,REAL,50,.jpg,4624,3468,RGB,49d32227404bf4a8f77fb61a44d438dc23efbad0041ca503807ed1417d993a90
data/real/50/IMG20220929125902.jpg,0,REAL,50,.jpg,4624,3468,RGB,83c93a16b74528745e7f212874ca2832592bf710ac8c7289c58c8d8f5f2ae93b
data/real/50/IMG20220929125907.jpg,0,REAL,50,.jpg,4624,3468,RGB,75a80f5109b9b9418e01e38ab88073ecd59c85447c84849d774f819e8479064f
data/real/50/IMG20220929125916.jpg,0,REAL,50,.jpg,4624,3468,RGB,f8adaf633400dd4a937d431e471da4a87106851d7ce2180830725a4fd7cca014
data/real/50/IMG20220929125918.jpg,0,REAL,50,.jpg,4624,3468,RGB,22cca6cec3054216f482a5c86efede4af54b995b00b1f3b0fed31b6c6683b673
data/real/50/IMG20220929125919.jpg,0,REAL,50,.jpg,4624,3468,RGB,a297edd4152f1b42aa99868f5233a3077c4af26dc1c2aa7426d7ca53d8cad25e
data/real/50/IMG20230110195045.jpg,0,REAL,50,.jpg,4624,3468,RGB,889c94a02350fd3d8aea3fd519442c7a014425204a647f3f0ef37b9c9a8487b2
data/real/50/IMG20230110195052.jpg,0,REAL,50,.jpg,4624,3468,RGB,df1d29517481783ad503d05bc7fc92c094685648538d042d519556c80484ecf7
data/real/50/IMG20230110195054.jpg,0,REAL,50,.jpg,4624,3468,RGB,b0a1ff1de2790fa5f2e3a0a41f05130a1b1ae2c153b10597ad48ba4447468fee
data/real/50/IMG20230110195058.jpg,0,REAL,50,.jpg,4624,3468,RGB,afb2162b18feefbd051bef0cf2440d0cefea65e3b6913dc7d653a3a7909de3af
data/real/50/IMG20230110195059.jpg,0,REAL,50,.jpg,4624,3468,RGB,d99bf32cf550e49137f7149020d36b6b60954da73f126f9db7766daff4473b41
data/real/50/IMG20230110195101.jpg,0,REAL,50,.jpg,4624,3468,RGB,c280cd5f4a0d8350a37de93a87768286109631880da7af21d463317d06f394bf
data/real/50/IMG20230110195106.jpg,0,REAL,50,.jpg,3468,4624,RGB,fcc5bf469e4fddf61c8ba657847865f13392ca939d12ad4d229c0d2ee15baddf
data/real/50/IMG20230110195109.jpg,0,REAL,50,.jpg,3468,4624,RGB,491c33022962c29ee0ecddd46be63099db0c279538ae650618ea09919f384b03
data/real/50/IMG20230110195419.jpg,0,REAL,50,.jpg,3468,4624,RGB,2db6bcf5af748c208aac8ecd0a1afe9d03c834dc51fefac8d239cbc6779ddb39
data/real/50/IMG20230110195426.jpg,0,REAL,50,.jpg,3468,4624,RGB,3330df2bc2d893bb2e5c1d4f1c76ee75b8354bafe64267dbce73f4e3f5c1d974
data/real/50/IMG20230110195430.jpg,0,REAL,50,.jpg,3468,4624,RGB,ade7692d6bc5070d8296c320fc991001e453544feb4c3b61e1bedee6dab0fe96
data/real/50/IMG20230110195433.jpg,0,REAL,50,.jpg,3468,4624,RGB,acee16d4d4fc4fe02451fde8d805b2af7ec3a2a2f79d3ba06349d638f202aee9
data/real/50/IMG20230110195441.jpg,0,REAL,50,.jpg,3468,4624,RGB,9bd317d3bf2175177da3ef26e91cb3b242631aa2f53e4a9b3784574872f5bce1
data/real/50/IMG20230110195444.jpg,0,REAL,50,.jpg,3468,4624,RGB,d464740a7c44d27f3827b15a43035b98af3d81f3908d5588da80aa016abdd1c8
data/real/50/IMG20230110195447.jpg,0,REAL,50,.jpg,3468,4624,RGB,cd3f748036b274baf9356487b3a275bc245924facd37802a976ec0bd98219227
data/real/50/IMG20230110195449.jpg,0,REAL,50,.jpg,3468,4624,RGB,42dc274208b644f93062a07eda40afd21ee9c4f35f5a1664fe968b607eba2ab1
data/real/50/IMG20230110195453.jpg,0,REAL,50,.jpg,3468,4624,RGB,b1f40444f3d11c781b35a0d1a01f367bdaa761b473d92939e1950622218f8214
data/real/50/IMG20230110195500.jpg,0,REAL,50,.jpg,3468,4624,RGB,cdfc6b9715a6429dc5d03dcbf10647109fae87f3ca3abc85191e3da971d93f25
data/real/50/IMG20230110195502.jpg,0,REAL,50,.jpg,3468,4624,RGB,16dd20c7231f450d76f2e52032222ee09188ef62e15ecc83e184187b82bb101e
data/real/50/IMG20230110195504.jpg,0,REAL,50,.jpg,3468,4624,RGB,40e33bb7dd32def3c0e003f570bb33b85a4d69698f95815d8b405d41216b20e5
data/real/50/IMG20230110195512.jpg,0,REAL,50,.jpg,3468,4624,RGB,f351c9a658d93b7332f7ba7bb97865c21b1e0da7614e5bf027d25f8eae7d969a
data/real/50/IMG20230110195518.jpg,0,REAL,50,.jpg,3468,4624,RGB,6908528bf776a6a7dcca5de795ef09df61df8368afc765aed0bea8b4be39534c
data/real/50/IMG20230110195522.jpg,0,REAL,50,.jpg,3468,4624,RGB,83c138d015f28ec0970192ea324eabe7c78aa480a185fb718be525b03adf0465
data/real/50/IMG20230110195523.jpg,0,REAL,50,.jpg,3468,4624,RGB,b9f984b52b4bf183a6cad5272a59a05e891c377b24af5ca6b005e1949e615b19
data/real/50/IMG20230110195524.jpg,0,REAL,50,.jpg,3468,4624,RGB,44b4456b7f6dcb359c79c2bf114cf0fd618c4c65b73077a0cb897f25e10f8fd7
data/real/50/IMG20230110195528.jpg,0,REAL,50,.jpg,3468,4624,RGB,8ef0a9e2d174c0d2a957a854b7ca989d3fee87444c31cfc882da4854a07346cb
data/real/50/IMG20230110195549.jpg,0,REAL,50,.jpg,3468,4624,RGB,1bcd80d75ef2d42640c91a537b01eb3f3a1ed957d65f647006f61f902656b55b
data/real/50/IMG20230110195551.jpg,0,REAL,50,.jpg,3468,4624,RGB,bdaa826c347143a33b43eee8cb9339e09d1df2ba16659cc03eb05b23653aaade
data/real/50/IMG20230110195553.jpg,0,REAL,50,.jpg,3468,4624,RGB,5065cd860f8b5c10db206fc2c542aeaa54b7cd6ea73eea2e914a1b5f33ba9638
data/real/50/IMG20230110195554.jpg,0,REAL,50,.jpg,3468,4624,RGB,269cde0af8e7bc53220e3ad3d1fbfa38679d8d288c63a517f510e1591e6da7d2
data/real/50/IMG20230110195618.jpg,0,REAL,50,.jpg,4624,3468,RGB,29eec3459d02c97f8909d9825dbe2cd5e406b25cf709c2c56be273da0f327949
data/real/50/IMG20230110195620.jpg,0,REAL,50,.jpg,4624,3468,RGB,92c116aad1e29883e4d2a6cd23f23e00fc19144f8a234abc36e1289c36a8ad35
data/real/50/IMG20230110195623.jpg,0,REAL,50,.jpg,4624,3468,RGB,b39475e50d9f2f426acc380a491604f1e8504136dd26456829890190d7a72d6b
data/real/50/IMG20230110195628.jpg,0,REAL,50,.jpg,4624,3468,RGB,937f77017e61f448cc22ed6327168f517e3aae1a669d4e61940d1c07f33569c4
data/real/50/IMG20230110195630.jpg,0,REAL,50,.jpg,4624,3468,RGB,cbb8a483128bb2b21877a3c3d2b49a14d5dd1b344f17b5ef5d05275994d04a98
data/real/50/IMG20230110195631.jpg,0,REAL,50,.jpg,4624,3468,RGB,7e69220b6aebcb7b1eac332c864e6f3e3f78f4aaf54a274c3845605aec8309a6
data/real/50/IMG20230110195718.jpg,0,REAL,50,.jpg,4624,3468,RGB,f562ccd919420256a412058b6941a567f749830d5922db417c472ceb9a501b8e
data/real/50/IMG20230110195729.jpg,0,REAL,50,.jpg,4624,3468,RGB,950247ab986a060098e1a049f37c2a7dc1ce8c2ac51d2d878ebec160e11bddc7
data/real/50/IMG_1666262244525.jpg,0,REAL,50,.jpg,640,480,RGB,bf71736e206aeab9e62eacdd2148a5a3ad021aa2b044dd7239c3797a79ead42b
data/real/50/IMG_1666262265188.jpg,0,REAL,50,.jpg,640,480,RGB,f9c57e7dc734f92705bcf0cca4d47841470b164bc58b32cee1f495b8fbb03b16
data/real/50/IMG_1666262272119.jpg,0,REAL,50,.jpg,640,480,RGB,2dcbcb493f37c03a47c94a7e2df378e353bcf10d1c90e81e7f669ff9f6924716
data/real/50/IMG_1666262281469.jpg,0,REAL,50,.jpg,640,480,RGB,b85476e4364df56a70cb92efab3974091daa000faddbfcbd9c85bd180826acb9
data/real/50/IMG_1666262289481.jpg,0,REAL,50,.jpg,640,480,RGB,33fdbe42bec7fdf1d0deb846f06b73969c59262ce7b49379f19083f4299812a7
data/real/50/IMG_1666262306451.jpg,0,REAL,50,.jpg,640,480,RGB,1e7b6439736ca4d6f0c05d16d684180d8ee0143aaa60031bbeafcce7c19e2f7c
data/real/50/IMG_1666262318529.jpg,0,REAL,50,.jpg,640,480,RGB,b143326c47695b2399f2d0d41127b2813825780b3815c95d6ec68609647bd22e
data/real/50/IMG_1666262327339.jpg,0,REAL,50,.jpg,640,480,RGB,5e75977425a1ba250fd188054393f59308f1cbff44aa19c94d3923b9117db50c
data/real/50/IMG_1666262348869.jpg,0,REAL,50,.jpg,640,480,RGB,db1b3b8eba4e059a3501c4287776b77364a544442560d6fe8d14e57b2e6def3b
data/real/50/IMG_1666262355416.jpg,0,REAL,50,.jpg,640,480,RGB,c420d8c3a3d9bf95440b33cf545661d652facbcff219198d7c21568b6e5f94a0
data/real/50/IMG_1666262382190.jpg,0,REAL,50,.jpg,640,480,RGB,3cd17051be11fbd855e57065a7a71951d8511680cdca523a236b6bd600220088
data/real/50/IMG_1666262388013.jpg,0,REAL,50,.jpg,640,480,RGB,9f444f64df684ce5a8ee7cdd33ae44c8ce68764dbd9db72000823bb39e078370
data/real/50/IMG_1666262496635.jpg,0,REAL,50,.jpg,640,480,RGB,e57d2f953ab5c54757f70ae4916bae05ea29e527e55880aff11580dfcafe0748
data/real/50/IMG_1666262526581.jpg,0,REAL,50,.jpg,640,480,RGB,4fd45b96d89a4eecdd61c1adeb30397a9c1119fe626262938a31c623667f4063
data/real/50/IMG_1666262570255.jpg,0,REAL,50,.jpg,640,480,RGB,da5c037c1c2c6e0a16c1b7e7554372af8927822885d7b41559406b2b2dbc1e6e
data/real/50/IMG_1666262608962.jpg,0,REAL,50,.jpg,480,640,RGB,8b547387549811771a3226c525c11429c1bb2c3d4391fe93d8872cc82dd9c4ef
data/real/50/IMG_1666262651335.jpg,0,REAL,50,.jpg,640,480,RGB,cf7ec993c2a61c0f30a6ecdb7551d41e3f0d76dad54d54ac8df4c0d54a81b1bf
data/real/50/IMG_1666262656121.jpg,0,REAL,50,.jpg,640,480,RGB,b518be456127681b5169942f1beaa4074a777ac4476183c4392b157c2b4e4074
data/real/50/IMG_1666262661256.jpg,0,REAL,50,.jpg,640,480,RGB,4a9e9662bf3d90cea5cf5666b63dcacc9283d7f77b96d3d583dba02aeaae7ce9
data/real/50/IMG_1666262674179.jpg,0,REAL,50,.jpg,640,480,RGB,57d9c4ad7a525ef2d07e45327974a2c2f178f0b07d123282442160cece98833a
data/real/50/IMG_1666262695803.jpg,0,REAL,50,.jpg,640,480,RGB,670c8a390d9d3cc8feefba743401b299ccb0c996a102f69cb68923b08270efa4
data/real/50/IMG_1666262703140.jpg,0,REAL,50,.jpg,640,480,RGB,a57d651c67027a07c43553e5c742cc210b0e70f092e9c2524a7fc87d0653feaf
data/real/50/IMG_1666262722913.jpg,0,REAL,50,.jpg,640,480,RGB,605004b96fd7495e5c82512392a161f87c27d093164fcd01ce6099929e397bb6
data/real/50/IMG_1666262736935.jpg,0,REAL,50,.jpg,640,480,RGB,28de80202dcddaa76aeeb2f3fe23416b1615da9e0ff541f7b71ea013814e598d
data/real/50/IMG_1666262744203.jpg,0,REAL,50,.jpg,640,480,RGB,3832df209d97b9070d4ed83d32dfedef03b5d84e199f244a34ff4f6e8125c337
data/real/50/IMG_1666262755277.jpg,0,REAL,50,.jpg,640,480,RGB,c00f6f8944650092e3f92398e214b8737d875fac83def75243a8fe707b26626f
data/real/50/IMG_1666262795768.jpg,0,REAL,50,.jpg,480,640,RGB,e17e5e9261e2b4269fc4fb3b40dc4e24884494fd3b239b0ecaab853745e64dad
data/real/50/IMG_1666262835095.jpg,0,REAL,50,.jpg,480,640,RGB,0bb5ccfcd980925a46f74e4dbc0e6c3e806071c668348caefe10ac45ab1a3f7b
data/real/50/IMG_1666262856012.jpg,0,REAL,50,.jpg,640,480,RGB,6d8d119a3c4af406b857f1a3f58956530c87d2f69f6bca7d515d764fe5b0e09f
data/real/50/IMG_1666262866015.jpg,0,REAL,50,.jpg,640,480,RGB,a676dc289002ea04631c3c7d244055e97240fce7c67357f4375db3d6e9d4780b
data/real/50/IMG_1666262884651.jpg,0,REAL,50,.jpg,480,640,RGB,98b405abe72d9d80875009365c241c296bfe022d6c18c6e224ba9fb5ca8dc878
data/real/50/IMG_1666262889322.jpg,0,REAL,50,.jpg,480,640,RGB,116d9398a9faa044d53c5ff69f6ee26be3015270762840224b6210fd3b24a3c1
data/real/50/IMG_1666262894673.jpg,0,REAL,50,.jpg,480,640,RGB,f93ee7defa0856260fa1ef8756b490cc6a01a1cc5eb8ce7a32320a2ad035fc71
data/real/50/IMG_1666262915130.jpg,0,REAL,50,.jpg,480,640,RGB,c0b3a0d7f0db663b7e6ea7dc4467099cabdaef8efcd2cfd0b135a50fef158fa2
data/real/50/IMG_1666262955616.jpg,0,REAL,50,.jpg,480,640,RGB,da54634c44934d22b4ffd93968134d2e37889895f2ddd738278cfbb892007d02
data/real/50/IMG_1666262978310.jpg,0,REAL,50,.jpg,640,480,RGB,58583e61a4f673167b3c2f162ba0c1ce2548b73281f647914a7c5b939397526a
data/real/50/IMG_1666262985528.jpg,0,REAL,50,.jpg,640,480,RGB,17097bcf764cc1f40afb608409110e6f4ee3f7365174c8c15cc80318af2c4deb
data/real/50/IMG_1666263021052.jpg,0,REAL,50,.jpg,480,640,RGB,3bebea0376fd8b1a42d978ec0236f37abb973f7544e4e9bda3838f4fe321eb6a
data/real/50/IMG_1666263077650.jpg,0,REAL,50,.jpg,640,480,RGB,9aa428678fdba2a6e78053142a1dc630dfa23513e1be1dd501a9ea4d23da54da
data/real/50/IMG_1666263084639.jpg,0,REAL,50,.jpg,640,480,RGB,0e02e3e7429632285f0fe6db923d48765aa9073e5114be7acad7ce59785a7efa
data/real/50/IMG_1666263096717.jpg,0,REAL,50,.jpg,480,640,RGB,ebac0043f45dbeb434830a941f331021c5933b016eafff7a7d61bfbdd4958a24
data/real/50/IMG_1666263182866.jpg,0,REAL,50,.jpg,640,480,RGB,b5055b67808f8819ec57267ddd7f14d91699b168c6a49baefe5c7707feb1bda1
data/real/50/IMG_1666263189708.jpg,0,REAL,50,.jpg,640,480,RGB,ed22304cd455bd0929dc6dfa99108b522d6d1136f4659d485cda78a26763773c
data/real/50/IMG_1666263214900.jpg,0,REAL,50,.jpg,640,480,RGB,89c7bb8cf7771ef9522ef12ce1095273af1a479966d224b2149112deea4927f7
data/real/50/IMG_1666263231953.jpg,0,REAL,50,.jpg,640,480,RGB,ab7f609684bcd8c8ffc65ed155ff210a3f43245f2954c3bc6a9ab944d13b0414
data/real/50/IMG_1666263267078.jpg,0,REAL,50,.jpg,640,480,RGB,cbadb585313463e8f11c5b1aff63bcecad9301102b462fecd8cb94435ff32c98
data/real/50/IMG_1666263280553.jpg,0,REAL,50,.jpg,480,640,RGB,1648126d7b183934a836e2d47a8cc87d8b19cbc08f2ebff4fc11b4a99789cf24
data/real/50/IMG_1666263310691.jpg,0,REAL,50,.jpg,640,480,RGB,07f13c20b11cb920d1f733c53c06618ad8f2a0a9324f26a76327a692f0ea12dc
data/real/50/IMG_1666263315640.jpg,0,REAL,50,.jpg,640,480,RGB,1c6e8d734a6c6e8ec07d8bbec65fd9cbeee3a85441df4982142d8d267f52e65b
data/real/50/IMG_1666263328583.jpg,0,REAL,50,.jpg,640,480,RGB,b7f38694b3a982fcbbc9dfd3ae0754dafebe461199e19ebf4780654c4f564562
data/real/50/IMG_1666263343609.jpg,0,REAL,50,.jpg,640,480,RGB,cc4ac6a49ca84a9cbd062889a1a6432ebfcda212e60de398c9a2a735d37a0a90
data/real/50/IMG_1666263374930.jpg,0,REAL,50,.jpg,640,480,RGB,954494aecf81c17d7580ac67562494fe6379bff237ce944ef61f75b34097736e
data/real/50/IMG_1666263381194.jpg,0,REAL,50,.jpg,640,480,RGB,3168649fd503ff97f3392bc583359b715f332444788dac0c935de72e1b9e3eb0
data/real/50/IMG_1666263402396.jpg,0,REAL,50,.jpg,640,480,RGB,076201deb2fb13fd067cfaabbcc967165ca4faf052f1b734dfff50630017f113
data/real/50/IMG_1666263409526.jpg,0,REAL,50,.jpg,480,640,RGB,df174a194c33ccda156fbaea5dc76eaca9ac2cd990ddbebb8abb14ab0f1fc97f
data/real/50/IMG_1666263434258.jpg,0,REAL,50,.jpg,640,480,RGB,762c401af8f46920b034805eca1d0efdc9ead3a3c5162590b6b49f1f773adae2
data/real/50/IMG_1666263443497.jpg,0,REAL,50,.jpg,640,480,RGB,783cc8dee12a04343a5e56e444ab9941615bf37429bc30140e8dd9151b1cac1c
data/real/50/IMG_1666263486817.jpg,0,REAL,50,.jpg,640,480,RGB,a194349e225069ee7dcc8c3554811ba61e0d428a736f8b95de120f66f7d476ae
data/real/50/IMG_1666263503473.jpg,0,REAL,50,.jpg,640,480,RGB,565cd0a11b0e9aac07b82f2ef180775d0d9f0d0caf7fbde9591e6dbe7498669f
data/real/50/IMG_1666263520569.jpg,0,REAL,50,.jpg,640,480,RGB,b656065ead820af80632d0aa6b2511e49224bee3d98a5e1b08d727d691d9675c
data/real/50/IMG_1666265292121.jpg,0,REAL,50,.jpg,640,480,RGB,141b4e0495fde2f5078cef9a7de7f443e4ac06765c66504f21e4e9a50c977890
data/real/50/IMG_1666265296761.jpg,0,REAL,50,.jpg,640,480,RGB,15fe0ac2702a3b14fa7f680f7162d406aad8d632ee208d45fad60a28f7ddb4d9
data/real/50/IMG_1666265314657.jpg,0,REAL,50,.jpg,640,480,RGB,8248d683ea67ae16d71e231d2ab4bae2fa0330cba575e46c737f2ed9032dca46
data/real/50/IMG_1666265323782.jpg,0,REAL,50,.jpg,640,480,RGB,ab4cf8fff140c8a2e8e62cde96d654bd94834a8d037d876c6dce017c5dda586a
data/real/50/IMG_1666265329001.jpg,0,REAL,50,.jpg,640,480,RGB,38605dd6a80459a0e5c88fc08de9323b3680613510bfa8415b11dca964900959
data/real/50/IMG_1666265348595.jpg,0,REAL,50,.jpg,640,480,RGB,b88f97d866d797b65f2a93da4059a084928977e7d93ca5d48eb883393452ca7b
data/real/50/IMG_1666265375244.jpg,0,REAL,50,.jpg,640,480,RGB,5fc53297ecc4e236f2cc897561024c8a94a9e67def6786d5276aa4d30c031d66
data/real/50/IMG_1666265394208.jpg,0,REAL,50,.jpg,640,480,RGB,1373638527decb3fea1604fcc81308ee133320f5607149d96c9e8136dd3dd8d3
data/real/50/IMG_1666265408473.jpg,0,REAL,50,.jpg,640,480,RGB,3473ecba1fc558534675a96b72848d98906c2a5defdef7691f6f22df57e96b7e
data/real/50/IMG_1666265418326.jpg,0,REAL,50,.jpg,640,480,RGB,d0aa835f9b5cddc975fd7e4e1babfc3f121f24f67655ab8f956259cea0f38314
data/real/50/IMG_1666265426645.jpg,0,REAL,50,.jpg,640,480,RGB,89e006d2453c8e39e0953cedd0e6793212ad668ea2e45cf9812245e678e0fef1
data/real/50/IMG_1666265432869.jpg,0,REAL,50,.jpg,640,480,RGB,a613bbf82ec8d761c09beaf3344f0a238eeb0a946be6fe5621ca3bd3bbc5c617
data/real/50/IMG_1666265450121.jpg,0,REAL,50,.jpg,640,480,RGB,babccada282d7a5b37f6f979ee8aef648718a87087137d050978192738dec744
data/real/50/IMG_1666265483371.jpg,0,REAL,50,.jpg,640,480,RGB,562fbe7bb89f8801da1c4b8acc2a2c854cdf163cc5109cca72c43a9f65812a5a
data/real/50/IMG_1666265492894.jpg,0,REAL,50,.jpg,640,480,RGB,b87e9e6d2cf976e65d22afd679d382c881027429b3cdcad32c7f4d0da9bde9ae
data/real/50/IMG_1666265535464.jpg,0,REAL,50,.jpg,640,480,RGB,5d70badeb761b7319c6baab416980467f6d4fdcb611ad1239b03bd77a8db7ee9
data/real/50/IMG_1666265545022.jpg,0,REAL,50,.jpg,640,480,RGB,c2dff796152db9e2db3b3764104502d8268133d7a52d9e5d7bcb38f938b0af18
data/real/50/IMG_1666265566925.jpg,0,REAL,50,.jpg,640,480,RGB,1cca6e24f1bd81abe6fa00606e0eb2e4f4eaec52989a762c15acc96d5db281a7
data/real/50/IMG_1666265583694.jpg,0,REAL,50,.jpg,640,480,RGB,5dc112606c911896fbce05e3e185813031e70aa13433ea53535d3bb4b2f7d548
data/real/50/IMG_1666265593164.jpg,0,REAL,50,.jpg,640,480,RGB,afdd1dbc3bd57124d45ebc0e75f36c702492d3d402a8cdc9174b01303d2d114d
data/real/50/IMG_1666265749679.jpg,0,REAL,50,.jpg,640,480,RGB,402f23848ba72b8d31c87f1b281472d36c9d928ae0804662192098bc4a318bcf
data/real/50/IMG_1666265763073.jpg,0,REAL,50,.jpg,640,480,RGB,67ef3c096c1c16328c2f11e0f2873b84757f9d58ead3c95797a9c5ea20522e7e
data/real/50/IMG_1666265771936.jpg,0,REAL,50,.jpg,480,640,RGB,fbce5e46c20b8f737a9b30965d5f9dbdf05d20f0ef744f95763e767c9ecafa77
data/real/50/IMG_1666265805869.jpg,0,REAL,50,.jpg,640,480,RGB,942f115eb691a894db147003d59e83174e5654f7aab1321032c3bef8ebd1c7d2
data/real/50/IMG_1666265829108.jpg,0,REAL,50,.jpg,640,480,RGB,64d8fa0c66a011e1d2845b89736254cf0b7dbe20e06f13765a42278677d3cc3e
data/real/50/IMG_1666265832748.jpg,0,REAL,50,.jpg,640,480,RGB,cb5fc4f374a0c3fa4467caf63d6b810d7455dd1fee9ee098f491f18183e9327f
data/real/50/IMG_1666265837786.jpg,0,REAL,50,.jpg,640,480,RGB,f116c88ab48f7ea28586e472307416620bead3ddf33e363bc617cae4afc7d2ad
data/real/50/IMG_1666265844072.jpg,0,REAL,50,.jpg,640,480,RGB,20c7246ea64681049d673704c8078849a86e1f1f285e943b2b3902055d808fa4
data/real/50/IMG_1666265853885.jpg,0,REAL,50,.jpg,640,480,RGB,34cf146ebbec5805a8ba6f88c202fc136fe61391e23d45b79ca2d1cc32cbf518
data/real/50/IMG_1666265858242.jpg,0,REAL,50,.jpg,640,480,RGB,4feaa8d9f20f128a38894a9473b86cdb3255222bc9417fb2f1cb7d54df3350e7
data/real/50/IMG_1666265867570.jpg,0,REAL,50,.jpg,640,480,RGB,cbe56e3f246ba01aa1afd0472a1c64440bf72de739d107ebdb47855556254d0b
data/real/50/IMG_1666265877562.jpg,0,REAL,50,.jpg,640,480,RGB,421af63316fcdbb944f65ba236807d9366748963be2012b1ca6f0428e8e8f917
data/real/50/IMG_1666265882829.jpg,0,REAL,50,.jpg,640,480,RGB,2ffc6e0a22a3c14ebb7c5806f7d0e26f5e014a5d2a813a0776568d87b0829f2d
data/real/50/IMG_1666265907161.jpg,0,REAL,50,.jpg,640,480,RGB,c9e970ef0ac1f94481b1f83f9919827c81295dcdb60d7e7c26d7ac06f4c8985e
data/real/50/IMG_1666265913639.jpg,0,REAL,50,.jpg,640,480,RGB,d18d8818d17819010ade43147e929a3df4194db5dea39513727d8a65c7410ee1
data/real/50/IMG_1666265938963.jpg,0,REAL,50,.jpg,640,480,RGB,c0ffa758d0a65eb2e3b85d113e00d2b1254b6595eec7c1040588773b66e22d0b
data/real/50/IMG_1666265959519.jpg,0,REAL,50,.jpg,640,480,RGB,cc959009bbf678a91583642b418acf55fdc02c2b78f88577057cffe30818e2a4
data/real/50/IMG_1666265965655.jpg,0,REAL,50,.jpg,640,480,RGB,a2479df0db42bde933a3746d7111c52ef5c68784cfdb5d282da04d15099833ad
data/real/50/IMG_1666265978008.jpg,0,REAL,50,.jpg,640,480,RGB,f1f266b6c5ae43119b86f880bbd4d648b25294b5851a68938e6087f2aa344c4c
data/real/50/IMG_1667847223678.jpg,0,REAL,50,.jpg,640,480,RGB,35ffd1cdb17eda4bb31d9dd43e8cb3ea5072af673b0715e4ccafdbeb294b4b35
data/real/50/IMG_1667847228527.jpg,0,REAL,50,.jpg,640,480,RGB,26ab0921e231b39572de6abf76a67e0ca31c83bad4f5afc20224bdaf12f03fb6
data/real/50/IMG_1667847245270.jpg,0,REAL,50,.jpg,640,480,RGB,21a339dcadbbfbb0cc3a3441dac507f7930abb2184c43ea399034a1409b4f1e9
data/real/50/IMG_1667847252458.jpg,0,REAL,50,.jpg,640,480,RGB,3106f9d595c9df791104704d802931406a8149a5350769495d84f6f9e49ff90c
data/real/50/IMG_1667847262793.jpg,0,REAL,50,.jpg,640,480,RGB,cf37fa6e58b51cd97a72d6ab38606da6a48b89c93aae55ce727310d67f37d1ca
data/real/50/IMG_1667847267005.jpg,0,REAL,50,.jpg,640,480,RGB,4ded767d124901f17718f37baba3398802db4fefdfe8c926b3607dcda74cecff
data/real/50/IMG_1667847270989.jpg,0,REAL,50,.jpg,640,480,RGB,8bc9281ccf4872b6336549cc6545488a8c0b5a1fdb29fd5b8e34f45a7dd36ccd
data/real/50/IMG_1667847290116.jpg,0,REAL,50,.jpg,640,480,RGB,86349917c6519eba3eef76494acc846d6a0e1805810a57a091e80ab0065ad14b
data/real/50/IMG_1667847298034.jpg,0,REAL,50,.jpg,640,480,RGB,069bef4a6d6268305c4927aacab5cda8b77c8fa8bad03419a8db606b621b8b6c
data/real/50/IMG_1667847302445.jpg,0,REAL,50,.jpg,640,480,RGB,cc960a77643fdaaabe924de596686766392eaf73caec38d05314f753179a34e6
data/real/50/IMG_1667847316352.jpg,0,REAL,50,.jpg,480,640,RGB,5fec6eadcaa08ea5a09c7be92383d642e3ceeedfeda43343d853c004982752a6
data/real/50/IMG_1667847331117.jpg,0,REAL,50,.jpg,480,640,RGB,e53564378004a66f6786a8b6504aa283c480b05f2db93046f1256a6010568409
data/real/50/IMG_1667847336442.jpg,0,REAL,50,.jpg,480,640,RGB,85c4bc16b9fa4da3460628d03ca96c90aa1860b7ffeb9f1bde8cb6d2ef2b3fa9
data/real/50/IMG_1667847340882.jpg,0,REAL,50,.jpg,480,640,RGB,ce9bb05abff88d273bd97df13cfe22a05b4df535739e6d439173d4bd783d4417
data/real/50/IMG_1667847353574.jpg,0,REAL,50,.jpg,480,640,RGB,6266105b35a55f9746cffd2e734e80fda78fa2f6ea279e8520a35f36c496ebe1
data/real/50/IMG_1667847358110.jpg,0,REAL,50,.jpg,480,640,RGB,c5a1c18c1ebdfba3b9f6e38747a3150ffede5b3c6a56f45affdafcfe3c0c36a8
data/real/50/IMG_1667847391571.jpg,0,REAL,50,.jpg,640,480,RGB,28fa2cc376b408f0f512129dd12dc494c4261f37856f7702686d6b867586edb7
data/real/50/IMG_1667847395774.jpg,0,REAL,50,.jpg,640,480,RGB,34d7974c01028c16a90eae0c0d7f5c2a0566cf6bd64a954584f607a73e260de4
data/real/50/IMG_1667847412680.jpg,0,REAL,50,.jpg,640,480,RGB,5d67e2bb9a961f8cc619aab80cf6e38bdacbbf4cea3a1c0abff8f72cca0eefb7
data/real/50/IMG_1667847418930.jpg,0,REAL,50,.jpg,640,480,RGB,bc1fd2c472af32d99421c67456add821d7ea495b7b25507fe5ed8b241377ec9d
data/real/50/IMG_1667847441210.jpg,0,REAL,50,.jpg,640,480,RGB,8b320fc4c347f62c7be1d014e0a439e8688cf72bee2f2ce0abded80f587ba374
data/real/50/IMG_1667847445013.jpg,0,REAL,50,.jpg,640,480,RGB,3ce6b2a9260b8c1fadd40382f134b9d9520bcd72e761d8cd608ecb0d8bfb9883
data/real/50/IMG_1667847447757.jpg,0,REAL,50,.jpg,640,480,RGB,cb645f9e9525205bf32cfba960b46e70bcce903608b64b4830e207b1dd569dba
data/real/50/IMG_1667847455337.jpg,0,REAL,50,.jpg,640,480,RGB,c3f8c7c73926e4a5e887ae2ec49f1751456d26e141d1f3acd2e48a32243cc55d
data/real/50/IMG_1667847465257.jpg,0,REAL,50,.jpg,640,480,RGB,360dd0d842b03866610e8abc9ecd430b005dfaaf0585b35eaa6460dfa80ef9c9
data/real/50/IMG_1667847469722.jpg,0,REAL,50,.jpg,640,480,RGB,25302473995e9289c6e6c9818aae6176f0b681bfd8a9889bf241c2e669e225ff
data/real/50/IMG_1667847495864.jpg,0,REAL,50,.jpg,640,480,RGB,de98101ed3806012f6c80d4d4e40ad3114841e2b15743f291b9c6563ed3109c7
data/real/50/IMG_1667847505161.jpg,0,REAL,50,.jpg,640,480,RGB,705990f23663b201118e0ebf26116f7c035485a6b329675f83efbf031d347a3f
data/real/50/IMG_1667847510858.jpg,0,REAL,50,.jpg,640,480,RGB,9c726737036bcbbcba8bd408bd170d3e2508984e33aaabe01fcd959c68191521
data/real/50/IMG_1667847541865.jpg,0,REAL,50,.jpg,640,480,RGB,44440ce628c5a6c3b3c1600a8ddaa0007bdb95b4ef108212ad698baa70dc88cc
data/real/50/IMG_1667847562541.jpg,0,REAL,50,.jpg,640,480,RGB,5e09b33c81ac56849c590d6f6a499beba181a6c7339a413c1e00a9e0f0d6591b
data/real/50/IMG_1667847568012.jpg,0,REAL,50,.jpg,640,480,RGB,23b4fbba53d601626f6911ba4f98a3c5cc03f0e15348283adfe9e2a11bb24267
data/real/50/IMG_1667847596133.jpg,0,REAL,50,.jpg,640,480,RGB,887d2ed8a779934f58ce40d951272d2195259e5a86852549a713430fc537712b
data/real/50/IMG_1667847599733.jpg,0,REAL,50,.jpg,640,480,RGB,acf79385b39b68646f4a4f033c7449505e2c4e19caaf59c703be14ec35c48668
data/real/50/IMG_1667847626652.jpg,0,REAL,50,.jpg,480,640,RGB,61b4afc9fcdfc4e5821936ae195f743bfa4d1694335505888d5503114fed807f
data/real/50/IMG_1667847631058.jpg,0,REAL,50,.jpg,640,480,RGB,b410e40a84be9b54c8f1d86dd2e920045d5b4f60c8003be1293a55dd03d71d9d
data/real/50/IMG_1667847635464.jpg,0,REAL,50,.jpg,640,480,RGB,eaaee77dab676e9cba4d0ef06aa54d202cc4c3e4c174d57b123a292f7139832d
data/real/50/IMG_1667847640319.jpg,0,REAL,50,.jpg,640,480,RGB,6a032f8f1b60ed7708bd2f3ad37ad98df943baa21c4cf1869b5c840e78f6bb16
data/real/50/IMG_1667847670115.jpg,0,REAL,50,.jpg,640,480,RGB,9089bf019ca4fadcb000bc0c16bceb817d5b4041f306f276861255a29d0d928c
data/real/50/IMG_1667847673946.jpg,0,REAL,50,.jpg,640,480,RGB,efe956ce2f78a0e26d4b4476f72e80f3e668e858e83904ec5b7caa99e6c60829
data/real/50/IMG_1667847687842.jpg,0,REAL,50,.jpg,640,480,RGB,32ba33a8877004dbb3ec251783c32e120dd6c7686e6e85473c682613cdd4ffc8
data/real/50/IMG_1667847704220.jpg,0,REAL,50,.jpg,640,480,RGB,daf9d99d703e583654de2865f9a4a9da6991f8c3d02987e60c254f84bf7349d6
data/real/50/IMG_1667847764908.jpg,0,REAL,50,.jpg,640,480,RGB,d19cac2bde65f70e56189a909c9cbac9ef0508ba3d94966a1246ff2cf30ad3da
data/real/50/IMG_1667847790866.jpg,0,REAL,50,.jpg,640,480,RGB,14d775bac9cd851c23f31ceda881f43854ed7176324a190c2d0ae7842bd29145
data/real/50/IMG_1667847795932.jpg,0,REAL,50,.jpg,640,480,RGB,1bc5ddd7f4055e29092f1edd045d361bf5f8ab2cdc044bb1e633a94b45a94616
data/real/50/IMG_1667847821755.jpg,0,REAL,50,.jpg,640,480,RGB,89bc09ccb4d0aacadf6d8fe598068131e0b5acb740bf2210d937d1b9b8504985
data/real/50/IMG_1667847826423.jpg,0,REAL,50,.jpg,640,480,RGB,6a7e627b009254b87ee7d1f029cad0327d6c6d6fc2418d291a9b3c26a1a83e38
data/real/50/IMG_1667847835940.jpg,0,REAL,50,.jpg,640,480,RGB,4e7573f956c17f6483d7cc81f0c8787ccd2652ae0e463fee38a7f38b1319b220
data/real/50/IMG_1667847841644.jpg,0,REAL,50,.jpg,640,480,RGB,95082e1208f89a2b8d570ef384cecff9493aad7729ddb1ae830ca2ef19441beb
data/real/50/IMG_1667847845410.jpg,0,REAL,50,.jpg,640,480,RGB,5f6efa2ac981370c54c723bda5767692f36f30bdc88c37cb708e7b7f684a2d73
data/real/50/IMG_1667847850503.jpg,0,REAL,50,.jpg,640,480,RGB,74cc040be0e0e207674392d5387e00e3b15e7ec412a2c522fb73d5aed351eb1f
data/real/50/IMG_1667847855179.jpg,0,REAL,50,.jpg,640,480,RGB,9c14028b51b340a4252eee70a8a0eaeedddbb321ec253282a80f4ad74f4aa888
data/real/50/IMG_1667847869656.jpg,0,REAL,50,.jpg,640,480,RGB,784b3ec38bc6216b0648ef706c8ff92d5ee0fc8c64d78fccd242833f13c97a77
data/real/50/IMG_1667847878505.jpg,0,REAL,50,.jpg,640,480,RGB,fad56668317294e58eba144b050b9854d696edabeba8a55762afb602caef11e7
data/real/50/IMG_1667847882834.jpg,0,REAL,50,.jpg,640,480,RGB,9bbeaea28b48994f5d9aa49fe6982ab17b5cdd60e604c13c525263c3f97bc270
data/real/50/IMG_1667847916117.jpg,0,REAL,50,.jpg,640,480,RGB,6acf87951fdacdce4fe302ac5d1900bc85b575224ee7bd5ebe6ba61fd372f323
data/real/50/IMG_1667847966716.jpg,0,REAL,50,.jpg,640,480,RGB,ce32cf4da70a406ebcc937f7c0150f841555cb797682a860ecb97c8d637c7b89
data/real/50/IMG_1667847982910.jpg,0,REAL,50,.jpg,640,480,RGB,d3d8f2acc367a7f31233ebd46490b24464693470a7a478a2c33df38fe7ed09b0
data/real/50/IMG_1667847989743.jpg,0,REAL,50,.jpg,640,480,RGB,a88ff134fb86696b553f65ce7068ebf40b76c198982027d250f065755f0be522
data/real/50/IMG_1667848003969.jpg,0,REAL,50,.jpg,640,480,RGB,2be16764f987a8b2f3b11a6e78ff09d323243a384c6150d6124aca0683e2b791
data/real/50/IMG_1667848011639.jpg,0,REAL,50,.jpg,640,480,RGB,7eef7be5bb725fb5f44fa077e2851e768f5707e8298f786d596af056b1bd0d09
data/real/50/IMG_1667848104625.jpg,0,REAL,50,.jpg,640,480,RGB,a3604483ab8a91f50e57f5fdd40365c0c939c8dec4cd4a8d1e214532128141da
data/real/50/IMG_1667848109756.jpg,0,REAL,50,.jpg,640,480,RGB,b0c6ade6ae40930c2278133fd2806779b5f630da589fc292daa8dfcb2f146049
data/real/50/IMG_1667848115657.jpg,0,REAL,50,.jpg,640,480,RGB,d7043b04c47a852e35728ded145331a86b735e739f07ff208bdcb2dba615fb6d
data/real/50/IMG_1667848119140.jpg,0,REAL,50,.jpg,640,480,RGB,e04848c04229a01c3eefccdb13c808c49a429a06fce8cb707a7046b80130bbea
data/real/50/IMG_1667848128546.jpg,0,REAL,50,.jpg,640,480,RGB,4d5ef8007ba62cade00d2974cdfafe95a36706823cd4af6fbf173fc6d7ea7891
data/real/50/IMG_1667848139972.jpg,0,REAL,50,.jpg,640,480,RGB,8e015455cef1ffbc35f2179171fb45c16867a3b21562baed17b2c9dbb52b7981
data/real/50/IMG_1667848149526.jpg,0,REAL,50,.jpg,480,640,RGB,68501b349125c906f8f5481c4bc640ce44a2f4c7bad5d4da47b0d969d845659c
data/real/50/IMG_1667848174265.jpg,0,REAL,50,.jpg,640,480,RGB,01263de53145ef7a6df5d05957f0620ff0503d062d0ad804a80989ade61f7a07
data/real/50/IMG_1667848191394.jpg,0,REAL,50,.jpg,480,640,RGB,bbdd051fc9be4a5fd336e52490d39d1380d26858e8ba4d9ec1e3e5746526640d
data/real/50/IMG_1667848194951.jpg,0,REAL,50,.jpg,480,640,RGB,fdfc62afeafe0dcae1912123e0afe8105ad887d42180b7ff661980fb51a1f0e9
data/real/50/IMG_1667848219710.jpg,0,REAL,50,.jpg,640,480,RGB,f215354b8ffc42bf538db15d488172d087ae23c9513d0dd3fd33d898395da41c
data/real/50/IMG_1667848228497.jpg,0,REAL,50,.jpg,640,480,RGB,128a05541e57f00285d093b80a8c6119a3240a46fb01b9c36a790df1cb039d0b
data/real/50/IMG_1667848304536.jpg,0,REAL,50,.jpg,640,480,RGB,1a39aaba624d8c0510c0861477de4c7e4a997d1cae2dec5611a93327789f336f
data/real/50/IMG_1667848309752.jpg,0,REAL,50,.jpg,640,480,RGB,2e4dbd26debc7e9f5f19433f885588b4acd6e3976b51205576fcbe7ca25ed8fc
data/real/50/IMG_1667848314440.jpg,0,REAL,50,.jpg,640,480,RGB,b15eda28929d0f36604e6b58ea7c25bed9be8d81e3bc8ff450c06cd672c02af3
data/real/50/IMG_1667848319540.jpg,0,REAL,50,.jpg,640,480,RGB,b5c788c55305c54c0b6364bb4ab6b7e56df38762a46c9a7d4a71ae6c27ebf720
data/real/50/IMG_1667848434253.jpg,0,REAL,50,.jpg,640,480,RGB,cda2f1c794097cbd6bd3fdef7908ebf606a217866918451de9dceca4fcf36760
data/real/50/IMG_1667848452119.jpg,0,REAL,50,.jpg,640,480,RGB,0e9a57d45c33708d4f2599c2a3df73dc90df84b633bc6a8e2091bb85cf36a3f5
data/real/50/IMG_1667848456383.jpg,0,REAL,50,.jpg,640,480,RGB,5fbe113d144e2ce0ccdfcb8d0bee9e05d424959e17659f6e4302a683102b0829
data/real/50/IMG_1667848475551.jpg,0,REAL,50,.jpg,640,480,RGB,ba090dbb6293675c4b6f68f90885b608cc530c0a5dd0a33745d58124cf75daa4
data/real/50/IMG_1667848480089.jpg,0,REAL,50,.jpg,640,480,RGB,a0605ed6a34f79b7a9fcf68aa89ae3a733a282b81ee89b1e6955ee3cf2a8ccc8
data/real/50/IMG_1667851877630.jpg,0,REAL,50,.jpg,640,480,RGB,a54559cf4978d1105554bc393440d15901fb84ec893187f1658fcbe2b8087a12
data/real/50/IMG_1667851881730.jpg,0,REAL,50,.jpg,640,480,RGB,6679d7c123a0d9eaf8b88819cdeefceb752eca16f743f90f9bfd6c189eccbffb
data/real/50/IMG_1667851889246.jpg,0,REAL,50,.jpg,640,480,RGB,f591a7487912fc8fd1a60322916e56f5c884783ad4210d5214d243054d6a6a65
data/real/50/IMG_1667851893615.jpg,0,REAL,50,.jpg,640,480,RGB,ab8dbf1b49d18ddd79d31b3d38bae103181c51a843a3dc9d51cc2f9b55c86bd6
data/real/50/IMG_1667851897956.jpg,0,REAL,50,.jpg,640,480,RGB,5692d7a05691e6bec7731062f97a37155c0ee4e85bd2c0dfd6ef4304c07b3299
data/real/50/IMG_1667851907663.jpg,0,REAL,50,.jpg,640,480,RGB,28e56fad3f55842a1750e7b6a523ca37b087c6e1a7ad0f41fcd60153b26e7450
data/real/50/IMG_1667851912493.jpg,0,REAL,50,.jpg,640,480,RGB,de0d2b55e119bf2f1051874ab644c7e71b506e4fff4bed256ba4621b90f38397
data/real/50/IMG_1667851920812.jpg,0,REAL,50,.jpg,640,480,RGB,38a339c22617fdda4271bea784c8f221b711c6f2984d299d133bc8f51277fbf2
data/real/50/IMG_1667851924618.jpg,0,REAL,50,.jpg,640,480,RGB,93eb7ba6ef1ab6ebe2236b5e0c0086d26979473bcb9818a74d49d67e3d4f0426
data/real/50/IMG_1667851931519.jpg,0,REAL,50,.jpg,640,480,RGB,636735c6ba3b846f7ae1d05c26556b0f9a6b43cfdbc45eeec8884f5e9cb90747
data/real/50/IMG_1667851936898.jpg,0,REAL,50,.jpg,640,480,RGB,984d6de5f7dfc0427dfd2da6b5112049b3a3617ec40719ec6d91ec8ea5fe7ccc
data/real/50/IMG_1667851958373.jpg,0,REAL,50,.jpg,480,640,RGB,5f0f1f4808c839b3ed7e8216436e5c028da3015c8bf5a01d4e93a07184b766c9
data/real/50/IMG_1667851964173.jpg,0,REAL,50,.jpg,480,640,RGB,c521c942ef9a3f9b2e10478cdac69a10197d3f97b3f319b54a4879e27ed32917
data/real/50/IMG_1667851977930.jpg,0,REAL,50,.jpg,640,480,RGB,c9e172033238da5c113d7d0ea40ec41fcc22e2ae9cc2bdd5138cd6b4934319e9
data/real/50/IMG_1667851981351.jpg,0,REAL,50,.jpg,640,480,RGB,b8ab54a8d76d17897fbeb26d108199709c6b4ab6a99e89b20f9b913fc9babd3e
data/real/50/IMG_1667851987536.jpg,0,REAL,50,.jpg,640,480,RGB,f0b3e57dea6e95ebb5b905d3865b61e8441a0362399b13466ca543f7adcbc3bc
data/real/50/IMG_1667851992305.jpg,0,REAL,50,.jpg,640,480,RGB,005e1a27a1cd3f0f092c81ac04f006d24da9ebb717029d638dc4783be501682b
data/real/50/IMG_1667852000680.jpg,0,REAL,50,.jpg,640,480,RGB,29ca2b8f2b0c6e2489ada5441db21bec6976dd871ded7ae68cf6bcae4fc4f1f7
data/real/50/IMG_1667852003727.jpg,0,REAL,50,.jpg,480,640,RGB,13fd8cfcee3d99c2bce6f246c0f06f5e05b253d4a5dbbe3207bb0d5769f210e6
data/real/50/IMG_1667852023512.jpg,0,REAL,50,.jpg,640,480,RGB,3aa616c56edd98dbb4b58e0adb85768c262cd9a6478c7c3a7cfa2621f1907d21
data/real/50/IMG_1667852051766.jpg,0,REAL,50,.jpg,640,480,RGB,0902daac4fb89bee094775e33fa3bbc2aea400a18f9947b03f42f6f209a04b1d
data/real/50/IMG_1667852064221.jpg,0,REAL,50,.jpg,640,480,RGB,7a44e58684ae2ffc4d3bf168d2b81c9868c3cdbc09cf983fab8e317a6a99291e
data/real/50/IMG_1667852076398.jpg,0,REAL,50,.jpg,640,480,RGB,bfad1ed4429e44a12d6c6acafe4652b23d079ea54e98c9ae865eaefbf4241879
data/real/50/IMG_1667852083427.jpg,0,REAL,50,.jpg,640,480,RGB,7e0c62f9b98ae49480e2ad3eeb09e3dba0eb9003091229c0bd34b9520710ba96
data/real/50/IMG_1667852099705.jpg,0,REAL,50,.jpg,640,480,RGB,84f2d6990adb44c5918fb7c43209affa95da3e55ddd2d7728ba80f120878eecb
data/real/50/IMG_1667852103613.jpg,0,REAL,50,.jpg,480,640,RGB,1f3db73353443b00488f33f8104eb102b09c90e4545dc281f5a98d08e209610d
data/real/50/IMG_1667852109070.jpg,0,REAL,50,.jpg,480,640,RGB,bbcde048f079e1d0a3e01b3f3f997a7192fe86bf30a2891e535b74e32bfb0cbb
data/real/50/IMG_1667852114343.jpg,0,REAL,50,.jpg,640,480,RGB,9f849bc67918b581a943a24defdd625f6bde6206c5d2644b8f32b78adad91574
data/real/50/IMG_1667852120638.jpg,0,REAL,50,.jpg,640,480,RGB,a797da31f8e1ffb30bf606d79ad20a4558ae31f94c03da89f9d334880c898887
data/real/50/IMG_1667852132593.jpg,0,REAL,50,.jpg,480,640,RGB,07487f1a094170033237011c1eff4e0fcfe0e1cb00f44509b14548903e90062a
data/real/50/IMG_1667852139373.jpg,0,REAL,50,.jpg,640,480,RGB,fc68d00337336760661ca938f5f02990b9a9279c2daec49ae18ed4038ca2ce2e
data/real/50/IMG_1667852144655.jpg,0,REAL,50,.jpg,640,480,RGB,b63bd0650c9af1c40d9a82ec2e39c3427c011568af92e3c02d3b5f9e8f9b98f7
data/real/50/IMG_1667852156729.jpg,0,REAL,50,.jpg,640,480,RGB,c9e3719d10f4b483e666f63a653ba8025f4b6fdfc2474aa65be75d4516ec0275
data/real/50/IMG_1667852164325.jpg,0,REAL,50,.jpg,640,480,RGB,4b3506e55bef20253a372962821f0697a58b2ad0d52ff77edfd847806adbd74c
data/real/50/IMG_1667852191898.jpg,0,REAL,50,.jpg,480,640,RGB,3cf391a01c17fa4bc112c029ad72e2fd0e6c735b97b7480925a76d4e35ec6e17
data/real/50/IMG_1667852206326.jpg,0,REAL,50,.jpg,480,640,RGB,fe358dc192cd672a51be52f34686510613b786a84e31a140ec983785d47209bc
data/real/50/IMG_1667852215303.jpg,0,REAL,50,.jpg,640,480,RGB,108fec2f38a783c43b66bd3df894d9b83dd3aac1249a32cae60211bf865ef937
data/real/50/IMG_1667852224948.jpg,0,REAL,50,.jpg,640,480,RGB,d0e65cd5fbb73065a60c9abc24d84356b704284ed3f66165fd0df246601f7b37
data/real/50/IMG_1667852234887.jpg,0,REAL,50,.jpg,640,480,RGB,f43a2213691d76cb76f2dcc53ab35b6f3da14b738fa97686fae4cbcdbb11b05b
data/real/50/IMG_1667852264927.jpg,0,REAL,50,.jpg,640,480,RGB,d35e347aa704bcb41e6ed3d523d50da2127cc90ab89871e209a39cfd6b09693e
data/real/50/IMG_1667852269610.jpg,0,REAL,50,.jpg,640,480,RGB,490ded192a868f3ec07c0fdfc3f71cad52d9730d38445b6d20e62d92f8d3af26
data/real/50/IMG_1667852285254.jpg,0,REAL,50,.jpg,640,480,RGB,6b32d2a5419c75e34ef45b2f952ffa90629c9b8c8176aaf17865242720ca27f8
data/real/50/IMG_1667852290529.jpg,0,REAL,50,.jpg,640,480,RGB,6a06d8e460d575acbd3fe1cc6cd57fb83caaa81f365587c015f0c2ed46f259b8
data/real/50/IMG_1667852297132.jpg,0,REAL,50,.jpg,640,480,RGB,0c01bd92d27d96b8e7c0641a060b0d94b8f5f67a4857b399f310541a946bf807
data/real/50/IMG_1667852320863.jpg,0,REAL,50,.jpg,640,480,RGB,2d7ae8dac7bff57981535c5b3eb357e452b32ce3cba8e5f2a893f0884fcd185a
data/real/50/IMG_1667852361171.jpg,0,REAL,50,.jpg,480,640,RGB,bb3bbe784f6f625f7abbc8de12f9af6f6cb5948a27069a06ddce301dd74eede3
data/real/50/IMG_1667852373931.jpg,0,REAL,50,.jpg,480,640,RGB,979671ed44bbe758634e9b3e341d12c0b1cc5ab61aacd5cb29c7fd1d9f13f343
data/real/50/IMG_1667852380118.jpg,0,REAL,50,.jpg,480,640,RGB,fd7f04a722a10ee0fb636192b966907120015b65f4d619938080c8f4998bb7f8
data/real/50/IMG_1667852390253.jpg,0,REAL,50,.jpg,480,640,RGB,658cf31476978f629fd942f5f1cf82d2ffe3bdeeb16f43946a53703740dd531f
data/real/50/IMG_1667852400923.jpg,0,REAL,50,.jpg,640,480,RGB,ce3cd65db849d1281ac83d8240a234ae3e18369dc10cdccfab97bb47fb5399b3
data/real/50/IMG_1667852408361.jpg,0,REAL,50,.jpg,640,480,RGB,7b7661d3a9bea0ba36346cee0ffed5718c88e37922066984b96a02e749476081
data/real/50/IMG_1667852490102.jpg,0,REAL,50,.jpg,480,640,RGB,4c6830f1cacf06e7228f3bd212c1b73c735a88e06f369a448d423ae74f25aee0
data/real/50/IMG_1667852497948.jpg,0,REAL,50,.jpg,480,640,RGB,fc3a6dc6ed72a0cf8b5a9722496d6b9ec64d51ab681b26fd88c73aef48fb72fe
data/real/50/IMG_1667886449263.jpg,0,REAL,50,.jpg,640,480,RGB,55af956cc10898ab5dadbac65c30ca4e6008fd8de08db824d6904c12323cf01f
data/real/50/IMG_1667886453640.jpg,0,REAL,50,.jpg,640,480,RGB,c0c2702cc6a330d1f266367cba4fb3a50c54bdeefa7ff4055cc4846d7bccd5a0
data/real/50/IMG_1667886456014.jpg,0,REAL,50,.jpg,640,480,RGB,95c3d3860087729dce9b8d2c71b92c78b473290ed2219d4f44b529b019535521
data/real/50/IMG_1667886467867.jpg,0,REAL,50,.jpg,640,480,RGB,a3e28525a23469c54b81a2bb053d11d781a4e1a8c0832c43f05ab306aea5b1d9
data/real/50/IMG_1667886473551.jpg,0,REAL,50,.jpg,640,480,RGB,1e129006b5249395aae7a35b82a3d5d3c3b698fa8a9739b9ede1f96d27253ec0
data/real/50/IMG_1667886479040.jpg,0,REAL,50,.jpg,640,480,RGB,b1aa869229e64bad70b3e206f0deb13d1042698c02242715c693e6612d11154e
data/real/50/IMG_1667886487712.jpg,0,REAL,50,.jpg,640,480,RGB,6b0ed9b45bd3ab8b1cbb1211575ed79ccea5d9f67fee56a458e4a8c3622cf881
data/real/50/IMG_1667886491679.jpg,0,REAL,50,.jpg,640,480,RGB,796b3079e0de8058ea3c9df2d0218822b7b291035172da5e39bd2cc6b86b7c73
data/real/50/IMG_1667886497645.jpg,0,REAL,50,.jpg,640,480,RGB,953056341e5d29f9dd9bfd56d5921e338f0d3632d8e74cbdfc9ebe7b87b5fb7d
data/real/50/IMG_1667886534060.jpg,0,REAL,50,.jpg,640,480,RGB,5721f06aee81d0a95fcaadf48e6a2e2fc33b05faee1594740d4c5097356dac06
data/real/50/IMG_1667886546389.jpg,0,REAL,50,.jpg,640,480,RGB,0a30b0f5cfffcaa51f4f466adf0d29c554ed910885c85ca709282eb955925fbf
data/real/50/IMG_1667886555474.jpg,0,REAL,50,.jpg,640,480,RGB,4f1e9d6b6f4637edda0a81813a889a473c9e7f583b3bf8050e73f8ab3c8b0ba0
data/real/50/IMG_1667886563974.jpg,0,REAL,50,.jpg,640,480,RGB,6f2db6b0633c548001e814bf12418277dfa46923e9206f0995f76febc9757ba4
data/real/50/IMG_1667886569517.jpg,0,REAL,50,.jpg,640,480,RGB,4eb9ae9e0355856dbb271068cfab32eda0efc1be16f7d4591a3116d0a0b40c62
data/real/50/IMG_1667886574416.jpg,0,REAL,50,.jpg,640,480,RGB,a2d0c95560d071d7f65e1ac69f63e6fdf0365a34d7d397e89f93186b48f49853
data/real/50/IMG_1667886579168.jpg,0,REAL,50,.jpg,640,480,RGB,401418ac1b18839885e2b48c82706f4e80a5191a5d00051e1540f54667aef72b
data/real/50/IMG_1667886582646.jpg,0,REAL,50,.jpg,640,480,RGB,b075df37511f7225906803979e036b5b5bdc914e60752e47a3091cb791de0860
data/real/50/IMG_1667886585849.jpg,0,REAL,50,.jpg,640,480,RGB,0941abf952920c31a334c2243faf5d4b3a66f104d02f48a1549ec9093a0bd956
data/real/50/IMG_1667886605066.jpg,0,REAL,50,.jpg,640,480,RGB,3b08a68f32180a7d0aa48ee227c89e6b55df8a4d7994904b6f4744c667346128
data/real/50/IMG_1667886623863.jpg,0,REAL,50,.jpg,480,640,RGB,bb68c106c8461383deaf10efb655b4e5b42f6f47ee91f64db1f3eadd7a07fc81
data/real/50/IMG_1667886659946.jpg,0,REAL,50,.jpg,640,480,RGB,4965e64ec11d2f4b36fd903e426b37fc881e143679a243181b534c1939c7e252
data/real/50/IMG_1667886704463.jpg,0,REAL,50,.jpg,640,480,RGB,c83d0d4499ce4b6bb67bf47adc933fa1acb5d9e48a12dd5e10e6bf0ec93371f6
data/real/50/IMG_1667886713200.jpg,0,REAL,50,.jpg,640,480,RGB,fe8c3432f243f9854005d43229a01be0baed5c4f851178a55400e6d725a5de65
data/real/50/IMG_1667886736242.jpg,0,REAL,50,.jpg,640,480,RGB,86b10a0ce27464a0ad84364ab5640445dca6c760409f861181f76e2ac0bfc6b1
data/real/50/IMG_1667886740893.jpg,0,REAL,50,.jpg,640,480,RGB,01740c652739c4a418243638effb4a582f33827b5127ec0e9517e72d4dbd8f1e
data/real/50/IMG_1667886745178.jpg,0,REAL,50,.jpg,640,480,RGB,d7ba2fb89f796a0f6778c095ee9d5cea3e019f42d8e43262c38807119dcf4fde
data/real/50/IMG_1667886748248.jpg,0,REAL,50,.jpg,640,480,RGB,0fd296647e4ad3d39c3188fcd069efb480cef49e089c165df64b60fd132b7150
data/real/50/IMG_1667886752697.jpg,0,REAL,50,.jpg,640,480,RGB,aea82d1744490cac6b213391157a4667731064fe3b6535f1954188b930e72fc8
data/real/50/IMG_1667886766922.jpg,0,REAL,50,.jpg,480,640,RGB,9929f2b33aa1c6e4efab52b4222416ac08fae7ca9d0fa43582ce45ab049cf429
data/real/50/IMG_1667886775136.jpg,0,REAL,50,.jpg,640,480,RGB,7d3ee8709c8cbc2781e35d460de127fa710f4463615d6ea063ab7310f184f775
data/real/50/IMG_1667886779188.jpg,0,REAL,50,.jpg,480,640,RGB,8b6dbc9d2fbe825083a584fed7f958f8ba69f3070e54c4af4ab1f5c74835774a
data/real/50/IMG_1667886786550.jpg,0,REAL,50,.jpg,480,640,RGB,6f5fca558f3e0835e1b11f3d94b39677b0058ea303458166d7c10e8a3bc462ce
data/real/50/IMG_1667886796966.jpg,0,REAL,50,.jpg,480,640,RGB,968dc5548434e3d7b95198e07ba84bc85e13a292987724d69bb8a11c9ba6c044
data/real/50/IMG_1667886801234.jpg,0,REAL,50,.jpg,480,640,RGB,0683c4655bd18af38fb8375a55ebeeae0ffc6ad36f9ba7260af15ec79ab9a6ea
data/real/50/IMG_1667886814301.jpg,0,REAL,50,.jpg,480,640,RGB,80a01229fbee2ede112300707023cc2e72a48196b4b4e4663e961164e318a5cb
data/real/50/IMG_1667886818303.jpg,0,REAL,50,.jpg,480,640,RGB,91232b30cc41313d1cae06dd705ce1b4d9560f53fe6978d00a6d641e6713feed
data/real/50/IMG_1667886826420.jpg,0,REAL,50,.jpg,640,480,RGB,267c9fa74092f123e20d2d4d713e3464cdbb5c077a44edccb8a5143cfdcebf62
data/real/50/IMG_1667886830331.jpg,0,REAL,50,.jpg,640,480,RGB,1fb044c52ca0d5ce8a272c7acf81cbbb4f0b9b0917561831ce37a5848c674e64
data/real/50/IMG_1667886837199.jpg,0,REAL,50,.jpg,480,640,RGB,43d88f2ea8d7b1f54c3e5191bccc57c3d15e345147f483fa0d0524354bd76914
data/real/50/IMG_1667886847599.jpg,0,REAL,50,.jpg,480,640,RGB,d45e192eb468fbac94927001687a629078b0a462a17acc29dc794a9935bb2f99
data/real/50/IMG_1667886857328.jpg,0,REAL,50,.jpg,640,480,RGB,9f256d26e8fa1732896e0c091f9e025c4a75e61fb7b1df8819321dc2cf444041
data/real/50/IMG_1667886864761.jpg,0,REAL,50,.jpg,480,640,RGB,52e69ce75b27b31d9a170f5929deb7da01720167c7c625112fa4bcc361ee9026
data/real/50/IMG_1667886887236.jpg,0,REAL,50,.jpg,480,640,RGB,ae72557b1a899754b6d37fe21bf712f19c4c5b304f6c15a981fe19e3f9450276
data/real/50/IMG_1667886891350.jpg,0,REAL,50,.jpg,480,640,RGB,30fb5c07a39ff913fc773bbafbe1fe1cd8a070580341c249d43f5719c003fc88
data/real/50/IMG_1667886898001.jpg,0,REAL,50,.jpg,640,480,RGB,8ee123f029d511f14915b3887c8db032c498e2dfabcf62b4fcba310fd5c9cfae
data/real/50/IMG_1667886901496.jpg,0,REAL,50,.jpg,640,480,RGB,1e24d58ef8e5417c177c226192abe94e1c8919a8c74cfa395773f7916b5cb465
data/real/50/IMG_1667886904348.jpg,0,REAL,50,.jpg,640,480,RGB,2e8c1d82c272666ccdf4edc0adf0e7d3707fc61dd153f4d2589b7abdc3c3195b
data/real/50/IMG_1667886907540.jpg,0,REAL,50,.jpg,640,480,RGB,3603eee0f8268ff6de7ed2478e0f42a4ebb54931e51aafe86f7c94608f7b5f92
data/real/50/IMG_1667886913700.jpg,0,REAL,50,.jpg,640,480,RGB,e881baaeac11934e9a40e3a9c82e7bfb16fca988e01c7ff928793c2a3b4251fd
data/real/50/IMG_1667886916185.jpg,0,REAL,50,.jpg,640,480,RGB,09840106cea05759adf883fb3af1e737cc5adba4414912ee656f4837c0132774
data/real/50/IMG_1667886921679.jpg,0,REAL,50,.jpg,640,480,RGB,37a94bc163384dcaee2e668f492b6aaf094f26e19a138a99e0103d9183daa149
data/real/50/IMG_1667886924428.jpg,0,REAL,50,.jpg,640,480,RGB,e5003266d6ae8e03c10fa8a51dcbd4adcb13ad8ec15dc1513705620f2e73a433
data/real/50/IMG_1667886963364.jpg,0,REAL,50,.jpg,640,480,RGB,63e473f85ff18f2e0e0461bafaa9e6194208b595be59d42605988a46e1d9f2dc
data/real/50/IMG_1667886967886.jpg,0,REAL,50,.jpg,640,480,RGB,681be451490101a02cdabe736f835aa630c7ef704c9f41788f7728f86bf7219c
data/real/50/IMG_1667886971617.jpg,0,REAL,50,.jpg,640,480,RGB,a9e82c75e15888d403bbc14c70dd6be6c3d1bbf574253ccd22b695706c1fa669
data/real/50/IMG_1667886976628.jpg,0,REAL,50,.jpg,640,480,RGB,59dae83b9cf1a18e2a5c4e27cff4c818ff2db8781eded34b8e3b7ddd14037873
data/real/50/IMG_1667886988238.jpg,0,REAL,50,.jpg,640,480,RGB,3dae89988c983522ad8f871a334420c62de2a53ee364a126bdc92b72ec36c324
data/real/50/IMG_1667886992105.jpg,0,REAL,50,.jpg,480,640,RGB,295653a6017fba2ce5e23db76f9e00b98b1a26b4a3d3890ac5f6f0e154500608
data/real/50/IMG_1667886999372.jpg,0,REAL,50,.jpg,480,640,RGB,fb94f304267fc1880cb9599040cbbf6159938d680924219fe456404e6536ea16
data/real/50/IMG_1667887020280.jpg,0,REAL,50,.jpg,640,480,RGB,2612bcd0460be6074856bbd543431aa4453c4a36007caf47bf0cc07f5d22b5d0
data/real/50/IMG_1667887024342.jpg,0,REAL,50,.jpg,640,480,RGB,db3c427ef7bda92041943c4f7558c02f36a9fe8c45ec00f50a16478165653de8
data/real/50/IMG_1667887032727.jpg,0,REAL,50,.jpg,640,480,RGB,ebd65f4762e5e0a440c460e9078f7cc411397f9643c926b14088f62fa4619aea
data/real/50/IMG_1667887036428.jpg,0,REAL,50,.jpg,640,480,RGB,5062318be4d787dbc923d3aa72acec6e913f8e14837233722a76b1fa41277749
data/real/50/IMG_1667887040497.jpg,0,REAL,50,.jpg,640,480,RGB,c19ddff95b286fd40db57093a9da5938b1dd49a79215f2eda8f2e6176928a8b7
data/real/50/IMG_1667887046073.jpg,0,REAL,50,.jpg,640,480,RGB,5c6aa44549a471bd7af758c5d4ccee2c78bd06cdd0e6498856e8d8fdeebeb688
data/real/50/IMG_1667887054227.jpg,0,REAL,50,.jpg,640,480,RGB,bf728b86e8211dc1a832449150eff05f533cde0abb463b962b831beb908ba5e8
data/real/50/IMG_1667887058595.jpg,0,REAL,50,.jpg,640,480,RGB,7e23d3fe53b4f454c816bb26edcd79873f108d030c9b233d53fbf5663a0f451c
data/real/50/IMG_1667887086919.jpg,0,REAL,50,.jpg,640,480,RGB,f15e5aa52e299719cfb532573438a884845e5fd4bade045b7398e51d8dedbea5
data/real/50/IMG_1667887098529.jpg,0,REAL,50,.jpg,640,480,RGB,132e9f159a00fad47613ba805ffef8e5cc9de5fcb512db833eab7ad2037e9514
data/real/50/IMG_1667887120223.jpg,0,REAL,50,.jpg,480,640,RGB,bc73e21d23857bb9b98ed64ea7ba7f9584c4e3bd8d6f2e7877b805de27ef20a0
data/real/50/IMG_1667887125058.jpg,0,REAL,50,.jpg,480,640,RGB,6803386fa2b2280c4736fdbbfa22cdeab8eef13bc68cb9f4b1fa0781131a3aa7
data/real/50/IMG_1667887129078.jpg,0,REAL,50,.jpg,640,480,RGB,8b54cf0b503ef5741fe7fb743b772fe7c9dd1044e5622ba4945fc11a3f602b7e
data/real/50/IMG_1667887132821.jpg,0,REAL,50,.jpg,640,480,RGB,178df11aec66f408476e1f76528acd0f8142a96ff9b517280a09ccc7b990d893
data/real/50/IMG_1667887136814.jpg,0,REAL,50,.jpg,640,480,RGB,70adfa223e813bb409a065cad9d88ee583503ceba24b8635e58fd74f73ab8eb3
data/real/50/IMG_1667887151243.jpg,0,REAL,50,.jpg,640,480,RGB,22209a0e087e8f75e7ba46a89443d49ef85b4c91100d7e6324d945ac13d63f12
data/real/50/IMG_1667887161663.jpg,0,REAL,50,.jpg,640,480,RGB,7ef25823a6923a9dd58ff6e6afc6f6544c5e4b23b07a3eee0febdb3327cf5308
data/real/50/IMG_1667887165316.jpg,0,REAL,50,.jpg,640,480,RGB,8517b74707b0c3da9bfc5f20d77e1dda7d3ffa92936891c629aa6148452f2ea8
data/real/50/IMG_1667887169295.jpg,0,REAL,50,.jpg,640,480,RGB,0c7ab3f1732faf69fce7fdebbab3190c48384f475ca46938b2e3d47c7e8f3487
data/real/50/IMG_1667887173128.jpg,0,REAL,50,.jpg,640,480,RGB,960fc37a6cfed489d452b9a415c33cf8d5f768427946867b2e8db3dc9ebf53b6
data/real/50/IMG_1667887177424.jpg,0,REAL,50,.jpg,480,640,RGB,b01f4c49f9fb2ca22a1d7726839c814a2fa9f573423bafdbfb9abad78741da48
data/real/50/IMG_1667887185451.jpg,0,REAL,50,.jpg,480,640,RGB,f10619d977b6115d64cd53b530f0d5915d96540965f7fceb8a44482425eae9a6
data/real/50/IMG_1667887196450.jpg,0,REAL,50,.jpg,640,480,RGB,ede119ab0a5f93df6ffab19e62286ca70c195a101366a9b7e860976991ada9f2
data/real/50/IMG_1667887202440.jpg,0,REAL,50,.jpg,640,480,RGB,534c1498ad6b5b03b953ccd76f690ceb8db3d271465433e3a9105534a8b46ae8
data/real/50/IMG_1667887227711.jpg,0,REAL,50,.jpg,640,480,RGB,a1f9853e12a1aac2456008b5b8cbe01460dc77000a040522a2f1e07625ae15a9
data/real/50/IMG_1667887232077.jpg,0,REAL,50,.jpg,640,480,RGB,21078d899a95fffd14f6f726298298f66e2708710cff15478d1ff5ac9cf62d49
data/real/50/IMG_1667887236012.jpg,0,REAL,50,.jpg,640,480,RGB,e1bed84820d044de04705c036db5c0f2ea91030cbc77a834472810b40376cd53
data/real/50/IMG_1667887250751.jpg,0,REAL,50,.jpg,640,480,RGB,018118e2fed68749f3cf569dc5ab76177dda819b448d739e7ef927a55cc8f6b3
data/real/50/IMG_1667887255972.jpg,0,REAL,50,.jpg,640,480,RGB,0672f5e3d5313379c0fe1cda104eb614a74d5e8f35f3b487130b539e062cacf7
data/real/50/IMG_1667887285948.jpg,0,REAL,50,.jpg,640,480,RGB,d884d43be37aa752896b16309b4b4891aab0140ddb7a85bf4e5b90195cb3d04b
data/real/50/IMG_1667887293125.jpg,0,REAL,50,.jpg,640,480,RGB,13dba57941783c2ddd4d392b7c335b11e03430575ced0db0158c19426ea1fa1e
data/real/50/IMG_1667887299017.jpg,0,REAL,50,.jpg,640,480,RGB,06cf21e11a277498ffcb3809500fd72449a44af96d39d2193cc1cb135f992ae1
data/real/50/IMG_1667887307082.jpg,0,REAL,50,.jpg,640,480,RGB,5700769d4db7b68c59b1413379d5ef8cb5bad180161cb2e4484d0ac9a8b949cf
data/real/50/IMG_1667887312014.jpg,0,REAL,50,.jpg,640,480,RGB,6331343084c3bd9517b9db7d5ddfebad6299aa35064dd61f8773fee109306e7b
data/real/50/IMG_1667887317087.jpg,0,REAL,50,.jpg,640,480,RGB,16fc03e76a23e01c4916205fcfb78445980f7a94a49d306649b28af7d2ae6858
data/real/50/IMG_1667887325600.jpg,0,REAL,50,.jpg,640,480,RGB,9572957cc219026fb591fafb85dcac54d14cafa33c7df026e43d8460d9e77ba3
data/real/50/IMG_1667887337547.jpg,0,REAL,50,.jpg,480,640,RGB,c78a06a183c3ea106a464a927aed714da2b6b87ab0e4faa69efc5929ae193246
data/real/50/IMG_1667887342860.jpg,0,REAL,50,.jpg,480,640,RGB,96f93973654c85fc5119d6c79f91b4e5be5649d65513176d115d5e23d69f6d21
data/real/50/IMG_1667887350306.jpg,0,REAL,50,.jpg,480,640,RGB,d61c3c9a71f9f2f98f99c5746bca6de83699376815885146d47ed2d97d53e176
data/real/50/IMG_1667887356317.jpg,0,REAL,50,.jpg,480,640,RGB,bdd8b8d5be2a336bb4e26f800200265e392837d08610ba9e8d35e0adb2f83aa6
data/real/50/IMG_1667887375117.jpg,0,REAL,50,.jpg,640,480,RGB,19fde685388abafd33869f525dd423d404db86bc698ecba79110f5421e31adbf
data/real/50/IMG_1667887381236.jpg,0,REAL,50,.jpg,480,640,RGB,10c4d128d0859517b6bbb1f2eb5cd03bbd743f254b4aa2c14ca85d6cea11662c
data/real/50/IMG_1667887392249.jpg,0,REAL,50,.jpg,640,480,RGB,3855116fd203339ad725f898bac0a18326c4c0db7e6641af3af3f10f70159bb2
data/real/50/IMG_1667887396425.jpg,0,REAL,50,.jpg,640,480,RGB,492a4a0c3681f4d6b3a3c94a9b61e87623e6d4d8673822890fd5d180ded1874e
data/real/50/IMG_1667887400045.jpg,0,REAL,50,.jpg,640,480,RGB,9f43d9bf6c36dcccd910c8f5814d327cd6c26669dcdf697629893dc9419b416b
data/real/50/IMG_1667887404214.jpg,0,REAL,50,.jpg,640,480,RGB,5b56071b614f7b4b52e267847390ae6e388fa27028c2acbf0d10730c00da2065
data/real/50/IMG_1667887408746.jpg,0,REAL,50,.jpg,640,480,RGB,244d75381b6dd5bfdcbfc09404120cd7929c8a4e0b12f69a61ad97b5d11df9e8
data/real/50/IMG_1667887412809.jpg,0,REAL,50,.jpg,640,480,RGB,79f500b120fb9762514ad782ae2b9aa6691ff79402bb1a6e14d699607100f827
data/real/50/IMG_1667887417521.jpg,0,REAL,50,.jpg,480,640,RGB,6d24f2116fc6345650ac2e8e5e794aa3813206276383bd5abf8ab508f66ddc31
data/real/50/IMG_1667887434355.jpg,0,REAL,50,.jpg,640,480,RGB,6485854802cabc4918c6f6f6ddc99e16cd9836e6889a78228bb49494de7915cc
data/real/50/IMG_1667887443787.jpg,0,REAL,50,.jpg,640,480,RGB,2460d59f4b5b543ad7dad2bfb8bae885ba63ad6422fdb707774170dc0ebd4a64
data/real/50/IMG_1667887448155.jpg,0,REAL,50,.jpg,640,480,RGB,ad7b93517bd58e60d8bfe8a2ee1f6cfb814751dc717f379d9347b3cc3d83150c
data/real/50/IMG_1667887453180.jpg,0,REAL,50,.jpg,640,480,RGB,520d17cc559920d2adb56dc67c64fa24dfa10682b883ef56e8a053165be016f7
data/real/50/IMG_1667887478611.jpg,0,REAL,50,.jpg,640,480,RGB,4975055f505821a51461fb87d52b07ab4bc8a0d2839516ff0ffef5d027e30d8f
data/real/50/IMG_1667887490443.jpg,0,REAL,50,.jpg,640,480,RGB,569db109e52d178b4e622c7af3d7dfb22dfa162d22c48e6e56b4e385a773da34
data/real/50/IMG_1667887494833.jpg,0,REAL,50,.jpg,640,480,RGB,da6449620cbcadd0809489c2b51ca49ed6c58b255794566a6bdb70fa235f7009
data/real/50/IMG_1667887501123.jpg,0,REAL,50,.jpg,640,480,RGB,89f6125efefe2ec877912695ad07328ee1276922fe63e4b3ba82027c6ded9f3f
data/real/50/IMG_1667887506307.jpg,0,REAL,50,.jpg,640,480,RGB,68843e0efb9fd772fd3ec0932a3ff22516ed80349b3b9e366572772614b2aefe
data/real/50/IMG_1667887510852.jpg,0,REAL,50,.jpg,640,480,RGB,207b5848eeb41bef89f45153b2abce9a07b4ecea765d8cbf306609f9064af227
data/real/50/IMG_1667887514313.jpg,0,REAL,50,.jpg,640,480,RGB,b18e358031d3a1499ac5c23eb60bb70bab49503ac373038b6c2cc32189b91155
data/real/50/IMG_1667887519186.jpg,0,REAL,50,.jpg,640,480,RGB,2d1897149b85419c1e8da4932041ecb451002be1b43694efe0eb6e537da8b6e0
data/real/50/IMG_1667887540850.jpg,0,REAL,50,.jpg,640,480,RGB,01dbce3f2b3d0843d7b4dd6833dd86ebc8f6769dc2fca63fd557bffdb99f55c3
data/real/50/IMG_1667887548079.jpg,0,REAL,50,.jpg,480,640,RGB,de49772282bde42b97e9f2aab3306fa29b3cb35cb55c71a97a631be3a522f6b7
data/real/50/IMG_1667887552890.jpg,0,REAL,50,.jpg,640,480,RGB,d686f7572eeb664e2fad192d88d8675167548ef546d3e8edc1cb4a03a1d66648
data/real/50/IMG_1667887562867.jpg,0,REAL,50,.jpg,640,480,RGB,527cdc47cf0913c2d5c3153f40a16fa49170b54cac2cd4b059f590e9ecee86c2
data/real/50/IMG_1667887580437.jpg,0,REAL,50,.jpg,640,480,RGB,446f63cc00029df83a226110994fbb4e51bb16ecab4affc81f405234cd27a59e
data/real/50/IMG_1778.jpg,0,REAL,50,.jpg,4032,3024,RGB,457c4fd92aad030b36dc7a3cf869018a4252867ec44234891cd8995787d1f6d9
data/real/50/IMG_1779.jpg,0,REAL,50,.jpg,4032,3024,RGB,00dbe9797bfbbfc314fd396af2301d07c7ea85989f17b0ff4dfb1d67f08841f6
data/real/50/IMG_1780.jpg,0,REAL,50,.jpg,4032,3024,RGB,8aca9f0d57a0d19a804ef59196ed62a9eea8b993a11647acee3dfcf650603032
data/real/50/IMG_1782.jpg,0,REAL,50,.jpg,4032,3024,RGB,d4ea01737852d6124214c998964ec49798a840e52a466055a8982803bc257cd9
data/real/50/IMG_1783.jpg,0,REAL,50,.jpg,4032,3024,RGB,6c7918f7ea262791d92e8961c29991a1daba5e325e897c4780c4b15c1ef453d2
data/real/50/IMG_1784.jpg,0,REAL,50,.jpg,4032,3024,RGB,753dfea9af7178f0f126850158f05f4d72816e5972ae2f1b4ec569eca02aeb2a
data/real/50/IMG_1785.jpg,0,REAL,50,.jpg,4032,3024,RGB,5b16164889c645c4dd24b3d6f8ec80f8ebed4d35d95a9a00449bb1eba7663d00
data/real/50/IMG_1786.jpg,0,REAL,50,.jpg,4032,3024,RGB,36dea34bc564c449a8331ee3176f9afa67f6d528d9ed8c103926dd77e8ff1184
data/real/50/IMG_1788.jpg,0,REAL,50,.jpg,4032,3024,RGB,ce01ac71b09220b803f7f5bec311bc713632436d88f30e8aae3344b4e94c00d4
data/real/50/IMG_1789.jpg,0,REAL,50,.jpg,4032,3024,RGB,45913097b39d520a8ef8c6b3ad9441e8e974ba009cc01c8147cad4ea0614a258
data/real/50/IMG_1790.jpg,0,REAL,50,.jpg,4032,3024,RGB,edbbaaa829499c049d7aeaa9e655fde06b94eb71c5ca1c69e15ee4eee8189e16
data/real/50/IMG_1792.jpg,0,REAL,50,.jpg,4032,3024,RGB,5b6acd3ed478e4945a27834565eef31aca446f1f9c16ebac21847ffd9107be81
data/real/50/IMG_1793.jpg,0,REAL,50,.jpg,4032,3024,RGB,02de001013f11f9c28545fdac8073749c484c49a51ca05e70eab9fc51a55d2c2
data/real/50/IMG_1795.jpg,0,REAL,50,.jpg,4032,3024,RGB,a2d1b5e0ba2f20681c90a07397cd2889d2e08648fc03c3f9764fe514da32e6aa
data/real/50/IMG_1798.jpg,0,REAL,50,.jpg,4032,3024,RGB,5a7d83675bd1e0faa5315a3b436ce5c60967e51378aeae65d90d738a67131513
data/real/50/IMG_1799.jpg,0,REAL,50,.jpg,4032,3024,RGB,91ef3ff2b06c00442d8b6d129d5fe6f869c9cfc1860fecf9b870d9667f10c0b8
data/real/50/IMG_1800.jpg,0,REAL,50,.jpg,4032,3024,RGB,da30fb63d10406f57ad323cb1b33fc1a3af1b32124739c1c28ac4a838713991b
data/real/50/IMG_1801.jpg,0,REAL,50,.jpg,4032,3024,RGB,8fbfdb637347542474c72e4cc054f3de4a4bcd048f94f0ef4873c9adc40b2ab5
data/real/50/IMG_1803.jpg,0,REAL,50,.jpg,4032,3024,RGB,bb130f6d09deceaf4624fb106ac21fea5072b57e800963657648bd9bd86b65fb
data/real/50/IMG_1804.jpg,0,REAL,50,.jpg,4032,3024,RGB,ee128ccc5e50fc673d5078ef96cce1ebc066bf1a06e66312bfebe8f30dba99a7
data/real/50/IMG_1806.jpg,0,REAL,50,.jpg,4032,3024,RGB,a325441ca4203e9c3e86077cd4973fdcebde07b1d63b98a97694ee741333357c
data/real/50/IMG_1807.jpg,0,REAL,50,.jpg,4032,3024,RGB,9422ac24bd65204870eff84c712c6b583646b5ef25d6dd8d85b325efd9a39ec5
data/real/50/IMG_1808.jpg,0,REAL,50,.jpg,4032,3024,RGB,4d08260ebd96a1f35aa86b754351d43c8906e17c1746b1a66782ac54e279ded3
data/real/50/IMG_1809.jpg,0,REAL,50,.jpg,4032,3024,RGB,e92a62907b6b01735730ccd46d1e4ecdfde7ee33c93f3364a39cca687291e8ba
data/real/50/IMG_1811.jpg,0,REAL,50,.jpg,4032,3024,RGB,07d808268d65200bb1083b81088cc4401b1950c85712d1df5bb0c70cd4ba3986
data/real/50/IMG_1812.jpg,0,REAL,50,.jpg,4032,3024,RGB,222948197e923cc8e986cca76dda8a66d1d2f997a7f46952ca0a3b914af32486
data/real/50/IMG_1813.jpg,0,REAL,50,.jpg,4032,3024,RGB,67f47c8af185c18813eefab6730f61332f14f1586153edbe04c3f4dd9de46134
data/real/50/IMG_1814.jpg,0,REAL,50,.jpg,4032,3024,RGB,0b74a2a30c374bf3c6ad92751439e9f3c6c6e87528b01c04ef9e5a9eb58438a8
data/real/50/IMG_1815.jpg,0,REAL,50,.jpg,4032,3024,RGB,338fa52e6e6f93079a484fca8864ce2573b349723768e6cd5773ac7d32d71318
data/real/50/IMG_1817.jpg,0,REAL,50,.jpg,4032,3024,RGB,3350cd9079a07f6d811a65134fba68d3dda6f3e4fb07f53596299da7b58ce63e
data/real/50/IMG_1818.jpg,0,REAL,50,.jpg,4032,3024,RGB,dcf0afb5556ab38d7cddd07c281b8af38243e00a52aaf41d71d421297178a531
data/real/50/IMG_1819.jpg,0,REAL,50,.jpg,4032,3024,RGB,709c0d1fb5c4b0ac69241861e81b854391d03e1ea45c045f535d4c774a92f467
data/real/50/IMG_1909.jpg,0,REAL,50,.jpg,4032,3024,RGB,00af41993dc2e322eece01c5645e8bc4114207f1fa527471ad475782e171e816
data/real/500/1.jpg,0,REAL,500,.jpg,439,216,RGB,0eb5c89d1ae72be85943f9b7e372ebae3a81214827fea1034d9a9c6f8f6392cc
data/real/500/11.jpg,0,REAL,500,.jpg,602,252,RGB,52c2ac255ab7fc694c8c23debe9a3af7ac25e143bc0983a203ac11210b60f1e6
data/real/500/12.jpg,0,REAL,500,.jpg,1167,519,RGB,cb8819dd7cb227bccbde67a05e31fba77a7b1a1c923219c274cb4b4491a8f57b
data/real/500/12_aug1.jpg,0,REAL,500,.jpg,1167,519,RGB,68321652cff8788914034810a6aeb8229edc3368cabef07799e7a278d7f776f6
data/real/500/12_aug2.jpg,0,REAL,500,.jpg,1167,519,RGB,2d00fb1cba48bd2ea17ebfdb0f046f0d743109fd09cc763413489187e14dc2ba
data/real/500/12_aug3.jpg,0,REAL,500,.jpg,1167,519,RGB,1d6c15fc4ceee345cc7724210895d79674c0ecf10abcf17e7a8e164cae72a761
data/real/500/12_aug4.jpg,0,REAL,500,.jpg,1167,519,RGB,7fe87b316633bbed1693a0257507e2e9fdf66fde7571980ea9a82c0191313775
data/real/500/13_aug4.jpg,0,REAL,500,.jpg,601,253,RGB,18bd89c8113f464fc628f512e49affecc9ab0a36a00aa749975a0106b20c0cb8
data/real/500/14_aug2.jpg,0,REAL,500,.jpg,581,226,RGB,f75a4198df1e8e6de41b9f7026275d1ccf7db7e052cb57f41fcd0bbf33cc2e4c
data/real/500/15.jpg,0,REAL,500,.jpg,602,252,RGB,9eaaf1dd5ff5326610129e437fc85990f1e7056fd9dcc354aef48ff909a690fc
data/real/500/15_aug0.jpg,0,REAL,500,.jpg,602,252,RGB,42330319f68e8a8cf7737afc4486903ac715c08a5ecff0da9b60ae013d8fa063
data/real/500/15_aug3.jpg,0,REAL,500,.jpg,602,252,RGB,e10015bf844dcb135321728b71905d5716d5297247ce9b91131e26c7e0d367de
data/real/500/16_aug2.jpg,0,REAL,500,.jpg,601,251,RGB,4132ba2c8d8cb096f0a47d04d6edd71288cb80bab613d9a9566ba58cbc05dac9
data/real/500/16_aug3.jpg,0,REAL,500,.jpg,601,251,RGB,9d62d0787a9785ed45be3712ec4d922e9e929ef98a6130477736d3e908e803a2
data/real/500/17_aug2.jpg,0,REAL,500,.jpg,591,233,RGB,c41cb031bf8b4bac246e611b8fcf93910a7b8cd9e7faa2bed36687da2aceadd3
data/real/500/18.jpg,0,REAL,500,.jpg,600,338,RGB,3ead477e8ea5ab41bdf7bc9c59740545188eee38b5cb3f3510af5cb831eaa891
data/real/500/2.jpg,0,REAL,500,.jpg,1280,720,RGB,4cb889d80009bfd263417aa78860d337f5c07facc17428f5f10dbc481dc54842
data/real/500/20.jpg,0,REAL,500,.jpg,275,183,RGB,70ab0266a4b48cfbbf037bc79fcc558882183f558f84bb8f93d7c4fe6b545e34
data/real/500/22.jpg,0,REAL,500,.jpg,866,1300,RGB,30102432e1d128ae98e95f9806d5c0d520d968626b7bbca673261b3c2551b80f
data/real/500/24.jpg,0,REAL,500,.jpg,498,154,RGB,02da0cf5521633476381ec7f3589bdc9306ceabebb3937b33e18062ea48f07b0
data/real/500/27.jpg,0,REAL,500,.jpg,715,408,RGB,bd08b37c33b2644ea15c8c5a29a483fd4fd8bd5762a845ffa97e3d516e1c28b3
data/real/500/28.jpg,0,REAL,500,.jpg,1300,956,RGB,5b21c290bd8f113bdf8faf0c2e5533f4f1411d990c5d718956961f0193d97d0f
data/real/500/29.jpg,0,REAL,500,.jpg,1300,956,RGB,5b21c290bd8f113bdf8faf0c2e5533f4f1411d990c5d718956961f0193d97d0f
data/real/500/3.jpg,0,REAL,500,.jpg,461,204,RGB,6617424e49e6e0be86520a04732ea092e797a736508c2cd86ba57774c7635e56
data/real/500/31.jpg,0,REAL,500,.jpg,407,227,RGB,33ca06cbb2947d003d974d199eeabe1e61b99089b178e47aae7a6f4aba65117c
data/real/500/33.jpg,0,REAL,500,.jpg,591,233,RGB,19f9d15a1540f3d3630e20502663a9e1512c4680d005d9562a869510df136fa5
data/real/500/34.jpg,0,REAL,500,.jpg,633,339,RGB,e026fc0eece2fb13160f922564ba85456c11eef165569442e50983def78ef7a1
data/real/500/35.jpg,0,REAL,500,.jpg,631,215,RGB,d208fec0e7fe5ecd510d76aa5fa3786854b4bbc7aae8cd380fc40a94c4ff7101
data/real/500/36.jpg,0,REAL,500,.jpg,842,384,RGB,67bcfde7901f5e771093e22daccadba97957e8e6d7d77f368baaead316c1b702
data/real/500/39.jpg,0,REAL,500,.jpg,300,150,RGB,5c970cbede82f51fa9a63a69152441b0e2723b50c733e4320a899fff07c504c3
data/real/500/39_aug2.jpg,0,REAL,500,.jpg,300,150,RGB,ad085c44f9d9426dcffc5420f3d231257f3da1102b30af8296cde2fb6f303032
data/real/500/39_aug4.jpg,0,REAL,500,.jpg,300,150,RGB,676943ad785fa3750565d932fad3bb0863926fe0e1d1889a5c20565895322958
data/real/500/41.jpg,0,REAL,500,.jpg,1280,720,RGB,7d7a581671cbc70b1b8ba4fae0cd53acf70fd4f454767ee0b0538e8a6946775c
data/real/500/42.jpg,0,REAL,500,.jpg,1600,796,RGB,372e9416ff065387f90bdbc53d66dd73da7884c25cf03a5355d5d417554b5f75
data/real/500/43.jpg,0,REAL,500,.jpg,449,195,RGB,0917db4c48a049bba647550ad3174ecd9867e3493b6d33528c856334ef080c98
data/real/500/44.jpg,0,REAL,500,.jpg,470,205,RGB,7c7bdbd7efcb43d92dc42cfdaa48502fd96abeda519ce32e642710f8235df2c9
data/real/500/44_aug0.jpg,0,REAL,500,.jpg,470,205,RGB,9f273a92a423adaf3dd58b4200d700d96b61d2b0a776d1436a243b00848e809b
data/real/500/44_aug1.jpg,0,REAL,500,.jpg,470,205,RGB,769e278f6058c6a1f7c19f9883b9ed59b636b976ff53683ab7ef671c8b4ba750
data/real/500/44_aug3.jpg,0,REAL,500,.jpg,470,205,RGB,36673530b08cdfcbdc53cfa5ea4e854ad1fe2d77bdd5473fc5382553ada25dda
data/real/500/44_aug4.jpg,0,REAL,500,.jpg,470,205,RGB,9777536d6d2c3da5ec7c4337ce5c5f1efdf9b32811e838dc9f3e3c7bee81f877
data/real/500/47.jpg,0,REAL,500,.jpg,200,89,RGB,954ba4df7ea6afa76390f444e9cf1853687bb3e9149db3668458391686d2ab6a
data/real/500/48.jpg,0,REAL,500,.jpg,1300,956,RGB,5b21c290bd8f113bdf8faf0c2e5533f4f1411d990c5d718956961f0193d97d0f
data/real/500/49.jpg,0,REAL,500,.jpg,329,555,RGB,87f813463aefee8da1fcb68fae704b7b0876f1bd62cf9058367f87973961a735
data/real/500/5.jpg,0,REAL,500,.jpg,600,365,RGB,5212f0014c3c59e4498523908c4cccb280ff96649ba83bd8a95f23ea1ceb691d
data/real/500/500_s1.jpg,0,REAL,500,.jpg,2232,1014,RGB,3d25fbdc5d5b368cbfa91dd3372d23c0bc20a0767c617fd6f908ef7176dc0707
data/real/500/500_s10.jpg,0,REAL,500,.jpg,2698,1146,RGB,9b67cc8536eac755beb8540387fa29f2ad8e6d917c774e7f87f7ea7579e6846a
data/real/500/500_s10_aug2.jpg,0,REAL,500,.jpg,2698,1146,RGB,caa1b265d2dd673bdb32718659522ee3aecfdb46f5d4ba5e512aeafecc5f50de
data/real/500/51.jpg,0,REAL,500,.jpg,1280,720,RGB,d02ac878707cbc8cca00be9e888df56b774342aa5b3e25f788a8e46345714687
data/real/500/52.jpg,0,REAL,500,.jpg,718,413,RGB,598b17d7e8e90f869466f73857ccfed244658c84e051b5a4b9bcb850a40c18d0
data/real/500/54.jpg,0,REAL,500,.jpg,591,241,RGB,5397364a7c199b0ebef5e6ab56722101396250887e02260dc9f49e821fd9a5c6
data/real/500/56.jpg,0,REAL,500,.jpg,300,150,RGB,5c970cbede82f51fa9a63a69152441b0e2723b50c733e4320a899fff07c504c3
data/real/500/57.jpg,0,REAL,500,.jpg,514,244,RGB,cca632b796d346fea7723ce2871bd2cf874281fc466e5613b294ee1e36c0afa7
data/real/500/58.jpg,0,REAL,500,.jpg,498,154,RGB,02da0cf5521633476381ec7f3589bdc9306ceabebb3937b33e18062ea48f07b0
data/real/500/59.jpg,0,REAL,500,.jpg,568,232,RGB,54c767ddbafe3a1c5bb59c0dfd6a42425163a8af6f37e58b77389d7a5a88a73e
data/real/500/60.jpg,0,REAL,500,.jpg,631,215,RGB,d208fec0e7fe5ecd510d76aa5fa3786854b4bbc7aae8cd380fc40a94c4ff7101
data/real/500/61.jpg,0,REAL,500,.jpg,1300,863,RGB,139f8056f621c918350ebed6911506b07ffc228eb36219fc4b128f68d1b630d0
data/real/500/64.jpg,0,REAL,500,.jpg,498,155,RGB,22682bb5360db2c2f266147150cd08f261d1847fc754f094173e1637711bab6a
data/real/500/65.jpg,0,REAL,500,.jpg,718,413,RGB,598b17d7e8e90f869466f73857ccfed244658c84e051b5a4b9bcb850a40c18d0
data/real/500/67.jpg,0,REAL,500,.jpg,498,154,RGB,02da0cf5521633476381ec7f3589bdc9306ceabebb3937b33e18062ea48f07b0
data/real/500/7.jpg,0,REAL,500,.jpg,727,363,RGB,09a7329f2b98b880148243653890e959db5439d742787fae8f194991ea2af8a2
data/real/500/70.jpg,0,REAL,500,.jpg,631,215,RGB,d208fec0e7fe5ecd510d76aa5fa3786854b4bbc7aae8cd380fc40a94c4ff7101
data/real/500/71.jpg,0,REAL,500,.jpg,631,215,RGB,d208fec0e7fe5ecd510d76aa5fa3786854b4bbc7aae8cd380fc40a94c4ff7101
data/real/500/72.jpg,0,REAL,500,.jpg,715,408,RGB,bd08b37c33b2644ea15c8c5a29a483fd4fd8bd5762a845ffa97e3d516e1c28b3
data/real/500/73.jpg,0,REAL,500,.jpg,1000,439,RGB,641c6b14cf5a84530d960a7a71eabb3c517a236bd31f222f41e6bac3ef24bb8d
data/real/500/80.jpg,0,REAL,500,.jpg,391,402,RGB,8d4b57e801ee8817169a0381e0e202501bfae9c0b598c6e5edb7e120b5298f6b
data/real/500/89.jpg,0,REAL,500,.jpg,574,219,RGB,a65a581065de7d45dd917ee5d7f6c311d0d5b149c918dfceeb67abc6f90eacdb
data/real/500/91.jpg,0,REAL,500,.jpg,610,1127,RGB,908b859d16b8a90305b4217a8753fa75250246feea5a9b84bd10bd105d6c932e
data/real/500/93.jpg,0,REAL,500,.jpg,591,233,RGB,19f9d15a1540f3d3630e20502663a9e1512c4680d005d9562a869510df136fa5
data/real/500/94.jpg,0,REAL,500,.jpg,842,384,RGB,67bcfde7901f5e771093e22daccadba97957e8e6d7d77f368baaead316c1b702
data/real/500/95.jpg,0,REAL,500,.jpg,778,252,RGB,800d8d5b5e4cbe51261cae2249f35afaa0ad73bb271550ffe07d7e9f32132920
data/real/500/96.jpg,0,REAL,500,.jpg,424,216,RGB,8adca9ecf9a4a6139beadea40fa28b38f99ca0132d7f730ad8071e34ccda7dc9
data/real/500/98.jpg,0,REAL,500,.jpg,633,363,RGB,731b83289f237ea766265ba64da43e192c72ed4293f40cc9251301cc02c74834
data/real/500/99.jpg,0,REAL,500,.jpg,407,227,RGB,33ca06cbb2947d003d974d199eeabe1e61b99089b178e47aae7a6f4aba65117c
data/real/500/IMG-20220928-WA0034.jpg,0,REAL,500,.jpg,960,1280,RGB,ef59152bf0196a7811b5b012afd0a0277a2f6e94db0f4594bc5b532e48b1839a
data/real/500/IMG-20220928-WA0036.jpg,0,REAL,500,.jpg,1280,960,RGB,d16465f0d8af34b8104f89a3c6d2fc4fd24df4413cacda7a30461aa2e7603052
data/real/500/IMG-20220928-WA0037.jpg,0,REAL,500,.jpg,1280,960,RGB,65bd81a86aed2cfc2e3ba033f5fa35b256c366ad01cd4569199acdc103faa345
data/real/500/IMG-20220928-WA0039.jpg,0,REAL,500,.jpg,960,1280,RGB,19dac47098125ddf05536ac3fbd180badcd66767db6710067d8e67501a61506b
data/real/500/IMG-20220928-WA0040.jpg,0,REAL,500,.jpg,1280,960,RGB,0057f358fdba256295dccc961473d3d522f6d9bac7f7c3fea40f80c2b68f805c
data/real/500/IMG-20220928-WA0041.jpg,0,REAL,500,.jpg,1280,960,RGB,20bf6eabaa0688845cccd23e5e1765b77c6735fec272fdaf7c993037e15bfd70
data/real/500/IMG-20220928-WA0044.jpg,0,REAL,500,.jpg,1280,960,RGB,bf203643a261ee852d0b5d7fd5185562be0d61d66e17200e82ea9e7db79368a1
data/real/500/IMG-20220928-WA0045.jpg,0,REAL,500,.jpg,1280,960,RGB,a89032b161d4417f55e7753620b0ee17b6bfdfbb0154b6311b5fd5cdaf5e446a
data/real/500/IMG-20220928-WA0046.jpg,0,REAL,500,.jpg,1280,960,RGB,0aa16f8dfc75cc42d3c7a1c2080b6769dd94c29e94efaa9269e4e44444d82bac
data/real/500/IMG-20220928-WA0047.jpg,0,REAL,500,.jpg,1280,960,RGB,686914cab4b61048c0d7b02af87d161859f1d718a3ef1049d8ac2149a708761d
data/real/500/IMG-20220928-WA0048.jpg,0,REAL,500,.jpg,1280,960,RGB,ac660352796a08da3888d363fa0ed00e0f27899d76c269587dbc8c572dfc9ea8
data/real/500/IMG-20220928-WA0050.jpg,0,REAL,500,.jpg,1280,960,RGB,0afd9c6c06a73e6fa2450580317382a9cc35b1050ec19c9cea8b10e01b7a492f
data/real/500/IMG-20220928-WA0052.jpg,0,REAL,500,.jpg,1280,960,RGB,8596b7a076949dde68eb49bf7c26351f1077dcccf7d88815fcd36808cfa2db11
data/real/500/IMG-20220928-WA0053.jpg,0,REAL,500,.jpg,1280,960,RGB,e659bb0688c9835ad77f2f0aa5309cc471b968ee7c26577b34235825941ed540
data/real/500/IMG-20220928-WA0056.jpg,0,REAL,500,.jpg,1280,960,RGB,5246a4207a23eea5aeb7d2ef02e30e937da89dcc718fe3e257853162421592f4
data/real/500/IMG-20220928-WA0057.jpg,0,REAL,500,.jpg,1280,960,RGB,6ed04349c61b585a46a703a1e12b81215d9a40346e22156854fd3fe91b57d244
data/real/500/IMG-20220928-WA0058.jpg,0,REAL,500,.jpg,1280,960,RGB,c851b0057256d45f701eba24465bb738eff740b1bef68f9b25e2ac574ca765d6
data/real/500/IMG-20220928-WA0059.jpg,0,REAL,500,.jpg,1280,960,RGB,50c432940eb125910f39f529dd6200976a528a4117bed29491b1bd281cb716f1
data/real/500/IMG-20220928-WA0060.jpg,0,REAL,500,.jpg,1280,960,RGB,25a7ce9bd32e059d2d25d5d7b4edbd127492933d093c1049813e815326761693
data/real/500/IMG-20220928-WA0061.jpg,0,REAL,500,.jpg,1280,960,RGB,cfe44b985e0dc80b11e56f366a6ed3e7e06fbd1f117f1cc55456a13c6c4107c1
data/real/500/IMG-20220928-WA0062.jpg,0,REAL,500,.jpg,960,1280,RGB,2be1828b4f4dc713a6b47b9d2b698edfcff1f62a50bbae9e6fd21337cea0cb72
data/real/500/IMG-20220928-WA0063.jpg,0,REAL,500,.jpg,960,1280,RGB,69ccbf445c4f7747df08ec1ee402af23dc46fbcc28eaf6966542b8754ad02d53
data/real/500/IMG-20220928-WA0064.jpg,0,REAL,500,.jpg,1200,1600,RGB,2fd33370c74ed4888e65aba12a7a4a1172214c7a83a1fb2cb9d7db07188bd44b
data/real/500/IMG-20220928-WA0065.jpg,0,REAL,500,.jpg,1200,1600,RGB,5b38b079aaf659b4030f6a838fb696e6ed49b94c090b20966038a4f1ed405e4d
data/real/500/IMG-20220928-WA0066.jpg,0,REAL,500,.jpg,1200,1600,RGB,c7e2efbe05126212df5627dab5d6d53a45f897fa93127866475e3c7d8370279d
data/real/500/IMG-20220928-WA0067.jpg,0,REAL,500,.jpg,1200,1600,RGB,2e24eb2a7327a5a480cb3aab46f8668ca1f9a2d0bc1f10f70b51746dadefa3de
data/real/500/IMG-20220928-WA0069.jpg,0,REAL,500,.jpg,1600,1200,RGB,c5c60d3905e276f1d2800e39c845e2e74d8e8feed87be017b58f08a3dccf8290
data/real/500/IMG-20220928-WA0070.jpg,0,REAL,500,.jpg,1600,1200,RGB,3dec62e41840231323bede59c69031a851f3993f96fcc927c5ca60da8edf8df3
data/real/500/IMG-20220928-WA0071.jpg,0,REAL,500,.jpg,1600,1200,RGB,b7ca6ec74b1dfa4c122139e58cda6f428a483d62c6ad424d70dfa4085eb083ae
data/real/500/IMG-20220928-WA0072.jpg,0,REAL,500,.jpg,1200,1600,RGB,62dc30a66c5d180baabc501a4dd94784b4a7eb0b0147b2b47797a37b7480b2d1
data/real/500/IMG-20220928-WA0073.jpg,0,REAL,500,.jpg,1200,1600,RGB,cf3cea65d351fa4e9113069da86d13792ac7eb35f526c800be0e219d49068f66
data/real/500/IMG-20220928-WA0075.jpg,0,REAL,500,.jpg,1200,1600,RGB,09dc6bd4f9a658cfd29752af60969fff7465a09ede690a0d1e752fc7cd92c3f2
data/real/500/IMG-20220928-WA0076.jpg,0,REAL,500,.jpg,1200,1600,RGB,844f0a6ed1e96a8e41aa430197ee3e21f847332c00a02ee2fef0648d76d9157c
data/real/500/IMG-20220928-WA0077.jpg,0,REAL,500,.jpg,1200,1600,RGB,39f07dcfa31929bee3c34d99e88407ee9359387af8a266a47179988c86701fc1
data/real/500/IMG-20220928-WA0078.jpg,0,REAL,500,.jpg,1200,1600,RGB,ee95ef6cbd4a5ae09e604e95bf769e069c967899bc952307f7a511eb89c040d8
data/real/500/IMG-20220928-WA0079.jpg,0,REAL,500,.jpg,1200,1600,RGB,207b3d2ffe5723507e431a507f009730c64a35036219162b7083d620c3df228a
data/real/500/IMG-20220928-WA0080.jpg,0,REAL,500,.jpg,1200,1600,RGB,94b7979470e5604120a6745fda95c8f2a8442f6f8b779b08b83942a439679c55
data/real/500/IMG-20220928-WA0081.jpg,0,REAL,500,.jpg,1200,1600,RGB,42ae2263feb85a08b6d2a1fd91182870e60853bc078bb51d9f1e2f97b1909bb1
data/real/500/IMG-20220928-WA0082.jpg,0,REAL,500,.jpg,1200,1600,RGB,c0dd2c5776d1af41b647bdc120cf3f5cf30dbc6dcbbd60d31d6dcea7147db622
data/real/500/IMG-20220928-WA0083.jpg,0,REAL,500,.jpg,1200,1600,RGB,5e81cc9cdd4daa1f814e8d604718a5bb513012218371b4edb26065ffe5c2ba19
data/real/500/IMG-20220928-WA0088.jpg,0,REAL,500,.jpg,1600,1200,RGB,fa136f5bc9ccec7a7ad6991fc76fa1d9536fdfdddbe4720668801e9eb4598ba7
data/real/500/IMG-20220928-WA0089.jpg,0,REAL,500,.jpg,1200,1600,RGB,c5b5fb383d460197ad16695244b3f7d5bf6a98e6000e708e92315a6a0cdfbc89
data/real/500/IMG-20220928-WA0090.jpg,0,REAL,500,.jpg,1200,1600,RGB,4259dfcc1648832b0df3044fbe1e5df79135c56691f9067c4a4641910b920a28
data/real/500/IMG-20220928-WA0092.jpg,0,REAL,500,.jpg,1200,1600,RGB,12494e6e0f58053b86decc620c1ca839c924a2859cbe7794f36f1337d32f78ac
data/real/500/IMG-20220928-WA0093.jpg,0,REAL,500,.jpg,1200,1600,RGB,0eb9d78f4466ddd2ec4673aa98064732394ca9268f0f1af596e98893d2cb6c54
data/real/500/IMG-20220928-WA0094.jpg,0,REAL,500,.jpg,1200,1600,RGB,1ec1a27e089f1413c11d0b8c6b1319e696548f74d67e79b3edd9ae545b083a64
data/real/500/IMG-20220928-WA0095.jpg,0,REAL,500,.jpg,1080,1440,RGB,8f2190f62ab51fcdc4dac5b956d90476e2cff61937ddcae1b698575a3d8756cf
data/real/500/IMG-20220928-WA0097.jpg,0,REAL,500,.jpg,1200,1600,RGB,31c1d00a5f3563ac74d6883fe32024bea1a827cd73fb744cceba76d2725614df
data/real/500/IMG-20220928-WA0098.jpg,0,REAL,500,.jpg,1200,1600,RGB,69dcec8306fecbeb93d977ac40bf6b4301d38b94711a8144f183d37a8c378000
data/real/500/IMG-20220928-WA0100.jpg,0,REAL,500,.jpg,1200,1600,RGB,30ea0f38f2a52ae5da7cb3d491c30f8acd0b522e32c4ea0330c62321c8a5b76a
data/real/500/IMG-20220928-WA0101.jpg,0,REAL,500,.jpg,1200,1600,RGB,5fee7ab003e054307415c9412da6a8743fe83a003c31d4aad6dfbc0b921f058d
data/real/500/IMG-20220928-WA0104.jpg,0,REAL,500,.jpg,1200,1600,RGB,871107cdafdadf90bfb7a67d58ac316fb042cbd9db3dfebecac685fa0f518e22
data/real/500/IMG-20220928-WA0105.jpg,0,REAL,500,.jpg,1200,1600,RGB,fafda98e6f8b014e7242ab44190d60bc629040fa2fbb01aafd2c38c44d12a8df
data/real/500/IMG-20220928-WA0106.jpg,0,REAL,500,.jpg,1200,1600,RGB,fec9462820c7c99a69f3f83e68cf3905c2e2d3f1a989d3d51077b13a108c87a1
data/real/500/IMG-20220928-WA0108.jpg,0,REAL,500,.jpg,1200,1600,RGB,5277a4099c2691ba03f8588757ede77760ce634c47a16efb23db2cd78c20beb6
data/real/500/IMG-20220928-WA0109.jpg,0,REAL,500,.jpg,1200,1600,RGB,348548f63e9c2a86b9fc83ae1947f2690272b30a6bc48be8e00d06984a246795
data/real/500/IMG-20220928-WA0110.jpg,0,REAL,500,.jpg,1200,1600,RGB,7913cee17b93060c83f8301df245b24f724decc1fb8842afc625d51217f55117
data/real/500/IMG-20220928-WA0111.jpg,0,REAL,500,.jpg,1200,1600,RGB,38ef00a2ef0676ad9022e4f8fd9a53a57ae1f5ded0fdfb643b540c7a09fa1911
data/real/500/IMG-20220928-WA0114.jpg,0,REAL,500,.jpg,1200,1600,RGB,47337959ba392164afe333e9bdb395e507feec9b64a068cff442307cbc90afba
data/real/500/IMG-20220928-WA0116.jpg,0,REAL,500,.jpg,1200,1600,RGB,9a41f5454c671fd4956766bbf16cde4f138bcc000179b4d2dcb878bebaf8129a
data/real/500/IMG-20220928-WA0117.jpg,0,REAL,500,.jpg,1200,1600,RGB,ed4f6867dda972b8e96bcce8d7660e0ff8e6f8c85c70c0de2d892c05dee5a2c3
data/real/500/IMG-20220928-WA0118.jpg,0,REAL,500,.jpg,1200,1600,RGB,2e4c6e3521b69d0376c590a1ac2d4465f927061b62d081d1d10f2446286a9bae
data/real/500/IMG-20220928-WA0120.jpg,0,REAL,500,.jpg,1200,1600,RGB,c1e15ece62cde39c567151e76ed89f2f7408cea9fb538e69d56808fd9c6a4dca
data/real/500/IMG-20220928-WA0121.jpg,0,REAL,500,.jpg,1200,1600,RGB,8060d53ccd90648ec7d78ab8f9849c6ee7e240acbf79fcfcc11f174753f25b34
data/real/500/IMG-20220928-WA0122.jpg,0,REAL,500,.jpg,1200,1600,RGB,516631d1908941bf4b401503934d050aaf02f50042c47fccbe59435be8bb8bf4
data/real/500/IMG-20220928-WA0124.jpg,0,REAL,500,.jpg,1200,1600,RGB,5b273bbc544896f13075480d164d04a26f9b006bce3c0a7ad90d0c4bc1686933
data/real/500/IMG-20220928-WA0125.jpg,0,REAL,500,.jpg,1200,1600,RGB,907d6621153d3258ad70b5ac032684b658d6ad04be5b27de72d05596516f09bb
data/real/500/IMG-20220928-WA0127.jpg,0,REAL,500,.jpg,1200,1600,RGB,4d5d7b0d90e05b2357d2d6649f337af27f6ba04606470babe84a6610eea9afea
data/real/500/IMG-20220928-WA0129.jpg,0,REAL,500,.jpg,1200,1600,RGB,dd3fd7d222e99c2df952e0a8973eed2fe789cc1d83b4f49a53db339a745bcf1a
data/real/500/IMG-20220928-WA0132.jpg,0,REAL,500,.jpg,1200,1600,RGB,3dfdada6bccf5ed1528be25c056c0499e12e32905c8748eb03b10c91b3c85cf4
data/real/500/IMG20220901123759.jpg,0,REAL,500,.jpg,4608,3456,RGB,bb919c009b9fa4ac8afa6cc8a0932feae6a4786ec3fe81e223d0600a118c2611
data/real/500/IMG20220901133103.jpg,0,REAL,500,.jpg,4608,3456,RGB,52a7d0c470e375b2800d33df6bf223a370eea3ec6d6d19789b9b7ca4961956df
data/real/500/IMG20220901133112.jpg,0,REAL,500,.jpg,4608,3456,RGB,141a54363b5fe76e89abb77098ce68647b3f426d4c83136a7dae5bb3f76c5432
data/real/500/IMG20220901133128.jpg,0,REAL,500,.jpg,4608,3456,RGB,5ab724fccd2f8613059d511376ed81ceb13d87eb5866d00884ab7ba2ac0fe36b
data/real/500/IMG20221010133122.jpg,0,REAL,500,.jpg,3468,4624,RGB,ea4d20d7e71ba0c3f68d79059fc650b1e675253324fbb8b8360ccd87d463f9b4
data/real/500/IMG20221010133124.jpg,0,REAL,500,.jpg,3468,4624,RGB,88ca00ccfea95b1ec22659ba11a9b28f0c818d8b6b1b5310db5b08529d51c4bb
data/real/500/IMG20221010133128.jpg,0,REAL,500,.jpg,3468,4624,RGB,26d815996a2c879ff8da0ba2e1181ba9dde2e382c1f67abc9900350fef4601f4
data/real/500/IMG20221010133133.jpg,0,REAL,500,.jpg,3468,4624,RGB,d3a210e9e7230e250fde6224e1aac854d00838bbc6f2e40bbf3683550caf2a9e
data/real/500/IMG20221010133138.jpg,0,REAL,500,.jpg,4624,3468,RGB,818dcc2e0c249fd88b4dcce36e276d810c2da48e1a7df3c5e8ea96ccf651a1db
data/real/500/IMG20221010133144.jpg,0,REAL,500,.jpg,4624,3468,RGB,1b56413e5d2f18ec9282a47d580b468d9d4099b372b7abaf15c46007e986a458
data/real/500/IMG20221010133154.jpg,0,REAL,500,.jpg,4624,3468,RGB,86dc8c979566e631c67b33cf732386fc75da55e89a788313c557d1621e28a9db
data/real/500/IMG20221010133157.jpg,0,REAL,500,.jpg,4624,3468,RGB,a91f669b21068e183f646face47e759dbf91c1ce4f9d43eb205b3a223df8e695
data/real/500/IMG20221010133200.jpg,0,REAL,500,.jpg,4624,3468,RGB,dbd9e563339c68fde58e812fd25bd9d0f69866fda614e9cc93fd6e6d75bb0c38
data/real/500/IMG20221010133232.jpg,0,REAL,500,.jpg,4624,3468,RGB,497c1d8ac7795ae8c60de4f0aa2ae58d945428c18031b3057844ead97585a45a
data/real/500/IMG20221010133234.jpg,0,REAL,500,.jpg,4624,3468,RGB,6851bb8cffbef6dfbbf33531b2ec937caad02538832ecf39a770adef0778aeaa
data/real/500/IMG20221010133240.jpg,0,REAL,500,.jpg,4624,3468,RGB,9d3c40a1c34f250ad91a8c423f7a71da8fedbc744602cdc3f59241505f55f83e
data/real/500/IMG20221010133246.jpg,0,REAL,500,.jpg,4624,3468,RGB,c6061d2848c82d0c508f0d50c8f4be36bb0c8023d2fc83ed27aa25715b28ff1d
data/real/500/IMG20221010133255.jpg,0,REAL,500,.jpg,4624,3468,RGB,923b600acd6a524cb14a8c706ff13c32f877c8f448611878ce1c5f8530cfdd20
data/real/500/IMG20221010133301.jpg,0,REAL,500,.jpg,4624,3468,RGB,02e371259ba13e18aa277ee37b80a18a5f4a822a92314514ade987f89fb21f3b
data/real/500/IMG20221010133309.jpg,0,REAL,500,.jpg,4624,3468,RGB,d754c80fb94a4fadc634139a5394ae2bd2ffba4e694768b09ecfaaf03cf96503
data/real/500/IMG20221010133323.jpg,0,REAL,500,.jpg,4624,3468,RGB,1348fbbf1b9f39ec23ffff96bb3234bc0d619cbc9c8300a56eb8af9af82f6276
data/real/500/IMG20221010133325.jpg,0,REAL,500,.jpg,4624,3468,RGB,33210a07bce1157e3dcbea270d4a74e05db70bbc08db7a1537ec03a2ac25dab9
data/real/500/IMG20221010133334.jpg,0,REAL,500,.jpg,3468,4624,RGB,4c07dd8bb1b68b9f8205c9da8cd5cdc26fa0cf9825af3bdb34aba47f91db4b03
data/real/500/IMG20221010133338.jpg,0,REAL,500,.jpg,4624,3468,RGB,4219aa776d427b62660b120948abbd831cedc6c236709fb4320e72e16de0bcab
data/real/500/IMG20221010133341.jpg,0,REAL,500,.jpg,4624,3468,RGB,507c6d3c4786984e3745a72bdc30fabda6d14a9c4b2768b7ba29c2e54e1932c9
data/real/500/IMG20221010133342.jpg,0,REAL,500,.jpg,4624,3468,RGB,2429738174919bf3423f159f46a296601223531000a57bb577bdc2dff620f7b5
data/real/500/IMG20221010133350.jpg,0,REAL,500,.jpg,4624,3468,RGB,a675b423544e3d2fbe8da2a9658500363544b8b919820bac1c1c582fd346929f
data/real/500/IMG20221010133352.jpg,0,REAL,500,.jpg,4624,3468,RGB,0fa61a943c86a0d27bd61e921aad42e590f8a3dab2ac4f9a0ecefc5c9061a3a3
data/real/500/IMG20221010133354.jpg,0,REAL,500,.jpg,4624,3468,RGB,791fe25c6552e1823676d3c3826d40b2c9b4a41c14fb962cc3f2fa92c938b078
data/real/500/IMG20221010133358.jpg,0,REAL,500,.jpg,4624,3468,RGB,aed13dfc0b31c6aac040571adf4a21d14fb1b5c8d38e9938973be23dedd4c604
data/real/500/IMG20221010133401.jpg,0,REAL,500,.jpg,4624,3468,RGB,d3c1b224a5141f0f37319910c9b5c5e3dfa202835eedc7b150c5b01e35eb99b8
data/real/500/IMG20221010133402.jpg,0,REAL,500,.jpg,4624,3468,RGB,19d44b721074ae418f77e338fcb5e04f86be37a7755964e18783344e31e381b9
data/real/500/IMG20221010133404.jpg,0,REAL,500,.jpg,4624,3468,RGB,f7c06d6f61439f82721032fbf60a326a19a42d45c9746628c6e06fa8c454297b
data/real/500/IMG20221010133408.jpg,0,REAL,500,.jpg,4624,3468,RGB,084c084a72de00f5b67adc81bc1be042015609f11ab7587730c2673c9f93544c
data/real/500/IMG20221010133410.jpg,0,REAL,500,.jpg,4624,3468,RGB,ebdfa77df76f0ca3ec55d634b4bcde92f2a2f10816f2a30b719970734d197649
data/real/500/IMG20221010133413.jpg,0,REAL,500,.jpg,4624,3468,RGB,47d758b310695ebf7b2a1c1f35d04c3e135c7914f2486aab2599199aa07a535c
data/real/500/IMG20221010133418.jpg,0,REAL,500,.jpg,4624,3468,RGB,568cb9c5f23da62c9828dc198878761771c01bce9be3611b13e4c09b95c87ee7
data/real/500/IMG20221010133421.jpg,0,REAL,500,.jpg,4624,3468,RGB,e011c1161331a47ed7d3673277117898399c8e81f4e7d2dbc03c5c0c008e0c8a
data/real/500/IMG20221010133422.jpg,0,REAL,500,.jpg,4624,3468,RGB,2e8f4334bc4358dae6ce1389938300679d237ef6a0da2f634cc0ae5f92333b07
data/real/500/IMG20221010133424.jpg,0,REAL,500,.jpg,4624,3468,RGB,263eccc3fc5c10f27cbdd4d53d6565653c09f8f935868704375fe3ec2e2e4df5
data/real/500/IMG20221010133428.jpg,0,REAL,500,.jpg,4624,3468,RGB,d8586709c998035759742169abaf2c8d149fb9fd659d23909b30781ae4573fab
data/real/500/IMG20221010133429.jpg,0,REAL,500,.jpg,4624,3468,RGB,f5f3fd1e9cc96617609a94d8cc7d504d3da0373a4e3f3d4e159d9b67311a8450
data/real/500/IMG20221010133430.jpg,0,REAL,500,.jpg,4624,3468,RGB,cee51a6ec41989af50b98db2ca4b136e6ea90dada8b7a8ec831b092d2cb4c916
data/real/500/IMG20221010133432.jpg,0,REAL,500,.jpg,4624,3468,RGB,c395b8f7527406221bf6ad8e8546511f3d89208cf002033a7339255431d11ce8
data/real/500/IMG20221010133448.jpg,0,REAL,500,.jpg,3468,4624,RGB,f0b197a61e1aae366ac962ddfd91b104f4d514ed8fbb202b63dc114f19f3b87f
data/real/500/IMG20221010133456.jpg,0,REAL,500,.jpg,3468,4624,RGB,d79bbc5cd308f76831e92b55f85472401668ebe76e4d923f949527a362d30cb8
data/real/500/IMG20221010133459.jpg,0,REAL,500,.jpg,3468,4624,RGB,1b11fb273817bdc52d28e78b1baa87c904b6e343b3f2c62835660cb2d3974d0c
data/real/500/IMG20221010133508.jpg,0,REAL,500,.jpg,3468,4624,RGB,e481cd358fb6c1ff32195aaf1bf61822828b5f223763d189b56d8fd43d109edf
data/real/500/IMG20221010133509.jpg,0,REAL,500,.jpg,3468,4624,RGB,a839dff75b07d15a059cdf2165f0c8696482eec6c81f24b693c8c0813ab6ee7b
data/real/500/IMG20221010133513.jpg,0,REAL,500,.jpg,3468,4624,RGB,591255841ee49261d71c6baceea75b10011b93a5380d529848c14058d09b99a8
data/real/500/IMG20221010133514.jpg,0,REAL,500,.jpg,3468,4624,RGB,99581bb14ec8f75dd1d37389beb45e8eb322454ae20860c0ab5e2b2cfff1e997
data/real/500/IMG20221010133517.jpg,0,REAL,500,.jpg,3468,4624,RGB,4bb0bf850d8695b2d626866cfb5beb0cc25b0fd887a95794dba90a3d4896bf9a
data/real/500/IMG20221010133518.jpg,0,REAL,500,.jpg,3468,4624,RGB,71f4fe581efb7998507f449acc66157a060582b4fc01002f5ab069cc16b46c63
data/real/500/IMG20221010133520.jpg,0,REAL,500,.jpg,3468,4624,RGB,21bff17ba215cd8fef388683e328bada8c6890998eb507ae75139b3682c540c4
data/real/500/IMG20221010133522.jpg,0,REAL,500,.jpg,3468,4624,RGB,a0d221f9a6633765df3ad10f0c78d322885b8fd8d9b9aaa069165e224b4ebe69
data/real/500/IMG20221010133523.jpg,0,REAL,500,.jpg,3468,4624,RGB,cd96bbcdc6aa032d0f06a441a5c15c3536580de3ecd160371beb0107e1bccaa8
data/real/500/IMG20221010133525.jpg,0,REAL,500,.jpg,3468,4624,RGB,c63762669a15cf8b5a6a61768dd67740acc796348810d87d25c26b479cbe8612
data/real/500/IMG20221010133527.jpg,0,REAL,500,.jpg,3468,4624,RGB,8b401b9edb94b9e017d07370b92c95161c5eaab0affade358ccb18c60c703f42
data/real/500/IMG20221010133528.jpg,0,REAL,500,.jpg,3468,4624,RGB,0ed39ab66a8de5217a3796283e0468ecd1ae55606d0c63df01a4164d6ceb201e
data/real/500/IMG20221010133529.jpg,0,REAL,500,.jpg,3468,4624,RGB,c1122297791916d4215fe56892e45b1005a4a2bcb36795fb8c596aa906f6f4a0
data/real/500/IMG20221010133532.jpg,0,REAL,500,.jpg,3468,4624,RGB,9747d67fdf2d3e2f89d9b5b28732ea7ffa9e88f9f8efd295a990e137708c1e9f
data/real/500/IMG20221010133533.jpg,0,REAL,500,.jpg,3468,4624,RGB,27178db9789481cf26a41715f1b63356f5ff204a5ca5145473b902e8a392464d
data/real/500/IMG20221010133538.jpg,0,REAL,500,.jpg,3468,4624,RGB,9227f4babfd0914309a00e3fdcfef2633684fed0f6b57fa04f7b05c2d048cbb9
data/real/500/IMG20221010133539.jpg,0,REAL,500,.jpg,3468,4624,RGB,aa1691e216efb1a95bcc760681f89cf0aa9aa3696afb0a9a08656e3981efc97e
data/real/500/IMG20221010133541.jpg,0,REAL,500,.jpg,3468,4624,RGB,9a7c7b5c53fc3ae254bec5c0af9c9a3ad13aef609d86ac88d66df4c2c236fd1c
data/real/500/IMG20221010133637.jpg,0,REAL,500,.jpg,3468,4624,RGB,2ffc11c5d700d4663c3615a958be8ac1122196f1e5ae445db29333169c7fe65c
data/real/500/IMG20221010133644.jpg,0,REAL,500,.jpg,3468,4624,RGB,cacf5075e9a84d3dfcd3778ad26a2596444386f5f6b22edc7c4ce89ee87c1b1b
data/real/500/IMG20221010133651.jpg,0,REAL,500,.jpg,3468,4624,RGB,089fce9cccd05003f72ea467742c0abf257f87953253b4aabfa276369d896326
data/real/500/IMG20221010133654.jpg,0,REAL,500,.jpg,3468,4624,RGB,b8b51c312b0003894c00f67c81c0461bdff4259d27a600245c7f136f116288c6
data/real/500/IMG20221010133708.jpg,0,REAL,500,.jpg,3468,4624,RGB,5cb84662ebb6b6e8b5e38551ac743585d68bd47f26a0aab2211f3dca1e34d2f2
data/real/500/IMG20221010133711.jpg,0,REAL,500,.jpg,3468,4624,RGB,65613d164010320b4e03a5292147a0764304077cd3c55ae9ab3891a347c098da
data/real/500/IMG20221010133714.jpg,0,REAL,500,.jpg,3468,4624,RGB,9c2da7aefb0355c451b78cbb0b9a77b0182b2e8c88ba642e1d0d48d1bfb4229b
data/real/500/IMG20221010133717.jpg,0,REAL,500,.jpg,3468,4624,RGB,b821cd13ed2e3baca918f8e334ad0358fc788ef4581f6a89d479515a4133fb63
data/real/500/IMG20221010133721.jpg,0,REAL,500,.jpg,3468,4624,RGB,6e04567bb25562685379d41f579b60a35dc1db194bd42215162fdedbddb3fa57
data/real/500/IMG20221010133722.jpg,0,REAL,500,.jpg,3468,4624,RGB,cdbf2fb1b12216490b08d878c971c07a215553af459244f63a83f0bdd33c92ff
data/real/500/IMG20221010133724.jpg,0,REAL,500,.jpg,3468,4624,RGB,0ab0e614842c3167dcddc3152c469bed6b166afe47b1625ab0d6d9aaa39e0ca4
data/real/500/IMG20221010133728.jpg,0,REAL,500,.jpg,3468,4624,RGB,7e591858e58078554816b2566d0b233176f7975c47d22eda7f197afd6a25a023
data/real/500/IMG20221010133730.jpg,0,REAL,500,.jpg,3468,4624,RGB,c75477051bb1bf5a1fe2dda53d08783c09b86cefc38fe69684e6a5e253851b0c
data/real/500/IMG20221010133734.jpg,0,REAL,500,.jpg,3468,4624,RGB,e8b27744bc359f609cffad67fe9828e77712082e6a0c445fc5429debde79e6da
data/real/500/IMG20221010133735.jpg,0,REAL,500,.jpg,3468,4624,RGB,9eee950246e0f15bdcc4ab8da807c4d10aedb2704e259a70a157504d12e572fc
data/real/500/IMG20221010133737.jpg,0,REAL,500,.jpg,3468,4624,RGB,2fef0ae45807613d79a86de3bbe102f532bf963110f9128798f16662fa135fc0
data/real/500/IMG20221010133739.jpg,0,REAL,500,.jpg,3468,4624,RGB,269853a78b34f83043d2e4f9494504c2e4c19ec108918e06cd129e27f1be1400
data/real/500/IMG20221010133742.jpg,0,REAL,500,.jpg,3468,4624,RGB,be98cbb33038266647ebf9ca01fe75269c7f77679b23de84738b0c18e1f6a08e
data/real/500/IMG20221010133743.jpg,0,REAL,500,.jpg,3468,4624,RGB,f3bbd43f35fab71fd6065db3502b0ec168ef3aa90726d20c3b78bdd3234ac97c
data/real/500/IMG20221010133748.jpg,0,REAL,500,.jpg,3468,4624,RGB,57d7b68b40c7c74095cb4d02b0a9bf1635537ec137689fa0aae1acf1f03d46b0
data/real/500/IMG20221010133749.jpg,0,REAL,500,.jpg,4624,3468,RGB,17e578fce42150de007c4d023194c954037146f450339a34ec57c43ea0c3d24d
data/real/500/IMG20221010133753.jpg,0,REAL,500,.jpg,4624,3468,RGB,4dcb2e6add3e33ffe60a56b94d3b09d151095d6e3cdebc0dd5bafc2b580d73a0
data/real/500/IMG20221010133753_01.jpg,0,REAL,500,.jpg,4624,3468,RGB,0c38e6bfa82cf668492edcbab9d589bbd90166d9fba9a21d21b8c3382f0e94a8
data/real/500/IMG_1667849585988.jpg,0,REAL,500,.jpg,480,640,RGB,feeaabdd8717aa94fa9c17dd45b712ea60b174941617beb8d4c83c6163892ffa
data/real/500/IMG_1667849603381.jpg,0,REAL,500,.jpg,480,640,RGB,f4d94b8538f0c08ea788150486cab2ff541d055b221295b9594acdddcc907912
data/real/500/IMG_1667849612634.jpg,0,REAL,500,.jpg,480,640,RGB,0941ae44b6e372eed11719750cc1d4f16ff8c96f4851f587550c27329121bc9f
data/real/500/IMG_1667849622714.jpg,0,REAL,500,.jpg,480,640,RGB,ebabb45d036da249e141340566dbb9c21061bf1a217cae828b21788ffa39d849
data/real/500/IMG_1667849678544.jpg,0,REAL,500,.jpg,480,640,RGB,5f27cb6f85fe5ec5c8382802e3b13af9089897254589b6ba0d86230b1bb720f9
data/real/500/IMG_1667849689753.jpg,0,REAL,500,.jpg,640,480,RGB,6ee4893ed7c0f3d3d744ccf14715cf697c5f4aba72b0e347b57614f931b83ce6
data/real/500/IMG_1667849700360.jpg,0,REAL,500,.jpg,640,480,RGB,1b49862d007cd0dfe0d169f2791a52839a35a74dabeec3dd25f7bd8affa19c4a
data/real/500/IMG_1667849716942.jpg,0,REAL,500,.jpg,640,480,RGB,feba7446b4045ed51a1c7eb161556f04ab13cc89b434274cde4c8d8e67fe5321
data/real/500/IMG_1667849727220.jpg,0,REAL,500,.jpg,480,640,RGB,b9a30e2b58766d8d1b0292d0556e4c8a66d8fc57f06c1bf7d31e74750a9de732
data/real/500/IMG_1667849757378.jpg,0,REAL,500,.jpg,640,480,RGB,6eac4d2b154555e285846fae26a5f2325d38652c8c3da2daedbd0b0710d43bd9
data/real/500/IMG_1667849774454.jpg,0,REAL,500,.jpg,640,480,RGB,37a1ec452c4c9b8571b54e12b16c2f22b02167adb9a6020a63a1a2a118416cd5
data/real/500/IMG_1667849783537.jpg,0,REAL,500,.jpg,480,640,RGB,3a03c1957ca3392f1f01476d9f226ee3ecf1fe831f756e283ecc978f7a144022
data/real/500/IMG_1667849810462.jpg,0,REAL,500,.jpg,640,480,RGB,4295c87bc25d44f595b5abe13374d7fa50a2d6687794101c82b4f2c85f78008a
data/real/500/IMG_1667849830009.jpg,0,REAL,500,.jpg,640,480,RGB,ddf722b742a3df04fe237ccd360d5b9b95f7c7b43fc9a5835e7cf7b0993f05f1
data/real/500/IMG_1667849843181.jpg,0,REAL,500,.jpg,640,480,RGB,9221fd2042f773f7d4a52413539d160b2c437e79ca05fabb4ea8ba1e67cbeb9f
data/real/500/IMG_1667849871007.jpg,0,REAL,500,.jpg,640,480,RGB,54a00000b9bfa45dac2345c1b0117bd39d4c92d2a273be67ebe6680648284842
data/real/500/IMG_1667849893852.jpg,0,REAL,500,.jpg,480,640,RGB,abdab575bfaed5c31403360ae6be40e52cd04432e61ef87f98744262731798b7
data/real/500/IMG_1667849913204.jpg,0,REAL,500,.jpg,640,480,RGB,6b345fb72ee74feafe0c0db563ff7494d7a8e57990b2b5bc4894079cbf3ddb79
data/real/500/IMG_1667849933579.jpg,0,REAL,500,.jpg,480,640,RGB,8617de57b373b00362ce200f6d7430a021106344bcafd297bdbc0af8f48df64f
data/real/500/IMG_1667849992370.jpg,0,REAL,500,.jpg,640,480,RGB,42a307824675074b0ca18d3907e5cdb43ad8ec26b4d583964e43608015db74c7
data/real/500/IMG_1667850002972.jpg,0,REAL,500,.jpg,640,480,RGB,456dbfb042efa064100d886a00226058a69b76ca7257feed9df9ef218b9d3ef9
data/real/500/IMG_1667850119724.jpg,0,REAL,500,.jpg,480,640,RGB,2cb11d364f6e6c989e9a645f3f12b959deac84f3822d5a4770f0104361ed3768
data/real/500/IMG_1667850142171.jpg,0,REAL,500,.jpg,480,640,RGB,78aae4b06488cf5b0b5bfcd3f175ce5b29088ac07243fd3c2799a08665a3123d
data/real/500/IMG_1667850245275.jpg,0,REAL,500,.jpg,480,640,RGB,e08450b38089a7472478a20ff9c44e613e96589595a0d17fc34c3a69999f9fab
data/real/500/IMG_1667850274447.jpg,0,REAL,500,.jpg,480,640,RGB,6da327ae4083e3218e3a30ac0b3ea4d892294029cba39e3ab1bbb3c7fa84625f
data/real/500/IMG_1667850308891.jpg,0,REAL,500,.jpg,640,480,RGB,167fda6c6a73405ecbc78adbc3f7d15e4c355e6423b7da91fe3e2399555769e8
data/real/500/IMG_1667850318073.jpg,0,REAL,500,.jpg,640,480,RGB,72a6b7fe30114d2f9c1bb482553d579819423f53cbec884344676a2b0b58831f
data/real/500/IMG_1667850349936.jpg,0,REAL,500,.jpg,480,640,RGB,52d9f6669f940417f87cb98b835bde230fcc5dffea91e7f8125bc94e9310d746
data/real/500/IMG_1667850387741.jpg,0,REAL,500,.jpg,480,640,RGB,0687e5ff10a4916837283c45917b55f26300cae83b49e1a844e51e68a450c17e
data/real/500/IMG_1667850440645.jpg,0,REAL,500,.jpg,480,640,RGB,47a1ca80df8c5bc172c8a042ddf8797da15ebebeee4fa961dfd0988f45550e94
data/real/500/IMG_1667850459163.jpg,0,REAL,500,.jpg,640,480,RGB,b9a5453bc98f43e6589dd390a143bb2bc62a17d9262bd6b09c60b0c78ad67b42
data/real/500/IMG_1667850543363.jpg,0,REAL,500,.jpg,640,480,RGB,6e1c99941d3c296146bbfeda3cee4df23067b2806a2d149c1ffa49a1b82a74e1
data/real/500/IMG_1667850562244.jpg,0,REAL,500,.jpg,640,480,RGB,5642c25a9b3d320ad7c4644def869fff46d37704eb729009c24d6aecaa5e253d
data/real/500/IMG_1667850591057.jpg,0,REAL,500,.jpg,640,480,RGB,ac325e7d5d387aaabd4da6eb16dc9cac3bcfaa810606cf8ad5aef0cab2b3566c
data/real/500/IMG_1667850601332.jpg,0,REAL,500,.jpg,640,480,RGB,72dd5176eaca57d69cbcc3bedb5740db5516b9fecc730f9973aee8161dfe0dbe
data/real/500/IMG_1667850666893.jpg,0,REAL,500,.jpg,480,640,RGB,ea13c62e1429ddf7a31ab79817e5d4252dc8b7685342e7597f9d908ace9b8031
data/real/500/IMG_1667850682383.jpg,0,REAL,500,.jpg,480,640,RGB,8150bf123452c3d769782c209e98a9c296484e6fcba82c5f07239f3b942d2ed3
data/real/500/IMG_1667850746803.jpg,0,REAL,500,.jpg,640,480,RGB,c2e78c12fdd6d4fca08988b52fa040970e8b157a643dee1fc5a387fc7744edbd
data/real/500/IMG_1667850756432.jpg,0,REAL,500,.jpg,640,480,RGB,97947f87cd1eb0a267bdd31eccbb931327e235e48057554dc16b55e1ec63040c
data/real/500/IMG_1667850998078.jpg,0,REAL,500,.jpg,640,480,RGB,23eec3de491520233f6f6a71e10e757b1225a0e24158d7a541e4791928ff6775
data/real/500/IMG_1667851017456.jpg,0,REAL,500,.jpg,480,640,RGB,3509e463ae2d713d8878e2c61d72c874cd1c730beeed7558ba885a39175220d1
data/real/500/IMG_1667851031365.jpg,0,REAL,500,.jpg,640,480,RGB,0f8febfe6fd03c06108ad3ff1e924ad9abbd91984324e2e6419198f655fab979
data/real/500/IMG_1667851126018.jpg,0,REAL,500,.jpg,480,640,RGB,7384b127d6d59a24895890a33d5aae0771923a0b5f12effa758447c1b8d286a6
data/real/500/IMG_1667851140583.jpg,0,REAL,500,.jpg,640,480,RGB,20e387ade994d645196fddeeeee7320ab9e2a966af3ec48dcbaf39b4133c610b
data/real/500/IMG_1667851157095.jpg,0,REAL,500,.jpg,640,480,RGB,5fd62dc9a4afdb26eca6bbe6cc524683bed31bd48409b9d2a3052b632134160a
data/real/500/IMG_1667851177412.jpg,0,REAL,500,.jpg,640,480,RGB,f7c85f2adb992bbc196e839f513ace5651991c8cf6f57ba17b3c2c106d64987b
data/real/500/IMG_1667851188045.jpg,0,REAL,500,.jpg,480,640,RGB,4b6f450e281198804f0f9d4a7633b88865619e788af141479a6e3c843bda2057
data/real/500/IMG_1667851212189.jpg,0,REAL,500,.jpg,480,640,RGB,24ae6fe4b70e6076f2451624ee74fc927391dcc44d11b73d0553b7a4a1faedc1
data/real/500/IMG_1667851220331.jpg,0,REAL,500,.jpg,640,480,RGB,be2ba7fa414d16d10625e404dc7d33cd1b6d22dc1900b0b41892c92692be743e
data/real/500/IMG_1667851231931.jpg,0,REAL,500,.jpg,640,480,RGB,0098b81c9f1e60daeea3e4d4c4eae8ade4a32449f62811a64fd8056b5784b8fd
data/real/500/IMG_1667851239744.jpg,0,REAL,500,.jpg,640,480,RGB,62dbeeebe046f62d7364607175900b6213f1cf7fe89bfa35445fa728336f914b
data/real/500/IMG_1667851269738.jpg,0,REAL,500,.jpg,640,480,RGB,dd8abbdf4b58d2e595c397b9c2383ebb37d29585c586c67864bcb35d0f3afb25
data/real/500/IMG_1667851280878.jpg,0,REAL,500,.jpg,640,480,RGB,5ca04a85f748449dafacd58fafa87e34c769f54b5e5636bef0f09d04e7237960
data/real/500/IMG_1667851538134.jpg,0,REAL,500,.jpg,640,480,RGB,705f7e71b7c56d935cbcd0a56bfd39d8d1b4c3a1ca4caee4ad9bd853cd76df78
data/real/500/IMG_1667851558300.jpg,0,REAL,500,.jpg,640,480,RGB,aa0666cd81fb6bf8811e49fd1f30a0ecfea5fa2247b6d30baeef64f3c224a5af
data/real/500/IMG_1667851741422.jpg,0,REAL,500,.jpg,640,480,RGB,37d5db055b02993ab65a3454af004f1f23152fcc91564cd2594d64e102ea66e2
data/real/500/IMG_1667851768697.jpg,0,REAL,500,.jpg,480,640,RGB,c501b96ff34387f7fa81d291365267762f5ca2ed09a916047c2ac3a4fad18141
data/real/500/IMG_1667851919697.jpg,0,REAL,500,.jpg,640,480,RGB,c22e019c2ca1951fd4ee7814a02f3778505623b7860a5048a2440bfb0fa296a7
data/real/500/IMG_1667851996419.jpg,0,REAL,500,.jpg,640,480,RGB,d515c7210e4cc68ed43e8bdb39085e0112146626d385023cab30dc25da251995
data/real/500/IMG_1667852061508.jpg,0,REAL,500,.jpg,480,640,RGB,e996ccc6276ae8d6f54272dbe896dfcae734b0481643684f37311897e49090a9
data/real/500/IMG_1667852086980.jpg,0,REAL,500,.jpg,640,480,RGB,2ad10b573c1108a06c732888cf6d35f95aeec445c961bb9b162797b03414b538
data/real/500/IMG_1667852101106.jpg,0,REAL,500,.jpg,480,640,RGB,9382f93bbd00d9a33c18877124e65171a355cf3317ca5d1031932f122a184361
data/real/500/IMG_1667852158156.jpg,0,REAL,500,.jpg,480,640,RGB,d02c60b56b284f8d0b55fa3a6da6d64eb19fce48d527d79e61b734a28b540d0c
data/real/500/IMG_1667852205215.jpg,0,REAL,500,.jpg,640,480,RGB,8de87f77ca7a120e243ffd905dff73e6106e32540fd887767c4c4f80a3acbac9
data/real/500/IMG_1667852223783.jpg,0,REAL,500,.jpg,640,480,RGB,2f0898e3a5ba68881719b10c98ef3c1ef115cb9757a62a34b68a2fc9850b3578
data/real/500/IMG_1667852266885.jpg,0,REAL,500,.jpg,480,640,RGB,1fe04720c4bf77fc0ffecfa659afc269c6b6a0a89c1db2a30c869a28fa5b8cb6
data/real/500/IMG_1667852312691.jpg,0,REAL,500,.jpg,640,480,RGB,498f6e44f92aea72121551278e945a01a91b20455d7e174bda38ec63a2373569
data/real/500/IMG_1667852393166.jpg,0,REAL,500,.jpg,640,480,RGB,3ae3a6053d156510284f82ee72904d344251590719c05aca91a00b8075f7c621
data/real/500/IMG_1667852402908.jpg,0,REAL,500,.jpg,640,480,RGB,7f5bdbf81ce61a56e65721883679282ef6a34e014da4abd855866b9a2e84be3e
data/real/500/IMG_1667852417655.jpg,0,REAL,500,.jpg,640,480,RGB,0c7eef8fc7db9614e44037d778c16179611be9a91aea0823140850dbc2025b20
data/real/500/IMG_1667852486902.jpg,0,REAL,500,.jpg,640,480,RGB,0fc1fa3cb640589c480fe42d6c0b7906cef5b33c558ac2d02b340826b97cd575
data/real/500/IMG_1667852508965.jpg,0,REAL,500,.jpg,640,480,RGB,c31d9794d63c00f2fb4c0044ae629587b63e559472784d88a5588cbe7c2d494a
data/real/500/IMG_1667852585608.jpg,0,REAL,500,.jpg,640,480,RGB,e03a09e6c7c4006b20abb8eff3370027d1c44e41e23a62ef0a9105f32a4dbef5
data/real/500/IMG_1667852630110.jpg,0,REAL,500,.jpg,640,480,RGB,ba48050e8656c95303c14b919e66e1aaf0c42be4f7de9f1f9f1c553aa3d0aaf6
data/real/500/IMG_1667852645398.jpg,0,REAL,500,.jpg,480,640,RGB,19c2689b40c0e8f48be201acf860af9795b62428df0d973ea83f04278d027fab
data/real/500/IMG_1667852735983.jpg,0,REAL,500,.jpg,640,480,RGB,f0d9084cc2f1448fa0e35327650ce54248a4606806af206513b542699c876da1
data/real/500/IMG_1667852865723.jpg,0,REAL,500,.jpg,480,640,RGB,4dfbb2403269f908a125965e20e7f9b50da2571a1f4decec5f1352c5a4c18484
data/real/500/IMG_1667885769466.jpg,0,REAL,500,.jpg,640,480,RGB,fc12003d047f51430e63553abe5f75cb6b7cca39ff6de463b5dbc08db8bcaf9c
data/real/500/IMG_1667885786472.jpg,0,REAL,500,.jpg,640,480,RGB,ac842c6f49c01f97c05e9921c00dab1916042e9a44667c0c0416303514d1fedd
data/real/500/IMG_1667885869368.jpg,0,REAL,500,.jpg,480,640,RGB,7e6cc5807113916df6493fb1329da20b8e4c30b353b73a85c2ec073039891f4f
data/real/500/IMG_1667885954903.jpg,0,REAL,500,.jpg,480,640,RGB,9a6dbe27aeeaf3e272105aa5086bba8b64c425683d1b3e3b13153582780f8a06
data/real/500/IMG_1667885997662.jpg,0,REAL,500,.jpg,640,480,RGB,2cc9d6769cee35cdecb7adb9b0a763ae6ced9a93b4ed4af5fe52c37d64fb0ef4
data/real/500/IMG_1667886031412.jpg,0,REAL,500,.jpg,480,640,RGB,4f0f4b5c189483c3b11c660b24853570ea23f1c0376e9ed38f467479448a85d1
data/real/500/IMG_1667886125916.jpg,0,REAL,500,.jpg,640,480,RGB,b7ba52992fdbe930c9f75084d0b8b6aedbd8c2b27ca2c03599defd2572c28f64
data/real/500/IMG_1667886179503.jpg,0,REAL,500,.jpg,640,480,RGB,4eaff38736da728f136625a80971b3ebcee4f9b398db317fcd8cea79356dadb1
data/real/500/IMG_1667886197717.jpg,0,REAL,500,.jpg,480,640,RGB,b2074c50b48295dcdbe74d695117aec7f68c623d842cab34fcb7b8642c4af5e6
data/real/500/IMG_1667886228757.jpg,0,REAL,500,.jpg,480,640,RGB,79535b06e75c87f22723eb9eb6d4a5888a67814cad19ebe6fc6174aa3a7689a4
data/real/500/IMG_1667886267871.jpg,0,REAL,500,.jpg,640,480,RGB,afba582b438d9d66d97bbdc50d1df7f5f0ba5bf59c0a843b83bd9ac490791f35
data/real/500/IMG_1667886292808.jpg,0,REAL,500,.jpg,640,480,RGB,d4abaec5b3cf4f61dc3e05f5a8efd82f255674d52ff754df000f779d5a40493b
data/real/500/IMG_1667886301947.jpg,0,REAL,500,.jpg,480,640,RGB,26e6ed231071846110ac6af64d765765446dcd5d85545ea03801a3c31c16c00e
data/real/500/IMG_1667886479083.jpg,0,REAL,500,.jpg,640,480,RGB,680bf66ac33f1a725311348b34c2bdef54369084df5b4694de826c9a1f0a3dfd
data/real/500/IMG_1667886489803.jpg,0,REAL,500,.jpg,640,480,RGB,2fcaf0a40048ab1749734b075522f8b77e64b324b19e5228c03b593c4e48e8f2
data/real/500/IMG_1667886503062.jpg,0,REAL,500,.jpg,640,480,RGB,6df9b1e5ae03a424cc80185777e0929af2f977604c6f6c97424e51d92db2497f
data/real/500/IMG_1667886532899.jpg,0,REAL,500,.jpg,480,640,RGB,e0b0eea93ca70c5c9ddea48b598c7f1d7f7942fe3e2e10d88dde22f9358de54c
data/real/500/IMG_1667886543567.jpg,0,REAL,500,.jpg,640,480,RGB,3052836fe8390eaeaf54faf179d087cb6095024ee52dfa9c5f529361102a1805
data/real/500/IMG_1667886608400.jpg,0,REAL,500,.jpg,480,640,RGB,87be2cd0b0db5e5b5d899305cdf308b7ee9b58d4badd97657ae0b18b87b433e1
data/real/500/IMG_1667886614359.jpg,0,REAL,500,.jpg,480,640,RGB,19dd4d306ae42dde8279cd92c22bf67216fc80aba85ba0e899e8d26afa0d217c
data/real/500/IMG_1667886622799.jpg,0,REAL,500,.jpg,640,480,RGB,1c57f1c540a0d7fc7b1cafbe73ba03537637c4b64e9c2f537b2e39f6bd622829
data/real/500/IMG_1667886632033.jpg,0,REAL,500,.jpg,480,640,RGB,cedc347b588957cd6f062bc0234564f4aecf96ef8e0af0613cf3e6e7bf4e85cd
data/real/500/IMG_1667886644926.jpg,0,REAL,500,.jpg,480,640,RGB,477c02d57f0954424a90a9b80035e8b893e63ee373085541a8fb7a792d15c779
data/real/500/IMG_1667886651792.jpg,0,REAL,500,.jpg,640,480,RGB,6d19aed69216f5c015fde8c7f88ec7f838ea91bc1519ce173fc960a3ad54dbbf
data/real/500/IMG_1667886669380.jpg,0,REAL,500,.jpg,640,480,RGB,2246b028b2030a3421ed298be1ac1eea66cb416dd7a6889dcaf615f42c21e187
data/real/500/IMG_1667886761880.jpg,0,REAL,500,.jpg,640,480,RGB,e9797b9c6acf97500308341a19b908badb50b8f3c95712405d6f00fc3507305f
data/real/500/IMG_1667886791930.jpg,0,REAL,500,.jpg,480,640,RGB,e18f3bd20d5ee586be59522128cdf3ed734e4040e7a93e0ab5057b2f49f055aa
data/real/500/IMG_1667886831546.jpg,0,REAL,500,.jpg,480,640,RGB,3f3f890445765205d60f254f582b53f27ca435f6cea60701192fbf1437995419
data/real/500/IMG_1667886839879.jpg,0,REAL,500,.jpg,640,480,RGB,ce0331a4987f68d32c9c569abf7ab8c5fda8957e1f9d6915ff99ff659c8b8a57
data/real/500/IMG_1667886849148.jpg,0,REAL,500,.jpg,640,480,RGB,8629012200f86a95e918faa0103800ea486a0695aad23d7d2dcc563bf6272512
data/real/500/IMG_1667888763445.jpg,0,REAL,500,.jpg,640,480,RGB,a37a5667a237ef601eca1c310ef144271afa670a4e98902d2317971f0a6788fe
data/real/500/IMG_1667888769930.jpg,0,REAL,500,.jpg,640,480,RGB,95df51dd477804497d50e71fc90b7d8a707f095126767026e431f74dbb1cbefd
data/real/500/IMG_1667888778334.jpg,0,REAL,500,.jpg,640,480,RGB,373f0deb85f159da4b85cddd69fa8de983c06fe4cf118f4699fa5f994fbbacc4
data/real/500/IMG_1667888821634.jpg,0,REAL,500,.jpg,640,480,RGB,4d9c2e53297c656bb6b5c190e550e4206ddadc9ba426fcf4b7a3c963151e13b7
data/real/500/IMG_1667888843637.jpg,0,REAL,500,.jpg,640,480,RGB,0099d1fd2b7ab3ef2f8ce96c383977acbecf6cdfe47e084c42e9f67add86e9b9
data/real/500/IMG_1667888883526.jpg,0,REAL,500,.jpg,480,640,RGB,142fc7d6920023096004ef18e0138e3d260919e139dee8a2cc34d8f60bdad798
data/real/500/IMG_1667889004084.jpg,0,REAL,500,.jpg,480,640,RGB,9812852aed457ecb999f0d001c4e810e9ee1394d01abded742f6b7d1ddebfca2
data/real/500/IMG_1667889058831.jpg,0,REAL,500,.jpg,640,480,RGB,6cdf5c1859f3ed5321ec8f90b31838195ffe65f913ca2863afc338546c48b12d
data/real/500/IMG_1667889095507.jpg,0,REAL,500,.jpg,640,480,RGB,ca05724a9c2e8ab1de4c3162e1783b1ade5eef11d8bd76cb691c938520c26420
data/real/500/IMG_1667889111639.jpg,0,REAL,500,.jpg,640,480,RGB,8955637a0940e9655fe33bef4c1b9161272d5630ac775e9c151a23d5ef676785
data/real/500/IMG_1667889138084.jpg,0,REAL,500,.jpg,640,480,RGB,0175c09e5bd6eb65513de2ea33ac9d3fce46ee00be6729edfec6d81e804af915
data/real/500/IMG_1667889262783.jpg,0,REAL,500,.jpg,480,640,RGB,e28f15e67db0c4d7bc49c4e5a78a4181e4cca4a8c8f7b9eccb2197aa0470c5fd
data/real/500/IMG_1667889319792.jpg,0,REAL,500,.jpg,640,480,RGB,e16893bba0d614fba161937846677ca27b97977043086a881f806fd11dfc8494
data/real/500/IMG_1667889354587.jpg,0,REAL,500,.jpg,640,480,RGB,bd163238f22a774d0a17e585f734efb2bb42af98e19a18b9b7e2240637503ea4
data/real/500/IMG_1667889464177.jpg,0,REAL,500,.jpg,640,480,RGB,c3f36261a134ff96077d2af53df9c2593b5fc0c652eaed23e1ecd4dbab94d3a6
data/real/500/IMG_1667889567944.jpg,0,REAL,500,.jpg,640,480,RGB,62d747acae2b87da6713374da982cb43c4844761f2a88744776f5b9601d5d109
data/real/500/IMG_1667889594328.jpg,0,REAL,500,.jpg,480,640,RGB,9799dcec65165996e0724988c4696178fc754120617be5560f5907ad253c883b
data/real/500/IMG_1667889614252.jpg,0,REAL,500,.jpg,640,480,RGB,2093f9d2c2a17243d36f91ff21019e2da8e565439092ca159b640ab52a622404
data/real/500/IMG_1667889666210.jpg,0,REAL,500,.jpg,640,480,RGB,2673b0303b3e393b4f5a923230af0443769fca0396308c653116acaf176af8cf
data/real/500/IMG_1667889681721.jpg,0,REAL,500,.jpg,480,640,RGB,ef93a6bf946834791b780fcbb716765284d0c985053784fa857d5f8f66a9fc6f
data/real/500/IMG_1667889902186.jpg,0,REAL,500,.jpg,480,640,RGB,f0768f595537d3ed5518fac4510074ef040e2420686806ea1652ce02210a7743
data/real/500/IMG_1667889921076.jpg,0,REAL,500,.jpg,640,480,RGB,9e9daf82a6505b496c71cf6b565f68cbd29753c738e30d1e9ebc3de39c031a99
data/real/500/IMG_1667889934301.jpg,0,REAL,500,.jpg,640,480,RGB,ff6da02ee82ddd13be45047d56869ac39314e615a851c4892ce6b37290ee145c
data/real/500/IMG_1667890065731.jpg,0,REAL,500,.jpg,640,480,RGB,2551f6b2740165addbc2fe5a5318e2c59dc23bd60dc7d0e208c88f805ab3ef4a
data/real/500/IMG_1667890109602.jpg,0,REAL,500,.jpg,480,640,RGB,34de0e6dd70cd994e78a43c3d134ce7b4729e197b3d7a6951c6a2e0d7d63870d
data/real/500/IMG_1667890112646.jpg,0,REAL,500,.jpg,480,640,RGB,83b1dca49b2bd516f552e41199675d93306698c64430eab0b050d49c62bfb20a
data/real/500/IMG_1667890168310.jpg,0,REAL,500,.jpg,480,640,RGB,117857f194f34b0b3e91bc50fb3cc801bcb3e14c339274a2e91e458c75a651ac
data/real/500/IMG_1667890184272.jpg,0,REAL,500,.jpg,640,480,RGB,076ded94a3125be5e6bfbebcb3562e80ee778b8bbc5bc5811d9303a63d48d455
data/real/500/IMG_1667890194908.jpg,0,REAL,500,.jpg,640,480,RGB,210d1b507a01253be8b2bcf8477d5ca4abe4793b51b9f129222a725cdab00cbb
data/real/500/IMG_1667890201120.jpg,0,REAL,500,.jpg,640,480,RGB,36719d3e3ec6b119e63234c5bab96e8d6171a63bd6607cbfe444edec0a0c5155
data/real/500/IMG_1667890217208.jpg,0,REAL,500,.jpg,640,480,RGB,3f46935ca2ed4abcc1d237fc6e0a13c06c7bf73c918b1886eeb4e27ceb6452a4
data/real/500/IMG_1667891111846.jpg,0,REAL,500,.jpg,480,640,RGB,3e3fb97233ee6e09fd2ed594c2e1c5afed5490fb63757757232ca01a852a8b83
data/real/500/IMG_1667891117496.jpg,0,REAL,500,.jpg,640,480,RGB,700a105f591430b855143d286c3d24e20aede03d247535ccbd6033971e7f92ab
data/real/500/IMG_1667891131900.jpg,0,REAL,500,.jpg,480,640,RGB,d1dccb29014a2044a6423b0eb9873ea81919e2bb4b6f881e93ca274cad24ddf7
data/real/500/IMG_1667891138776.jpg,0,REAL,500,.jpg,480,640,RGB,3347bf4fa4b1836d7439a5f770493448f9d515da2e3ecccf7f022de9a79bf3cc
data/real/500/IMG_1667891144369.jpg,0,REAL,500,.jpg,640,480,RGB,8ee2c489a012db1f75b875c0e06efc105edebcf47e3f310110fc42f66269624f
data/real/500/IMG_1667891150270.jpg,0,REAL,500,.jpg,480,640,RGB,8c384f6c8d89681fcf1eee68823ffad0d61c496468c2189878ca47240648b28a
data/real/500/IMG_1667891160630.jpg,0,REAL,500,.jpg,480,640,RGB,8d3d9d1451d8cb7666919c0dcd30790d323e0e23ba742d2308b42dacac33db5f
data/real/500/IMG_1667891172371.jpg,0,REAL,500,.jpg,480,640,RGB,e220731f8714cb3a19f87c29e48b29e0889df5a4d7bd72be8cddd91efab83ba0
data/real/500/IMG_1667891178200.jpg,0,REAL,500,.jpg,480,640,RGB,5c20ed44e50f1be383ecf1bb6a0925e3c4e63a2e380637b33af3fd9cf9673591
data/real/500/IMG_1667891195919.jpg,0,REAL,500,.jpg,480,640,RGB,efec55edccb7cdd8e6027e616c0d0bce4ae50d38117e2c997079dd5cd95e60ec
data/real/500/IMG_1667891202227.jpg,0,REAL,500,.jpg,480,640,RGB,fcc190b2d60b9c52db24915e98e42a879538c4d481957b98b6f96f61c3bc5397
data/real/500/IMG_1667891212709.jpg,0,REAL,500,.jpg,640,480,RGB,cd6cb134c03d4d4effb85dd910d5cbdbd3eb507ac0047b22801bb3c433a13ce3
data/real/500/IMG_1667891218604.jpg,0,REAL,500,.jpg,640,480,RGB,9f07bab898acfe69d279f2986c69c0ee6ef12cc0aa5363a364e9cbdef9a44562
data/real/500/IMG_1667891223500.jpg,0,REAL,500,.jpg,640,480,RGB,22fae0358c073985bd756ca68101fb11bf020869a64b25581fbd413a93bdd5ee
data/real/500/IMG_1667891240569.jpg,0,REAL,500,.jpg,640,480,RGB,5f7ef2e8b8f2bc3e076bc16deb37d9a8276c1ae250b3f78716b847c1112ff03c
data/real/500/IMG_1667891251703.jpg,0,REAL,500,.jpg,640,480,RGB,ebf32ef9f440bd7e79d66ca9080a07eb3bc70902c296062ef6e3306ae561f99a
data/real/500/IMG_1667891259985.jpg,0,REAL,500,.jpg,640,480,RGB,fe1323846dca917a338a1b53e589692cd8869fed149f727204453210df1055d7
data/real/500/IMG_1667891280217.jpg,0,REAL,500,.jpg,640,480,RGB,0b21cbbd42da4feaeae04fce83b469d90f40b44ce001e49fb0c8c5c4414cf22d
data/real/500/IMG_1667891364393.jpg,0,REAL,500,.jpg,480,640,RGB,8e63019d8bb6e5e9f0b5fce0b7e98aa223e801f12618b9d245821345ae68f7da
data/real/500/IMG_1667891374634.jpg,0,REAL,500,.jpg,640,480,RGB,6e9147731c7b226e2d8edd5258ac8af3557f674ed43d567eae8d9606feab4a3b
data/real/500/IMG_1667891516726.jpg,0,REAL,500,.jpg,480,640,RGB,7a8157f8aaace00962e05bf16dd982542d28b8dea7e045082cc12937761d6d7b
data/real/500/IMG_1667891543802.jpg,0,REAL,500,.jpg,640,480,RGB,e97c25ad97586f72bcb666a9d776ed77657a58ace23aebb2fbf4441bf3e5b449
data/real/500/IMG_1667891556708.jpg,0,REAL,500,.jpg,640,480,RGB,154b7f59172e192c72987ac91ca6fdbf1a562efb94f75a02d9a98ed9ecb48c0e
data/real/500/IMG_1667891601631.jpg,0,REAL,500,.jpg,480,640,RGB,3a748ecda057607e130ffdea3b0cde53c355937f98e371e65e509e8049e13215
data/real/500/IMG_1667891641306.jpg,0,REAL,500,.jpg,480,640,RGB,a635b5db2939eeca0fcd529610bf77fcb33e375db7c2cf3570706e9c6014c387
data/real/500/IMG_1667891653904.jpg,0,REAL,500,.jpg,640,480,RGB,638c746ca1259a209f48156927a28b1e8c52617396a6b7c40ee2ddb1cd3ea383
data/real/500/IMG_1667891661969.jpg,0,REAL,500,.jpg,640,480,RGB,13a005db7714f4b5c4f56c39f1290dd2652eb96652499bb199971106c5d0bba4
data/real/500/IMG_1667891675736.jpg,0,REAL,500,.jpg,640,480,RGB,97de8a8ac76f8cef79fc9f0a1cf570843cfb9627224754da021278b0b293dae3
data/real/500/IMG_1667891697063.jpg,0,REAL,500,.jpg,640,480,RGB,48a991bb3d463b83a4153399345e7140d2bea9bd05c4ffa65ff810d6a78698ec
data/real/500/IMG_1667891717692.jpg,0,REAL,500,.jpg,480,640,RGB,bda3dc11879c673a4461f05e51345adb2ba44b8511f9583644bcdd0560c4d558
data/real/500/IMG_1667891725917.jpg,0,REAL,500,.jpg,640,480,RGB,d1f523bfc11908f947c659ee54e131b5a6f788c5862aa5c72587b30f1f7f24d5
data/real/500/IMG_1667891762361.jpg,0,REAL,500,.jpg,640,480,RGB,832aa938ee2016d5aeffb1fb2cca33dfa1e2f03a56e9ea21e219758de8e84eff
data/real/500/IMG_1667891796856.jpg,0,REAL,500,.jpg,480,640,RGB,e649debff0dfd0b4a7afd30d78c54d1d6b5433b7fc0daaa9d60bf041283c7631
data/real/500/IMG_1667891882052.jpg,0,REAL,500,.jpg,640,480,RGB,4862e0fe3f2392621f38ab4f298796ca9e87c3b29280e99a21f318465825f7fd
data/real/500/IMG_1667891888779.jpg,0,REAL,500,.jpg,640,480,RGB,7235dd32994dd272f633decaa1204baf18d8313136f6b818914d1290c694a36a
data/real/500/IMG_1667891894394.jpg,0,REAL,500,.jpg,480,640,RGB,7c98aff42ccd0994aca20c81269dfe663b2371c6411c9012268ec6ebd64392a5
data/real/500/IMG_1667891898397.jpg,0,REAL,500,.jpg,480,640,RGB,7f7304b96a0bc9def2d1aab676799f4b81033c9bbe0412922443f1309b64aa22
data/real/500/IMG_1667891906838.jpg,0,REAL,500,.jpg,480,640,RGB,9eba85d475908c7f9adc1e84641db94c234560f917bde9e417299697ca6dec4b
data/real/500/IMG_1667891924771.jpg,0,REAL,500,.jpg,480,640,RGB,408b9056bf4b700d05e075d02788bd9a4a6d3837cda301311c1ef7dff0c86e17
data/real/500/IMG_1667891929233.jpg,0,REAL,500,.jpg,640,480,RGB,c5430d26b87e06cc4dfc54768c8051ed1ce1061e51b51e19a94d0ae306c4531f
data/real/500/IMG_1667891935867.jpg,0,REAL,500,.jpg,480,640,RGB,c09b4e77c6f1c7ea0336727621447fcbe0950d83a38e750ec86895016f230632
data/real/500/IMG_1667891941842.jpg,0,REAL,500,.jpg,640,480,RGB,093204fcd83b0ef07885b7e8887bbf1ec0a2fd62394cca18dfbc940471f0a173
data/real/500/IMG_1667891950745.jpg,0,REAL,500,.jpg,640,480,RGB,3dc84fa39703d88c1b1f803aca6f99a3b67d465fb854c014303a7b2a3b387a54
data/real/500/IMG_1667891959331.jpg,0,REAL,500,.jpg,640,480,RGB,414db5f184a00e2dd643f20332039ff1b9f96bab9fc2600cb5ce04a82948d105
data/real/500/IMG_1667891964479.jpg,0,REAL,500,.jpg,640,480,RGB,3a176340d14e24c3b7fe1f1faa8118958cf0472b069823cb8d1e22e4d75dbb6f
data/real/500/IMG_1667891970789.jpg,0,REAL,500,.jpg,640,480,RGB,7dd8255962f3e019f90be5ee7f68f612885d597cdfef3406990db7a6c3ac94b5
data/real/500/IMG_1667891986351.jpg,0,REAL,500,.jpg,640,480,RGB,2fce634fc6a4da2b5dbfa01aefb2c5b5e103a01bbd5fdde533055c8b53360427
data/real/500/IMG_1667891990667.jpg,0,REAL,500,.jpg,640,480,RGB,8402d783ee4cefda56e1bd55e2f7fdc9a5be002c23b5be0d4b399fa2648636f0
data/real/500/IMG_1667891997164.jpg,0,REAL,500,.jpg,640,480,RGB,a1757fa3f018a00524f46e7b448e927e627b94859db79efef0938bc07ed24ec5
data/real/500/IMG_1667892002654.jpg,0,REAL,500,.jpg,640,480,RGB,1fec0b7447716c5012a417d44f101c6789763a1541864dcdd58b047cbff9e740
data/real/500/IMG_1667892018182.jpg,0,REAL,500,.jpg,640,480,RGB,99797e68903bed7caa7f765f0cc083e83d6c75c9bd95217d8133090483441ec8
data/real/500/IMG_1667892023466.jpg,0,REAL,500,.jpg,480,640,RGB,e915e5e5e2ec2021e2ab9389bae15360c65d09dc27505926835f06d31a2d2d6e
data/real/500/IMG_1667892030284.jpg,0,REAL,500,.jpg,480,640,RGB,2f3d65000c83be0dbb503c127b58aa2d72be901721e196d19b74f85a590ac5cb
data/real/500/IMG_1667892044422.jpg,0,REAL,500,.jpg,480,640,RGB,791581385b002e969a6244dec3461dd172e269f972efbeb6f57b49495cd9b737
data/real/500/IMG_1667892085365.jpg,0,REAL,500,.jpg,480,640,RGB,f42f54630188aa36850d92552d4840578545d79e555665c01ca374d876417444
data/real/500/IMG_1667892091430.jpg,0,REAL,500,.jpg,480,640,RGB,a71e20f40f4c7ae0733cdf06f60fbb7baab84e727c4197cdaa2a3d064600cf77
data/real/500/IMG_1667892097832.jpg,0,REAL,500,.jpg,640,480,RGB,6c0da1a0a130917c03083075bdf597566c6c9840499ef1dd49ae10f8fc226d33
data/real/500/IMG_1667892112842.jpg,0,REAL,500,.jpg,640,480,RGB,5959d2b18f4a5d51bd70d74fc0af3d01b4be380ac3ffb6d7ec9bb761afbef046
data/real/500/IMG_1667892121612.jpg,0,REAL,500,.jpg,480,640,RGB,e08e9c7b65cb298913c22214b0f435e64127e2270b3157893a835507d6e4ebf2
data/real/500/IMG_1667892127621.jpg,0,REAL,500,.jpg,480,640,RGB,d78adf446a1a41de1652f315d55ccf676b1019238be18efd6e28837d30aaf83e
data/real/500/IMG_1667892134338.jpg,0,REAL,500,.jpg,480,640,RGB,8451b2e70e0cf1b3b2311d4997173c53c6b262752a3f16beaf15afef01ebf280
data/real/500/IMG_1667892143572.jpg,0,REAL,500,.jpg,640,480,RGB,fb93da5bfaca26403695491b21c4e76dce58ea798c4160df1c94a6bcdd0b6a29
data/real/500/IMG_1667892149988.jpg,0,REAL,500,.jpg,480,640,RGB,9041a00e71059034a82814822af69a4b11e01df09fbfcccbfd37b09e6d09c7aa
data/real/500/IMG_1667892154470.jpg,0,REAL,500,.jpg,640,480,RGB,63c7f26a602407959732f2cdc0d0a2a6ed991cee61c9df434f084c876ffede1f
data/real/500/IMG_1667892165662.jpg,0,REAL,500,.jpg,640,480,RGB,6f0102b203786ab31e379da2cdaff177a28e42b94bc7200493555d22b1d883ac
data/real/500/IMG_1667892178936.jpg,0,REAL,500,.jpg,480,640,RGB,baec13103625cc23d5eede8670bc87806b06b697fe5c3790a4a57b1546615eee
data/real/500/IMG_1667892183702.jpg,0,REAL,500,.jpg,640,480,RGB,e2d40ffc93fbd1f44f0d9f7608cb6193ce546cdab74e84424367c8663bd25874
data/real/500/IMG_1667892192205.jpg,0,REAL,500,.jpg,480,640,RGB,bcd578ed40a7c3ef3d4f4c8d07dbf2e5e8020c6a8abb3b7c789e4fbcfaab22fb
data/real/500/IMG_1667892204725.jpg,0,REAL,500,.jpg,640,480,RGB,859bec52fd0deb88fb287f6cb961f38f2f1ced5aaccce13ab2281d38fe337d0b
data/real/500/IMG_1667892211311.jpg,0,REAL,500,.jpg,480,640,RGB,cc3cfecc50286f7a697dc2e62f90d40baaedfa3392659d4dadc5b95791634eea
data/real/500/IMG_1667892216019.jpg,0,REAL,500,.jpg,480,640,RGB,783e108a4547957f7bdfb70a08d9f465d0dcbf8a7676095e1602c57fd7128532
data/real/500/IMG_1667892221927.jpg,0,REAL,500,.jpg,480,640,RGB,7eaa9138c63718ad83bb9bde803a60061c532c7b63c44b79c8130e8c9d0fdab2
data/real/500/IMG_20180120_122640_HDR.jpg,0,REAL,500,.jpg,800,600,RGB,8f154cb9d56f9270fe02b2785a4594051a79eb7f0499bbda3c2c906440753dff
data/real/500/IMG_20180120_122643_HDR.jpg,0,REAL,500,.jpg,800,600,RGB,ced97a8c57c80b0e60722597a1063df52d5710c755bd67103c8b493101520bc0
data/real/500/IMG_20180120_122652_HDR.jpg,0,REAL,500,.jpg,800,600,RGB,ead47a52717525b892f8c629cbeb56bb57e1a1649f76a4e761c02368625e52a3
data/real/500/IMG_20180120_122655_HDR.jpg,0,REAL,500,.jpg,800,600,RGB,eb6ddf0832776915476daa5a44293d4ced48333e6142f83f5eae2db6a3888eb1
data/real/500/IMG_20180120_122701_HDR.jpg,0,REAL,500,.jpg,800,600,RGB,88e361be7fb801df632dad6049c1f5fca5d9cf63993d996f6a9e489c285dfc38
data/real/500/IMG_20180120_122706_HDR.jpg,0,REAL,500,.jpg,800,600,RGB,cd21fd017740b1f87a720de1885a9c7f96e4a436915c742abdda979717cfebd8
data/real/500/IMG_20180120_122709_HDR.jpg,0,REAL,500,.jpg,800,600,RGB,4e9303c62a289925863466115099fab433a996034b263e5061c00ff33a1cc407
data/real/500/IMG_20180120_122712_HDR.jpg,0,REAL,500,.jpg,800,600,RGB,fb32d858556e2bde29f7bb0cd0e08819016b12316c163c3df1c84a974a0eea9c
data/real/500/IMG_20180120_122724_HDR.jpg,0,REAL,500,.jpg,800,600,RGB,82797877d840bfa2346975047b428262e63059aa398f7e350218d8d32e9b79f3
data/real/500/IMG_20180120_122728_HDR.jpg,0,REAL,500,.jpg,800,600,RGB,ea4ac54710aaa6e0384de0661283aff7e0bf544e312b4c11e284a5c56cbb7c55
data/real/500/IMG_20180120_122851_HDR.jpg,0,REAL,500,.jpg,800,600,RGB,002cd98d42b30312ef21f4fa3d7382bd40f668f04eb3bae914063affc3d9aabf
data/real/500/IMG_20180120_122857_HDR.jpg,0,REAL,500,.jpg,800,600,RGB,564d76c7879774060a8d19f8bbe18d496713d2705a7445c97a21348e69305041
data/real/500/IMG_20180120_122907_HDR.jpg,0,REAL,500,.jpg,800,1067,RGB,218ac4d574808cb560931f178e678b51c4d868e8e11406264e4cab631c3ec177
data/real/500/IMG_20180120_122911_HDR.jpg,0,REAL,500,.jpg,800,1067,RGB,cd3a363bccec108c4a7e2bb196672c17cdfeb261794d2b5c1f150117b0295e13
data/real/500/IMG_20180120_122916_HDR.jpg,0,REAL,500,.jpg,800,1067,RGB,d0f9e21cbe6f2008007ab29c8b2c39b2c4810cf6f7e13ab3536ea8a3e4842f88
data/real/500/IMG_20180120_122920_HDR.jpg,0,REAL,500,.jpg,800,1067,RGB,d044ea9f99bec9b7291b8c660fc4e0c7434d1ee863c42bfb1429edfde52be4dd
data/real/500/IMG_20180120_122925_HDR.jpg,0,REAL,500,.jpg,800,600,RGB,e3f865c21ff15d8abbabaded387e0ee939f3689be21382ee1831f275433ff40b
data/real/500/IMG_20180120_122940_HDR.jpg,0,REAL,500,.jpg,800,600,RGB,7622353c5d0d85fb1016711143fe96f11e9217d0da562c70243c12cd3859272f
data/real/500/IMG_20180120_122944_HDR.jpg,0,REAL,500,.jpg,800,600,RGB,3c70ed6c45aa4d6ee12fa77f39a97138f916c7c7fe0ce3fa47c6a80cf3efbc4d
data/real/500/IMG_20180120_122947_HDR.jpg,0,REAL,500,.jpg,800,600,RGB,838dc5b481630d45c00595991571e20f32f3dd8f4b837c6a035289a83b37a83b
